ISO-10303-21;
HEADER;
FILE_DESCRIPTION (( 'STEP AP203' ),
    '1' );
FILE_NAME ('PEWK 3920-5mΩ.STEP',
    '2023-11-01T05:33:06',
    ( 'meks@163.com' ),
    ( '' ),
    'SwSTEP 2.0',
    'SolidWorks 2020',
    '' );
FILE_SCHEMA (( 'CONFIG_CONTROL_DESIGN' ));
ENDSEC;

DATA;
#1 = VERTEX_POINT ( 'NONE', #1978 ) ;
#2 = VECTOR ( 'NONE', #3416, 1000.000000000000000 ) ;
#3 = CARTESIAN_POINT ( 'NONE',  ( -0.6384046876280813354, 0.7599999999999997868, 1.392834421788160748 ) ) ;
#4 = CARTESIAN_POINT ( 'NONE',  ( 0.7673169957751974080, 0.7699999999999997957, 1.464817573644873860 ) ) ;
#5 = ORIENTED_EDGE ( 'NONE', *, *, #3620, .T. ) ;
#6 = ORIENTED_EDGE ( 'NONE', *, *, #368, .F. ) ;
#8 = DIRECTION ( 'NONE',  ( 1.330367829810851939E-14, 0.000000000000000000, 1.000000000000000000 ) ) ;
#7 = CARTESIAN_POINT ( 'NONE',  ( 1.015482916912685996, 0.7699999999999997957, 1.084989620629220441 ) ) ;
#9 = CARTESIAN_POINT ( 'NONE',  ( -0.4996595183055417833, 0.7699999999999997957, 1.431302995125624866 ) ) ;
#10 = CARTESIAN_POINT ( 'NONE',  ( 1.310417347678849209, 0.7699999999999997957, 0.5893601969794540762 ) ) ;
#11 = ORIENTED_EDGE ( 'NONE', *, *, #2814, .F. ) ;
#12 = LINE ( 'NONE', #908, #4405 ) ;
#13 = DIRECTION ( 'NONE',  ( 1.511927730809485547E-14, 0.000000000000000000, 1.000000000000000000 ) ) ;
#14 = DIRECTION ( 'NONE',  ( -0.000000000000000000, 1.000000000000000000, -0.000000000000000000 ) ) ;
#15 = VECTOR ( 'NONE', #1230, 1000.000000000000000 ) ;
#16 = CARTESIAN_POINT ( 'NONE',  ( 0.6310975609756100946, 0.7699999999999997957, 0.5890243902439025181 ) ) ;
#17 = DIRECTION ( 'NONE',  ( 0.7054242694072447861, 0.000000000000000000, -0.7087852990372013329 ) ) ;
#18 = ORIENTED_EDGE ( 'NONE', *, *, #5075, .F. ) ;
#19 = DIRECTION ( 'NONE',  ( 0.7071067811865463515, 0.7071067811865487940, 0.000000000000000000 ) ) ;
#20 = CARTESIAN_POINT ( 'NONE',  ( 1.291211831391000375, 0.7599999999999997868, 1.510679795626615141 ) ) ;
#21 = ORIENTED_EDGE ( 'NONE', *, *, #1899, .F. ) ;
#22 = CARTESIAN_POINT ( 'NONE',  ( 1.152780308925875685, 0.7699999999999997957, 1.245949426989633180 ) ) ;
#23 = CARTESIAN_POINT ( 'NONE',  ( 0.4711681982459989260, 0.7699999999999997957, 0.6357928102497442113 ) ) ;
#24 = CARTESIAN_POINT ( 'NONE',  ( 1.537467484650237415, 0.7699999999999997957, 0.7035280647751621652 ) ) ;
#25 = EDGE_LOOP ( 'NONE', ( #1165, #3139, #4163, #2020 ) ) ;
#26 = CARTESIAN_POINT ( 'NONE',  ( -0.4233149974703652174, 0.7699999999999997957, 1.310798369004404496 ) ) ;
#27 = EDGE_CURVE ( 'NONE', #1292, #1868, #4357, .T. ) ;
#28 = CARTESIAN_POINT ( 'NONE',  ( 0.6376500961620604757, 0.7599999999999997868, -1.344444174494791033 ) ) ;
#29 = CARTESIAN_POINT ( 'NONE',  ( 0.6318688089915143191, 0.7699999999999997957, 0.6880172914037872012 ) ) ;
#30 = VERTEX_POINT ( 'NONE', #3815 ) ;
#31 = FACE_OUTER_BOUND ( 'NONE', #4100, .T. ) ;
#32 = VECTOR ( 'NONE', #3863, 1000.000000000000000 ) ;
#33 = CARTESIAN_POINT ( 'NONE',  ( 0.4469607915844184265, 0.7699999999999997957, 1.143231155084991402 ) ) ;
#34 = ORIENTED_EDGE ( 'NONE', *, *, #3957, .F. ) ;
#35 = EDGE_LOOP ( 'NONE', ( #3939, #384, #3147, #2408 ) ) ;
#37 = CARTESIAN_POINT ( 'NONE',  ( -0.4306485298155433572, 0.7599999999999997868, -1.356522286983777636 ) ) ;
#36 = CARTESIAN_POINT ( 'NONE',  ( 1.431439654878425394, 0.7699999999999997957, 1.481776778436066255 ) ) ;
#38 = CARTESIAN_POINT ( 'NONE',  ( -0.5744429489372778752, 0.7699999999999997957, 1.480376570092419630 ) ) ;
#39 = CARTESIAN_POINT ( 'NONE',  ( -1.014160713550104953, 0.7699999999999997957, -0.6872997684941417607 ) ) ;
#40 = ORIENTED_EDGE ( 'NONE', *, *, #1652, .T. ) ;
#41 = CARTESIAN_POINT ( 'NONE',  ( 3.082842712474619162, 0.2699999999999987965, 2.600000000000000089 ) ) ;
#42 = EDGE_CURVE ( 'NONE', #913, #1535, #3447, .T. ) ;
#43 =( LENGTH_UNIT ( ) NAMED_UNIT ( * ) SI_UNIT ( .MILLI., .METRE. ) );
#44 = CARTESIAN_POINT ( 'NONE',  ( 0.1766575670847862767, 0.7599999999999997868, -1.330211751212933668 ) ) ;
#45 = CARTESIAN_POINT ( 'NONE',  ( 0.9162588738852887049, 0.7599999999999997868, 1.064469353966156273 ) ) ;
#46 = CARTESIAN_POINT ( 'NONE',  ( -0.5470393391602383915, 0.7699999999999997957, 1.152575034076662730 ) ) ;
#47 = DIRECTION ( 'NONE',  ( 1.000000000000000000, 0.000000000000000000, 0.000000000000000000 ) ) ;
#48 = ORIENTED_EDGE ( 'NONE', *, *, #4021, .T. ) ;
#49 = CARTESIAN_POINT ( 'NONE',  ( 0.4397368032010574024, 0.7599999999999995648, 1.447344517896008043 ) ) ;
#50 = ADVANCED_FACE ( 'NONE', ( #3389 ), #4781, .F. ) ;
#51 = VECTOR ( 'NONE', #1021, 1000.000000000000000 ) ;
#52 = EDGE_CURVE ( 'NONE', #4525, #2422, #4730, .T. ) ;
#53 = CARTESIAN_POINT ( 'NONE',  ( -2.416446609406727397, 0.4999999999999991673, -2.600000000000000089 ) ) ;
#54 = ORIENTED_EDGE ( 'NONE', *, *, #4061, .T. ) ;
#55 = CARTESIAN_POINT ( 'NONE',  ( 1.312957317073170982, 0.7699999999999997957, 1.412195121951219656 ) ) ;
#56 = PLANE ( 'NONE',  #4767 ) ;
#57 = ADVANCED_FACE ( 'NONE', ( #1070 ), #642, .T. ) ;
#58 = VECTOR ( 'NONE', #3302, 1000.000000000000000 ) ;
#59 = ORIENTED_EDGE ( 'NONE', *, *, #1317, .F. ) ;
#60 = CARTESIAN_POINT ( 'NONE',  ( 1.481578147177306404, 0.7599999999999997868, 0.9318680891461761373 ) ) ;
#61 = DIRECTION ( 'NONE',  ( -0.000000000000000000, 1.000000000000000000, -0.000000000000000000 ) ) ;
#62 = CARTESIAN_POINT ( 'NONE',  ( 2.449999999999999289, 0.4999999999999997780, 2.600000000000000089 ) ) ;
#63 = ORIENTED_EDGE ( 'NONE', *, *, #638, .T. ) ;
#64 = CARTESIAN_POINT ( 'NONE',  ( -0.5226026010214606110, 0.7599999999999997868, 1.450025666713160355 ) ) ;
#65 = LINE ( 'NONE', #5587, #648 ) ;
#66 = AXIS2_PLACEMENT_3D ( 'NONE', #778, #1777, #4981 ) ;
#67 = EDGE_LOOP ( 'NONE', ( #5051, #4650, #476, #979 ) ) ;
#69 = CARTESIAN_POINT ( 'NONE',  ( 0.2050376051931377119, 0.7599999999999997868, -1.503873276446153762 ) ) ;
#68 = FACE_OUTER_BOUND ( 'NONE', #4549, .T. ) ;
#70 = EDGE_CURVE ( 'NONE', #407, #4735, #3501, .T. ) ;
#71 = CARTESIAN_POINT ( 'NONE',  ( -0.8356212379100083076, 0.7599999999999997868, 1.400714614025498683 ) ) ;
#72 = FACE_OUTER_BOUND ( 'NONE', #25, .T. ) ;
#73 = EDGE_LOOP ( 'NONE', ( #4559, #3239, #3027, #5298 ) ) ;
#74 = B_SPLINE_CURVE_WITH_KNOTS ( 'NONE', 3,
 ( #734, #4456, #2443, #3910, #313, #2156, #259, #3995, #4288, #1476, #1159, #4390, #3315, #5748, #3799, #3938, #5780, #1961, #1638 ),
 .UNSPECIFIED., .F., .F.,
 ( 4, 1, 1, 1, 1, 1, 1, 1, 1, 1, 1, 1, 1, 1, 1, 1, 4 ),
 ( 0.000000000000000000, 0.09697942603676498741, 0.1881792242325919795, 0.2729478490636774168, 0.3518960118323621877, 0.4254998963396904865, 0.4932977494323597112, 0.5564930178660326687, 0.6144896589205336435, 0.6688315566574664084, 0.7193994760383196629, 0.7674305292249518073, 0.8133638072036853961, 0.8583580849957381798, 0.9039393915510373079, 0.9508273802187595658, 0.9999999999999998890 ),
 .UNSPECIFIED. ) ;
#75 = CARTESIAN_POINT ( 'NONE',  ( -1.081097560975608385, 0.7699999999999997957, 0.6987804878048785584 ) ) ;
#76 = DIRECTION ( 'NONE',  ( 1.000000000000000000, 0.000000000000000000, 0.000000000000000000 ) ) ;
#77 = CARTESIAN_POINT ( 'NONE',  ( 0.4553922707762041444, 0.7699999999999997957, 0.8990562859968449505 ) ) ;
#78 = ADVANCED_FACE ( 'NONE', ( #1754 ), #2915, .T. ) ;
#79 = FACE_OUTER_BOUND ( 'NONE', #1764, .T. ) ;
#80 = CARTESIAN_POINT ( 'NONE',  ( -0.5782464905995039484, 0.7699999999999997957, 1.108370100759486165 ) ) ;
#81 = CARTESIAN_POINT ( 'NONE',  ( 1.476846647711975047, 0.7599999999999995648, 1.211187042981139328 ) ) ;
#82 = VECTOR ( 'NONE', #1757, 1000.000000000000000 ) ;
#83 = ORIENTED_EDGE ( 'NONE', *, *, #2172, .T. ) ;
#84 = CARTESIAN_POINT ( 'NONE',  ( 0.4891172258395556915, 0.7699999999999997957, 1.483274102444261056 ) ) ;
#85 = CARTESIAN_POINT ( 'NONE',  ( 1.456428610911929544, 0.7599999999999997868, -0.4857519260323993615 ) ) ;
#86 = CARTESIAN_POINT ( 'NONE',  ( -2.520000000000001350, 0.7499999999999991118, -2.600000000000000089 ) ) ;
#87 = VECTOR ( 'NONE', #1657, 1000.000000000000000 ) ;
#88 = CARTESIAN_POINT ( 'NONE',  ( 1.019698025088904059, 0.7699999999999997957, 0.9577215403777638025 ) ) ;
#89 = VECTOR ( 'NONE', #2690, 1000.000000000000000 ) ;
#90 = ORIENTED_EDGE ( 'NONE', *, *, #3173, .F. ) ;
#91 = CARTESIAN_POINT ( 'NONE',  ( -0.6340973503378045661, 0.7699999999999997957, 1.500180174338724859 ) ) ;
#92 = AXIS2_PLACEMENT_3D ( 'NONE', #4790, #653, #2950 ) ;
#93 = EDGE_CURVE ( 'NONE', #3436, #2485, #851, .T. ) ;
#94 = DIRECTION ( 'NONE',  ( 1.000000000000000000, 0.000000000000000000, 0.000000000000000000 ) ) ;
#95 = LINE ( 'NONE', #3334, #3621 ) ;
#96 = VERTEX_POINT ( 'NONE', #3475 ) ;
#97 = CARTESIAN_POINT ( 'NONE',  ( -0.4331989661347759868, 0.7599999999999997868, 1.338109448132784873 ) ) ;
#98 = AXIS2_PLACEMENT_3D ( 'NONE', #2673, #1795, #4121 ) ;
#99 = EDGE_CURVE ( 'NONE', #1729, #5358, #2695, .T. ) ;
#100 = ORIENTED_EDGE ( 'NONE', *, *, #3091, .F. ) ;
#102 = LINE ( 'NONE', #37, #336 ) ;
#101 = CARTESIAN_POINT ( 'NONE',  ( 1.607722288519435105, 0.7699999999999997957, 1.064469353966157161 ) ) ;
#103 = CARTESIAN_POINT ( 'NONE',  ( -0.4609955243500407085, 0.7699999999999997957, 1.387998529678242665 ) ) ;
#104 = PLANE ( 'NONE',  #740 ) ;
#105 = ORIENTED_EDGE ( 'NONE', *, *, #4964, .T. ) ;
#106 = CARTESIAN_POINT ( 'NONE',  ( 0.6249237804878053915, 0.7599999999999997868, 0.6878048780487814318 ) ) ;
#107 = LINE ( 'NONE', #1938, #2294 ) ;
#108 = CARTESIAN_POINT ( 'NONE',  ( 0.9163157398265776576, 0.7600000000000000089, 1.027756078840880605 ) ) ;
#109 = FACE_OUTER_BOUND ( 'NONE', #3887, .T. ) ;
#110 = CARTESIAN_POINT ( 'NONE',  ( 1.279714504865960389, 0.7599999999999997868, -1.344444174494791033 ) ) ;
#111 = CARTESIAN_POINT ( 'NONE',  ( 1.312957317073170982, 0.7599999999999995648, 1.412195121951219656 ) ) ;
#112 = VERTEX_POINT ( 'NONE', #280 ) ;
#113 = CARTESIAN_POINT ( 'NONE',  ( 0.6108612804878051916, 0.7599999999999995648, 1.510975609756097571 ) ) ;
#114 = CARTESIAN_POINT ( 'NONE',  ( 1.015482916912685996, 0.7599999999999997868, 1.084989620629220441 ) ) ;
#115 = CARTESIAN_POINT ( 'NONE',  ( 1.314068373535224765, 0.7699999999999997957, 1.510634158454858156 ) ) ;
#116 = CARTESIAN_POINT ( 'NONE',  ( 0.4989897085298541923, 0.7699999999999997957, 0.6187485234774021681 ) ) ;
#117 = ORIENTED_EDGE ( 'NONE', *, *, #484, .F. ) ;
#118 = CARTESIAN_POINT ( 'NONE',  ( 1.463761381250406224, 0.7599999999999997868, 0.8323696326485686692 ) ) ;
#119 = LINE ( 'NONE', #1495, #527 ) ;
#120 = CARTESIAN_POINT ( 'NONE',  ( 3.103553390593273953, -2.322477269963798012E-16, 2.600000000000000089 ) ) ;
#121 = ORIENTED_EDGE ( 'NONE', *, *, #227, .T. ) ;
#122 = CARTESIAN_POINT ( 'NONE',  ( -0.7340463036990148016, 0.7699999999999997957, 1.412006846150904105 ) ) ;
#123 = ORIENTED_EDGE ( 'NONE', *, *, #2580, .T. ) ;
#125 = FACE_OUTER_BOUND ( 'NONE', #2028, .T. ) ;
#124 = CARTESIAN_POINT ( 'NONE',  ( 1.607926829268292890, 0.7699999999999997957, 1.046227134146341831 ) ) ;
#126 = CARTESIAN_POINT ( 'NONE',  ( 1.486850855328111454, 0.7699999999999997957, 1.012533269798478353 ) ) ;
#127 = ADVANCED_FACE ( 'NONE', ( #395 ), #5378, .T. ) ;
#128 = CARTESIAN_POINT ( 'NONE',  ( 1.169796545092865347, 0.7699999999999997957, 0.8066749532839281311 ) ) ;
#129 = ORIENTED_EDGE ( 'NONE', *, *, #392, .T. ) ;
#130 = DIRECTION ( 'NONE',  ( 0.000000000000000000, -0.000000000000000000, -1.000000000000000000 ) ) ;
#131 = DATE_AND_TIME ( #1145, #590 ) ;
#132 = CARTESIAN_POINT ( 'NONE',  ( 1.141935819866054524, 0.7599999999999997868, 0.9356905508304361740 ) ) ;
#133 = CARTESIAN_POINT ( 'NONE',  ( 0.4445121951219515588, 0.7599999999999997868, 1.062004573170731936 ) ) ;
#134 = LINE ( 'NONE', #523, #4918 ) ;
#135 = CARTESIAN_POINT ( 'NONE',  ( 0.7716919135029741694, 0.7599999999999997868, 1.272453177102623734 ) ) ;
#136 = ORIENTED_EDGE ( 'NONE', *, *, #2638, .T. ) ;
#137 = LINE ( 'NONE', #1973, #5183 ) ;
#138 = EDGE_CURVE ( 'NONE', #237, #3544, #3020, .T. ) ;
#139 = CARTESIAN_POINT ( 'NONE',  ( 1.607324919583361655, 0.7699999999999997957, 1.099909194300613846 ) ) ;
#140 = FACE_OUTER_BOUND ( 'NONE', #4160, .T. ) ;
#141 = ORIENTED_EDGE ( 'NONE', *, *, #4866, .F. ) ;
#142 = LINE ( 'NONE', #5633, #2590 ) ;
#143 = LINE ( 'NONE', #28, #231 ) ;
#144 = VECTOR ( 'NONE', #823, 1000.000000000000000 ) ;
#145 = CARTESIAN_POINT ( 'NONE',  ( 0.8527055422691242059, 0.7699999999999997957, -0.3052017748453723645 ) ) ;
#146 = ORIENTED_EDGE ( 'NONE', *, *, #1099, .F. ) ;
#147 = CARTESIAN_POINT ( 'NONE',  ( -0.4788525076376887735, 0.7599999999999997868, 1.410700096952532512 ) ) ;
#148 = ORIENTED_EDGE ( 'NONE', *, *, #2030, .T. ) ;
#150 = DIRECTION ( 'NONE',  ( -1.000000000000000000, -0.000000000000000000, 0.000000000000000000 ) ) ;
#149 = CARTESIAN_POINT ( 'NONE',  ( 0.6376500961620604757, 0.7599999999999997868, -1.199375013914682153 ) ) ;
#151 = EDGE_CURVE ( 'NONE', #1517, #269, #3955, .T. ) ;
#152 = EDGE_CURVE ( 'NONE', #743, #1148, #4473, .T. ) ;
#153 = DIRECTION ( 'NONE',  ( -1.000000000000000000, 0.000000000000000000, 1.402124967903882866E-14 ) ) ;
#154 = EDGE_CURVE ( 'NONE', #5206, #2344, #1362, .T. ) ;
#155 = CARTESIAN_POINT ( 'NONE',  ( -0.7769828238272171728, 0.7699999999999997957, 1.050108574162090136 ) ) ;
#156 = ORIENTED_EDGE ( 'NONE', *, *, #1207, .T. ) ;
#157 = VERTEX_POINT ( 'NONE', #4111 ) ;
#158 = CARTESIAN_POINT ( 'NONE',  ( 1.135975609756098015, 0.7699999999999997957, 1.062004573170732158 ) ) ;
#159 = APPROVAL_ROLE ( '' ) ;
#160 = AXIS2_PLACEMENT_3D ( 'NONE', #5297, #4336, #3880 ) ;
#161 = LINE ( 'NONE', #3838, #4934 ) ;
#162 = CARTESIAN_POINT ( 'NONE',  ( 0.3832203113868263289, 0.7699999999999997957, 0.7426311483829044491 ) ) ;
#163 = LINE ( 'NONE', #1541, #4850 ) ;
#164 = ORIENTED_EDGE ( 'NONE', *, *, #1967, .T. ) ;
#165 = LINE ( 'NONE', #4805, #4884 ) ;
#166 = CARTESIAN_POINT ( 'NONE',  ( 1.577328745522045494, 0.7699999999999997957, 1.286265459232918129 ) ) ;
#167 = PLANE ( 'NONE',  #1390 ) ;
#168 = CARTESIAN_POINT ( 'NONE',  ( -1.014160713550104953, 0.7599999999999997868, -1.168135470357039685 ) ) ;
#169 = CARTESIAN_POINT ( 'NONE',  ( 0.7631236434801548230, 0.7699999999999997957, 1.299056863816489882 ) ) ;
#170 = B_SPLINE_SURFACE_WITH_KNOTS ( 'NONE', 3, 1, ( 
 ( #3571, #5422 ),
 ( #4521, #5481 ),
 ( #5028, #3669 ),
 ( #5838, #1247 ),
 ( #5870, #1734 ),
 ( #795, #1797 ),
 ( #3151, #4026 ),
 ( #2706, #3541 ),
 ( #2245, #5515 ),
 ( #373, #439 ),
 ( #2313, #4578 ),
 ( #1279, #3116 ),
 ( #922, #3637 ),
 ( #2737, #3212 ),
 ( #1698, #4969 ),
 ( #828, #3087 ),
 ( #5002, #4090 ),
 ( #2277, #1765 ),
 ( #2675, #892 ) ),
 .UNSPECIFIED., .F., .F., .F.,
 ( 4, 1, 1, 1, 1, 1, 1, 1, 1, 1, 1, 1, 1, 1, 1, 1, 4 ),
 ( 2, 2 ),
 ( 0.000000000000000000, 0.06627011034017848967, 0.1293182296758964567, 0.1898038504831447426, 0.2483170938769518887, 0.3052317478169671583, 0.3615430386064295565, 0.4182433688205807742, 0.4760015109336394046, 0.5347788769478214466, 0.5940090578222564366, 0.6547156946079317752, 0.7176575140849382750, 0.7834050217345216449, 0.8517344889745409597, 0.9238325552776016636, 1.000000000000000000 ),
 ( 0.000000000000000000, 1.000000000000000000 ),
 .UNSPECIFIED. ) ;
#171 = LINE ( 'NONE', #2511, #5574 ) ;
#172 = VECTOR ( 'NONE', #5920, 1000.000000000000000 ) ;
#173 = DIRECTION ( 'NONE',  ( 0.000000000000000000, 0.000000000000000000, -1.000000000000000000 ) ) ;
#174 = ORIENTED_EDGE ( 'NONE', *, *, #4761, .F. ) ;
#175 = LINE ( 'NONE', #2126, #5586 ) ;
#176 = VECTOR ( 'NONE', #2044, 1000.000000000000000 ) ;
#177 = EDGE_CURVE ( 'NONE', #1472, #3727, #5424, .T. ) ;
#178 = ORIENTED_EDGE ( 'NONE', *, *, #3803, .F. ) ;
#179 = DIRECTION ( 'NONE',  ( -0.000000000000000000, 1.000000000000000000, -0.000000000000000000 ) ) ;
#180 = CARTESIAN_POINT ( 'NONE',  ( 0.6310975609756100946, 0.7699999999999997957, 0.5890243902439025181 ) ) ;
#181 = AXIS2_PLACEMENT_3D ( 'NONE', #1637, #5327, #3509 ) ;
#182 = CARTESIAN_POINT ( 'NONE',  ( 1.015441221649166836, 0.7699999999999997957, 1.048392383769221725 ) ) ;
#183 = ORIENTED_EDGE ( 'NONE', *, *, #3733, .F. ) ;
#184 = ORIENTED_EDGE ( 'NONE', *, *, #5490, .F. ) ;
#185 = DIRECTION ( 'NONE',  ( 1.000000000000000000, 0.000000000000000000, -1.363888835598852134E-14 ) ) ;
#186 = AXIS2_PLACEMENT_3D ( 'NONE', #4412, #1175, #2486 ) ;
#187 = CARTESIAN_POINT ( 'NONE',  ( 0.7776807936084675354, 0.7599999999999997868, -0.6355160981517656849 ) ) ;
#188 = CARTESIAN_POINT ( 'NONE',  ( 0.9268439216028121486, 0.7599999999999997868, -0.4839251295229549110 ) ) ;
#189 = CARTESIAN_POINT ( 'NONE',  ( 0.7957317073170734334, 0.7599999999999997868, 1.056173780487805081 ) ) ;
#190 = VERTEX_POINT ( 'NONE', #2333 ) ;
#191 = CARTESIAN_POINT ( 'NONE',  ( -2.593223304703364374, 0.6767766952966357552, -2.600000000000000089 ) ) ;
#192 = CARTESIAN_POINT ( 'NONE',  ( -1.103048780487803970, 0.7699999999999997957, 1.104878048780488120 ) ) ;
#193 = FACE_OUTER_BOUND ( 'NONE', #347, .T. ) ;
#194 = DIRECTION ( 'NONE',  ( 0.000000000000000000, 0.000000000000000000, 1.000000000000000000 ) ) ;
#195 = EDGE_CURVE ( 'NONE', #884, #5387, #522, .T. ) ;
#196 = DIRECTION ( 'NONE',  ( 1.000000000000000000, 0.000000000000000000, 0.000000000000000000 ) ) ;
#197 = DIRECTION ( 'NONE',  ( -1.358247235106230255E-14, 0.000000000000000000, -1.000000000000000000 ) ) ;
#198 = VECTOR ( 'NONE', #2271, 1000.000000000000000 ) ;
#199 = CARTESIAN_POINT ( 'NONE',  ( 1.580970634330894242, 0.7599999999999994538, 0.8058493928861512057 ) ) ;
#200 = CARTESIAN_POINT ( 'NONE',  ( -0.5402815407792382896, 0.7599999999999997868, 1.169513634214981446 ) ) ;
#201 = ORIENTED_EDGE ( 'NONE', *, *, #1751, .F. ) ;
#202 = EDGE_CURVE ( 'NONE', #4397, #5896, #4659, .T. ) ;
#203 = LINE ( 'NONE', #2947, #4232 ) ;
#204 = AXIS2_PLACEMENT_3D ( 'NONE', #974, #4145, #4692 ) ;
#205 = EDGE_CURVE ( 'NONE', #4065, #715, #3732, .T. ) ;
#206 = ORIENTED_EDGE ( 'NONE', *, *, #1944, .T. ) ;
#207 = CARTESIAN_POINT ( 'NONE',  ( -0.7472015846278812212, 0.7599999999999997868, 1.510898223666639062 ) ) ;
#208 = LINE ( 'NONE', #180, #2396 ) ;
#209 = CARTESIAN_POINT ( 'NONE',  ( -0.8039165193771489193, 0.7699999999999997957, 1.050319944766316071 ) ) ;
#210 = ORIENTED_EDGE ( 'NONE', *, *, #5845, .F. ) ;
#211 = VERTEX_POINT ( 'NONE', #428 ) ;
#213 = LINE ( 'NONE', #1621, #2190 ) ;
#212 = CARTESIAN_POINT ( 'NONE',  ( 0.2614037892791999385, 0.7599999999999997868, -0.3883414372125759684 ) ) ;
#214 = CARTESIAN_POINT ( 'NONE',  ( 0.4711681982459989260, 0.7599999999999997868, 0.6357928102497442113 ) ) ;
#215 = CARTESIAN_POINT ( 'NONE',  ( 0.6423157361945661670, 0.7599999999999997868, 1.411447399445691531 ) ) ;
#216 = VECTOR ( 'NONE', #1061, 1000.000000000000000 ) ;
#217 = VERTEX_POINT ( 'NONE', #5533 ) ;
#218 = LINE ( 'NONE', #5794, #5660 ) ;
#219 = ADVANCED_FACE ( 'NONE', ( #79 ), #4205, .T. ) ;
#220 = CARTESIAN_POINT ( 'NONE',  ( 0.6214939024390246924, 0.7599999999999998979, 1.412195121951219656 ) ) ;
#221 = ORIENTED_EDGE ( 'NONE', *, *, #1407, .F. ) ;
#222 = FACE_OUTER_BOUND ( 'NONE', #5231, .T. ) ;
#223 = PRODUCT_DEFINITION ( '未知', '', #2513, #4590 ) ;
#224 = LINE ( 'NONE', #3875, #1322 ) ;
#225 = ADVANCED_FACE ( 'NONE', ( #5110 ), #3391, .T. ) ;
#226 = DIRECTION ( 'NONE',  ( -0.000000000000000000, 1.000000000000000000, -0.000000000000000000 ) ) ;
#227 = EDGE_CURVE ( 'NONE', #3207, #1427, #4878, .T. ) ;
#228 = CARTESIAN_POINT ( 'NONE',  ( -0.8452613603706011780, 0.7599999999999997868, -0.6782251010014370696 ) ) ;
#229 = ORIENTED_EDGE ( 'NONE', *, *, #409, .T. ) ;
#230 = CARTESIAN_POINT ( 'NONE',  ( 1.146855685410349990, 0.7699999999999997957, 0.8990562859968446174 ) ) ;
#231 = VECTOR ( 'NONE', #3306, 1000.000000000000000 ) ;
#232 = ORIENTED_EDGE ( 'NONE', *, *, #5153, .T. ) ;
#233 = CARTESIAN_POINT ( 'NONE',  ( 0.7853832330778289794, 0.7699999999999997957, 1.211187042981139328 ) ) ;
#234 = CARTESIAN_POINT ( 'NONE',  ( -0.5323170731707311809, 0.7599999999999997868, 1.227153201219512768 ) ) ;
#235 = CARTESIAN_POINT ( 'NONE',  ( 0.7281131775591043187, 0.7699999999999997957, 0.6043087540839103822 ) ) ;
#236 = CARTESIAN_POINT ( 'NONE',  ( 1.205783743503096250, 0.7699999999999997957, 0.7405248105775111833 ) ) ;
#237 = VERTEX_POINT ( 'NONE', #606 ) ;
#238 = ORIENTED_EDGE ( 'NONE', *, *, #2543, .T. ) ;
#240 = CARTESIAN_POINT ( 'NONE',  ( -0.4118679351539875633, 0.7599999999999997868, 1.209478715188214260 ) ) ;
#239 = CARTESIAN_POINT ( 'NONE',  ( -0.7631478658536581250, 0.7599999999999997868, 1.050000000000000488 ) ) ;
#241 = APPROVAL_ROLE ( '' ) ;
#242 = EDGE_CURVE ( 'NONE', #1619, #5485, #4909, .T. ) ;
#243 = CARTESIAN_POINT ( 'NONE',  ( 0.4989897085298541923, 0.7699999999999997957, 0.6187485234774021681 ) ) ;
#244 = CARTESIAN_POINT ( 'NONE',  ( -5.000000000000000000, 0.2699999999999987965, 2.600000000000000089 ) ) ;
#245 = ORIENTED_EDGE ( 'NONE', *, *, #1899, .T. ) ;
#246 = DIRECTION ( 'NONE',  ( -0.7240541451400011042, 0.000000000000000000, -0.6897431369035738058 ) ) ;
#247 = EDGE_CURVE ( 'NONE', #1373, #2019, #4238, .T. ) ;
#248 = VECTOR ( 'NONE', #5548, 1000.000000000000000 ) ;
#249 = CARTESIAN_POINT ( 'NONE',  ( -2.450000000000001066, 0.7477381076453414321, 2.600000000000000089 ) ) ;
#250 = ORIENTED_EDGE ( 'NONE', *, *, #3907, .T. ) ;
#251 = CARTESIAN_POINT ( 'NONE',  ( 0.7282563981945593401, 0.7699999999999997957, 1.362032257151438053 ) ) ;
#252 = DIRECTION ( 'NONE',  ( 0.000000000000000000, 0.000000000000000000, -1.000000000000000000 ) ) ;
#253 = CARTESIAN_POINT ( 'NONE',  ( 1.554222721005923624, 0.7599999999999994538, 0.7340620972096606467 ) ) ;
#254 = CARTESIAN_POINT ( 'NONE',  ( -0.09329268292682926789, 0.7599999999999997868, 1.401219512195121863 ) ) ;
#255 = LINE ( 'NONE', #2919, #2270 ) ;
#256 = ORIENTED_EDGE ( 'NONE', *, *, #5054, .F. ) ;
#257 = ADVANCED_FACE ( 'NONE', ( #5704 ), #2399, .F. ) ;
#258 = CARTESIAN_POINT ( 'NONE',  ( -0.2140243902439023238, 0.7699999999999997957, 0.6000000000000005329 ) ) ;
#259 = CARTESIAN_POINT ( 'NONE',  ( 1.152780308925875685, 0.7599999999999997868, 1.245949426989633180 ) ) ;
#260 = VECTOR ( 'NONE', #4156, 999.9999999999998863 ) ;
#261 = EDGE_LOOP ( 'NONE', ( #3742, #1574, #2312, #2414 ) ) ;
#262 = CARTESIAN_POINT ( 'NONE',  ( 0.4177794691104787517, 0.7699999999999997957, 1.424275484779584877 ) ) ;
#263 = DIRECTION ( 'NONE',  ( -0.000000000000000000, 1.000000000000000000, -0.000000000000000000 ) ) ;
#264 = CARTESIAN_POINT ( 'NONE',  ( 1.160806029691554997, 0.7599999999999997868, 0.8346021721491954093 ) ) ;
#265 = AXIS2_PLACEMENT_3D ( 'NONE', #4743, #3857, #2497 ) ;
#266 = EDGE_CURVE ( 'NONE', #3749, #30, #4302, .T. ) ;
#267 = AXIS2_PLACEMENT_3D ( 'NONE', #149, #2896, #4285 ) ;
#268 = CARTESIAN_POINT ( 'NONE',  ( 0.9120549160978663750, 0.7699999999999997957, 1.151442428464634737 ) ) ;
#269 = VERTEX_POINT ( 'NONE', #5650 ) ;
#270 = ORIENTED_EDGE ( 'NONE', *, *, #4427, .F. ) ;
#272 = LINE ( 'NONE', #2076, #5851 ) ;
#271 = CARTESIAN_POINT ( 'NONE',  ( 1.071862640297585934, 0.7699999999999997957, 1.367369651798794994 ) ) ;
#273 = DIRECTION ( 'NONE',  ( 1.402124967903882077E-14, 0.000000000000000000, 1.000000000000000000 ) ) ;
#274 = CARTESIAN_POINT ( 'NONE',  ( 0.6310975609756100946, 0.7699999999999997957, 0.5890243902439025181 ) ) ;
#275 = VERTEX_POINT ( 'NONE', #5335 ) ;
#276 = DIRECTION ( 'NONE',  ( -0.000000000000000000, 1.000000000000000000, -0.000000000000000000 ) ) ;
#277 = CARTESIAN_POINT ( 'NONE',  ( 0.7399762402442791043, 0.7699999999999997957, 1.481776778436066255 ) ) ;
#278 = AXIS2_PLACEMENT_3D ( 'NONE', #192, #2031, #5573 ) ;
#279 = PLANE ( 'NONE',  #1098 ) ;
#280 = CARTESIAN_POINT ( 'NONE',  ( 1.487195121951219834, 0.7699999999999997957, 1.056173780487805303 ) ) ;
#281 = FACE_OUTER_BOUND ( 'NONE', #614, .T. ) ;
#282 = PLANE ( 'NONE',  #2189 ) ;
#283 = CARTESIAN_POINT ( 'NONE',  ( 1.537467484650237415, 0.7699999999999997957, 0.7035280647751621652 ) ) ;
#284 = CARTESIAN_POINT ( 'NONE',  ( 0.7855272838427930227, 0.7599999999999997868, 0.8958051436348142271 ) ) ;
#285 = LINE ( 'NONE', #3961, #2938 ) ;
#286 = VERTEX_POINT ( 'NONE', #5366 ) ;
#287 = DIRECTION ( 'NONE',  ( -0.000000000000000000, 0.000000000000000000, 1.000000000000000000 ) ) ;
#288 = ORIENTED_EDGE ( 'NONE', *, *, #663, .F. ) ;
#289 = CARTESIAN_POINT ( 'NONE',  ( 1.607324919583361655, 0.7599999999999997868, 1.099909194300613846 ) ) ;
#290 = ORIENTED_EDGE ( 'NONE', *, *, #819, .T. ) ;
#291 = CARTESIAN_POINT ( 'NONE',  ( 0.6623100917029141055, 0.7599999999999997868, 1.407269830831566093 ) ) ;
#292 = CARTESIAN_POINT ( 'NONE',  ( -0.6384046876280813354, 0.7699999999999997957, 1.392834421788160748 ) ) ;
#293 = CARTESIAN_POINT ( 'NONE',  ( 0.9164634146341466003, 0.7600000000000000089, 1.046227134146341387 ) ) ;
#294 = CARTESIAN_POINT ( 'NONE',  ( 0.4616733179750388549, 0.7699999999999997957, 0.8653775929079333684 ) ) ;
#295 = ORIENTED_EDGE ( 'NONE', *, *, #4082, .T. ) ;
#296 = EDGE_LOOP ( 'NONE', ( #3031, #3010, #925, #4483 ) ) ;
#298 = DIRECTION ( 'NONE',  ( -1.591416883062486049E-14, 0.000000000000000000, -1.000000000000000000 ) ) ;
#297 = CARTESIAN_POINT ( 'NONE',  ( 1.302324695121951592, 0.7699999999999997957, 1.510975609756098015 ) ) ;
#299 = CARTESIAN_POINT ( 'NONE',  ( 0.4445121951219515588, 0.7699999999999999067, 1.062004573170731936 ) ) ;
#300 = CARTESIAN_POINT ( 'NONE',  ( 0.6426712139870486284, 0.7699999999999997957, 0.5892949603244586054 ) ) ;
#301 = CARTESIAN_POINT ( 'NONE',  ( 0.4469607915844184265, 0.7599999999999997868, 1.143231155084991402 ) ) ;
#302 = CARTESIAN_POINT ( 'NONE',  ( 0.8157408892908381004, 0.7699999999999997957, 1.419454016432457166 ) ) ;
#303 = DIRECTION ( 'NONE',  ( -0.000000000000000000, 1.000000000000000000, -0.000000000000000000 ) ) ;
#304 = CARTESIAN_POINT ( 'NONE',  ( 0.4688124280607001704, 0.7600000000000001199, 1.274815124306817093 ) ) ;
#305 = CARTESIAN_POINT ( 'NONE',  ( -0.2140243902439023238, 0.7699999999999997957, 1.500000000000000444 ) ) ;
#306 = CARTESIAN_POINT ( 'NONE',  ( -0.7116121143663569626, 0.7699999999999997957, 1.052643708258060418 ) ) ;
#307 = CARTESIAN_POINT ( 'NONE',  ( 1.568606689760121409, 0.7699999999999997957, 0.7682479757975688717 ) ) ;
#308 = CARTESIAN_POINT ( 'NONE',  ( -0.8915712272086910861, 0.7699999999999997957, 1.491658890457732145 ) ) ;
#309 = CARTESIAN_POINT ( 'NONE',  ( 2.520000000000001350, 0.7499999999999991118, 2.600000000000000089 ) ) ;
#310 = ORIENTED_EDGE ( 'NONE', *, *, #4892, .T. ) ;
#311 = LINE ( 'NONE', #341, #362 ) ;
#312 = ORIENTED_EDGE ( 'NONE', *, *, #5409, .F. ) ;
#313 = CARTESIAN_POINT ( 'NONE',  ( 1.141702870011942039, 0.7599999999999997868, 1.180220503743218741 ) ) ;
#314 = VERTEX_POINT ( 'NONE', #1190 ) ;
#315 = FACE_OUTER_BOUND ( 'NONE', #3280, .T. ) ;
#316 = FACE_OUTER_BOUND ( 'NONE', #623, .T. ) ;
#317 = CARTESIAN_POINT ( 'NONE',  ( -1.014160713550104953, 0.7599999999999997868, -1.168135470357039685 ) ) ;
#318 = DIRECTION ( 'NONE',  ( -0.000000000000000000, 0.000000000000000000, 1.000000000000000000 ) ) ;
#319 = AXIS2_PLACEMENT_3D ( 'NONE', #1737, #3183, #829 ) ;
#320 = ORIENTED_EDGE ( 'NONE', *, *, #4321, .T. ) ;
#321 = ORIENTED_EDGE ( 'NONE', *, *, #1448, .T. ) ;
#323 = DIRECTION ( 'NONE',  ( -0.7240541451403367246, 0.000000000000000000, -0.6897431369032216431 ) ) ;
#322 = CARTESIAN_POINT ( 'NONE',  ( -1.014160713550104953, 0.7599999999999997868, -1.446262896613181193 ) ) ;
#324 = AXIS2_PLACEMENT_3D ( 'NONE', #4893, #3474, #3019 ) ;
#325 = EDGE_CURVE ( 'NONE', #604, #4420, #741, .T. ) ;
#326 = CARTESIAN_POINT ( 'NONE',  ( -2.593223304703364374, 0.6767766952966357552, 2.600000000000000089 ) ) ;
#327 = DIRECTION ( 'NONE',  ( 0.7071067811865487940, -0.7071067811865463515, 0.000000000000000000 ) ) ;
#328 = CARTESIAN_POINT ( 'NONE',  ( 0.5800449617270002634, 0.7599999999999997868, 1.407211200787210625 ) ) ;
#329 = B_SPLINE_CURVE_WITH_KNOTS ( 'NONE', 3,
 ( #4155, #3244, #3700, #4185, #60, #5151, #4642, #118, #2889, #1010, #2345, #4277, #4249, #4214, #3330, #1950, #3816, #1979, #1923 ),
 .UNSPECIFIED., .F., .F.,
 ( 4, 1, 1, 1, 1, 1, 1, 1, 1, 1, 1, 1, 1, 1, 1, 1, 4 ),
 ( 0.000000000000000000, 0.09928876216571796975, 0.1921876541913135339, 0.2791672117176803858, 0.3600125316959810751, 0.4349086015798041549, 0.5040881505262123641, 0.5678465373278867023, 0.6267692068661906424, 0.6810810782054483870, 0.7313862562486811436, 0.7784434097355636961, 0.8231311183514029572, 0.8666133534268157801, 0.9097944485516713531, 0.9536971340198148184, 1.000000000000000000 ),
 .UNSPECIFIED. ) ;
#330 = CARTESIAN_POINT ( 'NONE',  ( 0.7925398050050659338, 0.7699999999999997957, 1.443968577453645930 ) ) ;
#331 = PLANE ( 'NONE',  #5247 ) ;
#332 = CARTESIAN_POINT ( 'NONE',  ( 0.4881107870597464760, 0.7699999999999997957, 1.324290092696827736 ) ) ;
#333 = DIRECTION ( 'NONE',  ( 1.000000000000000000, 1.224646799147353207E-16, -0.000000000000000000 ) ) ;
#334 = EDGE_LOOP ( 'NONE', ( #238, #2565, #3994, #5338 ) ) ;
#335 = CARTESIAN_POINT ( 'NONE',  ( -0.6260983368885785216, 0.7699999999999997957, 1.075807004428627200 ) ) ;
#336 = VECTOR ( 'NONE', #483, 1000.000000000000000 ) ;
#337 = CARTESIAN_POINT ( 'NONE',  ( -1.014160713550104953, 0.7599999999999997868, -1.168135470357039685 ) ) ;
#338 = DIRECTION ( 'NONE',  ( -1.000000000000000000, 0.000000000000000000, 0.000000000000000000 ) ) ;
#339 = LINE ( 'NONE', #1212, #3898 ) ;
#340 = ORIENTED_EDGE ( 'NONE', *, *, #1475, .T. ) ;
#341 = CARTESIAN_POINT ( 'NONE',  ( -1.081097560975608385, 0.7699999999999997957, 0.6000000000000005329 ) ) ;
#342 = VERTEX_POINT ( 'NONE', #1997 ) ;
#343 = PLANE ( 'NONE',  #4313 ) ;
#344 = CARTESIAN_POINT ( 'NONE',  ( 1.454981639498930557, 0.7699999999999997957, 0.8049979215760431073 ) ) ;
#345 = CARTESIAN_POINT ( 'NONE',  ( 0.7933182561593609128, 0.7599999999999997868, 1.138776230506280962 ) ) ;
#346 = CARTESIAN_POINT ( 'NONE',  ( 1.447633413064967955, 0.7599999999999997868, 0.6170893030102110322 ) ) ;
#347 = EDGE_LOOP ( 'NONE', ( #1843, #2465, #2929, #5447 ) ) ;
#348 = CARTESIAN_POINT ( 'NONE',  ( -0.5764128195753335238, 0.7599999999999997868, 1.348772636336544428 ) ) ;
#349 = CARTESIAN_POINT ( 'NONE',  ( -1.542073170731706355, 0.7699999999999997957, 1.500000000000000444 ) ) ;
#350 = ORIENTED_EDGE ( 'NONE', *, *, #5303, .F. ) ;
#351 = ORIENTED_EDGE ( 'NONE', *, *, #5426, .T. ) ;
#353 = CARTESIAN_POINT ( 'NONE',  ( 0.1766575670847883583, 0.7699999999999997957, -1.199375013914542487 ) ) ;
#352 = CARTESIAN_POINT ( 'NONE',  ( 1.291211831391000375, 0.7599999999999995648, 1.510679795626615141 ) ) ;
#354 = VECTOR ( 'NONE', #1338, 1000.000000000000000 ) ;
#355 = AXIS2_PLACEMENT_3D ( 'NONE', #4948, #388, #1682 ) ;
#356 = DIRECTION ( 'NONE',  ( -0.000000000000000000, 1.000000000000000000, -0.000000000000000000 ) ) ;
#357 = DIRECTION ( 'NONE',  ( 0.7071067811865463515, 0.7071067811865487940, 0.000000000000000000 ) ) ;
#358 = CARTESIAN_POINT ( 'NONE',  ( 0.4446342861881078523, 0.7599999999999997868, 1.076127118445245001 ) ) ;
#359 = CARTESIAN_POINT ( 'NONE',  ( 0.8720102837594060352, 0.7699999999999997957, 1.324600227924191964 ) ) ;
#360 = CARTESIAN_POINT ( 'NONE',  ( 1.312957317073170982, 0.7699999999999997957, 1.412195121951219656 ) ) ;
#361 = CARTESIAN_POINT ( 'NONE',  ( 0.4688124280607001704, 0.7699999999999997957, 1.274815124306817093 ) ) ;
#362 = VECTOR ( 'NONE', #3113, 1000.000000000000000 ) ;
#363 = CARTESIAN_POINT ( 'NONE',  ( -1.277922768258310970, 0.7699999999999997957, -1.079905975674298579 ) ) ;
#364 = ORIENTED_EDGE ( 'NONE', *, *, #3136, .T. ) ;
#365 = CARTESIAN_POINT ( 'NONE',  ( -0.6085470295934756191, 0.7699999999999997957, 1.085305502445337300 ) ) ;
#366 = CARTESIAN_POINT ( 'NONE',  ( 1.045321974992190261, 0.7599999999999997868, 0.8180046116497664555 ) ) ;
#367 = DIRECTION ( 'NONE',  ( -1.000000000000000000, 0.000000000000000000, 0.000000000000000000 ) ) ;
#368 = EDGE_CURVE ( 'NONE', #2492, #2369, #1560, .T. ) ;
#369 = PLANE ( 'NONE',  #5342 ) ;
#370 = ORIENTED_EDGE ( 'NONE', *, *, #3150, .F. ) ;
#371 = FACE_OUTER_BOUND ( 'NONE', #2804, .T. ) ;
#372 = ORIENTED_EDGE ( 'NONE', *, *, #3892, .T. ) ;
#373 = CARTESIAN_POINT ( 'NONE',  ( -0.4946058368382661996, 0.7599999999999996758, 1.021443801776365623 ) ) ;
#374 = EDGE_CURVE ( 'NONE', #1355, #1354, #2450, .T. ) ;
#375 = CARTESIAN_POINT ( 'NONE',  ( 0.3239778070150207134, 0.7599999999999997868, 1.048392383769221281 ) ) ;
#376 = EDGE_CURVE ( 'NONE', #995, #5898, #161, .T. ) ;
#377 = CARTESIAN_POINT ( 'NONE',  ( 0.7297201132584003602, 0.7699999999999997957, 0.7396667916856040081 ) ) ;
#378 = ORIENTED_EDGE ( 'NONE', *, *, #819, .F. ) ;
#379 = LINE ( 'NONE', #2249, #3543 ) ;
#380 = CARTESIAN_POINT ( 'NONE',  ( 0.6456056118040206515, 0.7599999999999994538, 1.509965406928573284 ) ) ;
#381 = B_SPLINE_SURFACE_WITH_KNOTS ( 'NONE', 3, 1, ( 
 ( #3043, #1654 ),
 ( #1199, #4592 ),
 ( #453, #3225 ),
 ( #2259, #3654 ),
 ( #1904, #4625 ),
 ( #3714, #2296 ),
 ( #5496, #38 ),
 ( #516, #4139 ),
 ( #1872, #421 ),
 ( #5527, #9 ),
 ( #2751, #485 ),
 ( #5134, #103 ),
 ( #4106, #1358 ),
 ( #3745, #2327 ),
 ( #5560, #1841 ),
 ( #3197, #1416 ),
 ( #2358, #3680 ),
 ( #3259, #5944 ),
 ( #1386, #5070 ) ),
 .UNSPECIFIED., .F., .F., .F.,
 ( 4, 1, 1, 1, 1, 1, 1, 1, 1, 1, 1, 1, 1, 1, 1, 1, 4 ),
 ( 2, 2 ),
 ( 0.000000000000000000, 0.07357888454327476957, 0.1440504442567662746, 0.2111717349795779741, 0.2760401611519235354, 0.3384968683793613264, 0.3997587087065469502, 0.4601750081452083974, 0.5203768058060778134, 0.5800160664410602962, 0.6383112204530939637, 0.6961293433295043798, 0.7538044299204489374, 0.8126729026095336206, 0.8728615838606512689, 0.9351147231834222584, 1.000000000000000000 ),
 ( 0.000000000000000000, 1.000000000000000000 ),
 .UNSPECIFIED. ) ;
#382 = ORIENTED_EDGE ( 'NONE', *, *, #4478, .F. ) ;
#383 = EDGE_CURVE ( 'NONE', #1697, #3107, #1538, .T. ) ;
#384 = ORIENTED_EDGE ( 'NONE', *, *, #3996, .F. ) ;
#385 = ORIENTED_EDGE ( 'NONE', *, *, #151, .T. ) ;
#387 = DIRECTION ( 'NONE',  ( -0.000000000000000000, -1.000000000000000000, -0.000000000000000000 ) ) ;
#386 = CARTESIAN_POINT ( 'NONE',  ( 1.337069026438167052, 0.7699999999999997957, 1.509965406928573284 ) ) ;
#388 = DIRECTION ( 'NONE',  ( -0.000000000000000000, 0.000000000000000000, 1.000000000000000000 ) ) ;
#389 = FACE_OUTER_BOUND ( 'NONE', #774, .T. ) ;
#390 = CARTESIAN_POINT ( 'NONE',  ( -1.293224430140064829, 0.7699999999999997957, -1.649203034048186467 ) ) ;
#391 = CARTESIAN_POINT ( 'NONE',  ( -0.7960660291242821485, 0.7599999999999997868, 1.508990299789505496 ) ) ;
#392 = EDGE_CURVE ( 'NONE', #3568, #3038, #4773, .T. ) ;
#393 = CARTESIAN_POINT ( 'NONE',  ( 1.204457150307055580, 0.7599999999999997868, 1.363010028256776529 ) ) ;
#394 = LOCAL_TIME ( 13, 33, 6.000000000000000000, #2530 ) ;
#395 = FACE_OUTER_BOUND ( 'NONE', #5637, .T. ) ;
#396 = DIRECTION ( 'NONE',  ( 0.000000000000000000, -1.000000000000000000, 0.000000000000000000 ) ) ;
#397 = PRODUCT_DEFINITION_SHAPE ( 'NONE', 'NONE',  #223 ) ;
#398 = ADVANCED_FACE ( 'NONE', ( #109 ), #4434, .F. ) ;
#399 = ORIENTED_EDGE ( 'NONE', *, *, #4941, .F. ) ;
#400 = CARTESIAN_POINT ( 'NONE',  ( -0.5926760687519609938, 0.7699999999999997957, 1.096282916716385225 ) ) ;
#401 = CARTESIAN_POINT ( 'NONE',  ( 1.074683726020972729, 0.7599999999999997868, 0.7426311483829046711 ) ) ;
#402 = CARTESIAN_POINT ( 'NONE',  ( 1.405436372447272486, 0.7699999999999997957, 1.377547199774413311 ) ) ;
#403 = DIRECTION ( 'NONE',  ( 1.000000000000000000, 0.000000000000000000, 0.000000000000000000 ) ) ;
#404 = ORIENTED_EDGE ( 'NONE', *, *, #5241, .T. ) ;
#405 = ADVANCED_FACE ( 'NONE', ( #2426 ), #3824, .T. ) ;
#406 = CARTESIAN_POINT ( 'NONE',  ( 2.449999999999999289, 0.7699999999999997957, 2.600000000000000089 ) ) ;
#407 = VERTEX_POINT ( 'NONE', #4001 ) ;
#408 = CARTESIAN_POINT ( 'NONE',  ( -0.2607345472303137512, 0.7699999999999997957, -1.025179901899914370 ) ) ;
#409 = EDGE_CURVE ( 'NONE', #3114, #680, #3682, .T. ) ;
#410 = CARTESIAN_POINT ( 'NONE',  ( 1.433857313424169444, 0.7699999999999997957, 0.7585873518488023270 ) ) ;
#411 = EDGE_CURVE ( 'NONE', #3544, #3039, #5904, .T. ) ;
#412 = CARTESIAN_POINT ( 'NONE',  ( 0.7537065608373648695, 0.7599999999999997868, 0.7803492590744699475 ) ) ;
#413 = ORIENTED_EDGE ( 'NONE', *, *, #152, .F. ) ;
#414 = CARTESIAN_POINT ( 'NONE',  ( -0.6048585476591068488, 0.7599999999999997868, 1.373725745599488457 ) ) ;
#415 = CARTESIAN_POINT ( 'NONE',  ( 0.8858653308878988719, 0.7599999999999994538, 1.286265459232917463 ) ) ;
#416 = ORIENTED_EDGE ( 'NONE', *, *, #5779, .F. ) ;
#417 = EDGE_LOOP ( 'NONE', ( #4428, #2256, #1745, #5250 ) ) ;
#418 = EDGE_LOOP ( 'NONE', ( #5479, #513, #5805, #3362 ) ) ;
#420 = CARTESIAN_POINT ( 'NONE',  ( -0.9274390243902435049, 0.7699999999999997957, 1.365548780487805258 ) ) ;
#419 = CARTESIAN_POINT ( 'NONE',  ( 1.269537367876957701, 0.7699999999999997957, 1.510102841502850124 ) ) ;
#421 = CARTESIAN_POINT ( 'NONE',  ( -0.5226026010214606110, 0.7699999999999997957, 1.450025666713160355 ) ) ;
#422 = CARTESIAN_POINT ( 'NONE',  ( -0.2607345472303137512, 0.7599999999999997868, -0.8930402112659507896 ) ) ;
#423 = ADVANCED_FACE ( 'NONE', ( #3548 ), #5520, .T. ) ;
#424 = VECTOR ( 'NONE', #1151, 1000.000000000000000 ) ;
#425 = CARTESIAN_POINT ( 'NONE',  ( 1.015243902439024959, 0.7599999999999997868, 1.067492378048781276 ) ) ;
#426 = EDGE_CURVE ( 'NONE', #2866, #2210, #5399, .T. ) ;
#427 = CARTESIAN_POINT ( 'NONE',  ( 0.5212253049132753446, 0.7599999999999997868, -0.1242909593553395142 ) ) ;
#428 = CARTESIAN_POINT ( 'NONE',  ( 0.000000000000000000, 0.7599999999999997868, -0.1256921763512657830 ) ) ;
#429 = LINE ( 'NONE', #305, #3363 ) ;
#430 = ORIENTED_EDGE ( 'NONE', *, *, #4794, .F. ) ;
#431 = CARTESIAN_POINT ( 'NONE',  ( -0.5357782323941893132, 0.7699999999999997957, 1.187756965760279337 ) ) ;
#432 = EDGE_CURVE ( 'NONE', #3971, #5750, #833, .T. ) ;
#433 = LINE ( 'NONE', #5444, #4637 ) ;
#434 = ORIENTED_EDGE ( 'NONE', *, *, #1339, .T. ) ;
#435 = CARTESIAN_POINT ( 'NONE',  ( 1.470735379697869716, 0.7699999999999997957, 1.243208928491642551 ) ) ;
#436 = CARTESIAN_POINT ( 'NONE',  ( 0.4224855284706036107, 0.7699999999999997957, 0.6816808932241339436 ) ) ;
#437 = CARTESIAN_POINT ( 'NONE',  ( -0.4554878048780482969, 0.7699999999999997957, 0.6000000000000005329 ) ) ;
#438 = VERTEX_POINT ( 'NONE', #4976 ) ;
#439 = CARTESIAN_POINT ( 'NONE',  ( -0.4946058368382661996, 0.7699999999999997957, 1.021443801776365623 ) ) ;
#440 = VECTOR ( 'NONE', #4445, 1000.000000000000000 ) ;
#441 = FACE_OUTER_BOUND ( 'NONE', #5639, .T. ) ;
#442 = ADVANCED_FACE ( 'NONE', ( #2744 ), #4527, .F. ) ;
#443 = CARTESIAN_POINT ( 'NONE',  ( 0.7953874406939647201, 0.7699999999999997957, 1.012533269798478353 ) ) ;
#444 = VECTOR ( 'NONE', #3367, 1000.000000000000000 ) ;
#445 = VERTEX_POINT ( 'NONE', #2618 ) ;
#446 = CARTESIAN_POINT ( 'NONE',  ( 0.7423938987900238207, 0.7699999999999997957, 0.7585873518488026601 ) ) ;
#447 = CARTESIAN_POINT ( 'NONE',  ( 0.7925398050050659338, 0.7699999999999997957, 1.443968577453645930 ) ) ;
#448 = VERTEX_POINT ( 'NONE', #1743 ) ;
#449 = ORIENTED_EDGE ( 'NONE', *, *, #2727, .T. ) ;
#450 = ORIENTED_EDGE ( 'NONE', *, *, #1040, .F. ) ;
#452 = DIRECTION ( 'NONE',  ( -8.557733870429801020E-15, 0.000000000000000000, -1.000000000000000000 ) ) ;
#451 = CARTESIAN_POINT ( 'NONE',  ( 1.402017297114523942, 0.7699999999999997957, 1.494936210435810153 ) ) ;
#453 = CARTESIAN_POINT ( 'NONE',  ( -0.7012046067965155283, 0.7599999999999997868, 1.510354349983501931 ) ) ;
#454 = CARTESIAN_POINT ( 'NONE',  ( -0.7631478658536581250, 0.7699999999999997957, 1.050000000000000488 ) ) ;
#455 = VECTOR ( 'NONE', #3392, 1000.000000000000000 ) ;
#456 = ORIENTED_EDGE ( 'NONE', *, *, #3512, .T. ) ;
#457 = CARTESIAN_POINT ( 'NONE',  ( 0.4445121951219515588, 0.7699999999999999067, 1.062004573170731936 ) ) ;
#458 = EDGE_CURVE ( 'NONE', #1833, #5939, #1882, .T. ) ;
#459 = CARTESIAN_POINT ( 'NONE',  ( 0.6249237804878051694, 0.7599999999999997868, 0.6878048780487805436 ) ) ;
#460 = VECTOR ( 'NONE', #2662, 1000.000000000000114 ) ;
#461 = FACE_OUTER_BOUND ( 'NONE', #4353, .T. ) ;
#462 = CARTESIAN_POINT ( 'NONE',  ( 1.598670780095252431, 0.7699999999999997957, 0.8918399474877636290 ) ) ;
#463 = ORIENTED_EDGE ( 'NONE', *, *, #4761, .T. ) ;
#464 = DIRECTION ( 'NONE',  ( -0.000000000000000000, -1.000000000000000000, -0.000000000000000000 ) ) ;
#465 = VECTOR ( 'NONE', #3004, 1000.000000000000000 ) ;
#466 = DIRECTION ( 'NONE',  ( -0.07419174491480191869, 0.000000000000000000, 0.9972439947106711555 ) ) ;
#467 = ORIENTED_EDGE ( 'NONE', *, *, #616, .T. ) ;
#468 = CARTESIAN_POINT ( 'NONE',  ( 1.138424206218564771, 0.7699999999999997957, 1.143231155084991402 ) ) ;
#469 = CARTESIAN_POINT ( 'NONE',  ( -2.450000000000001066, 0.7699999999999997957, -7.507433137598514605 ) ) ;
#470 = CARTESIAN_POINT ( 'NONE',  ( 1.447633413064967955, 0.7699999999999997957, 0.6170893030102110322 ) ) ;
#471 = ORIENTED_EDGE ( 'NONE', *, *, #266, .F. ) ;
#472 = CARTESIAN_POINT ( 'NONE',  ( 2.520000000000001350, 0.7499999999999991118, 2.600000000000000089 ) ) ;
#473 = CARTESIAN_POINT ( 'NONE',  ( 1.323332223625660831, 0.7699999999999997957, 0.6880172914037875342 ) ) ;
#474 = CIRCLE ( 'NONE', #5967, 0.4808357018628978685 ) ;
#475 = CARTESIAN_POINT ( 'NONE',  ( 0.4598611446829223293, 0.7699999999999997957, -1.025179901899862855 ) ) ;
#476 = ORIENTED_EDGE ( 'NONE', *, *, #2738, .F. ) ;
#477 = CARTESIAN_POINT ( 'NONE',  ( -0.5324570246286612907, 0.7699999999999997957, 1.233966404223329372 ) ) ;
#478 = CARTESIAN_POINT ( 'NONE',  ( -0.9274390243902435049, 0.7699999999999997957, 1.475819359756098015 ) ) ;
#479 = ADVANCED_FACE ( 'NONE', ( #927 ), #2775, .T. ) ;
#480 = ORIENTED_EDGE ( 'NONE', *, *, #3196, .T. ) ;
#481 = ORIENTED_EDGE ( 'NONE', *, *, #1106, .T. ) ;
#483 = DIRECTION ( 'NONE',  ( 2.024313492015265518E-14, 0.000000000000000000, 1.000000000000000000 ) ) ;
#482 = CARTESIAN_POINT ( 'NONE',  ( 1.507204303924984945, 0.7599999999999997868, 1.419454016432457832 ) ) ;
#484 = EDGE_CURVE ( 'NONE', #4615, #275, #4617, .T. ) ;
#485 = CARTESIAN_POINT ( 'NONE',  ( -0.4788525076376887735, 0.7699999999999997957, 1.410700096952532512 ) ) ;
#486 = VECTOR ( 'NONE', #2821, 1000.000000000000000 ) ;
#487 = CARTESIAN_POINT ( 'NONE',  ( 1.322560975609756051, 0.7599999999999992317, 0.5890243902439027401 ) ) ;
#488 = ORIENTED_EDGE ( 'NONE', *, *, #3409, .T. ) ;
#489 = EDGE_CURVE ( 'NONE', #2485, #2994, #5211, .T. ) ;
#490 = CARTESIAN_POINT ( 'NONE',  ( 0.4445121951219513368, 0.7599999999999997868, 1.062004573170731492 ) ) ;
#491 = LINE ( 'NONE', #1391, #556 ) ;
#492 = DIRECTION ( 'NONE',  ( -0.000000000000000000, -1.000000000000000000, -0.000000000000000000 ) ) ;
#493 = CARTESIAN_POINT ( 'NONE',  ( 0.4889054252311232918, 0.7599999999999997868, 0.7817318149242049596 ) ) ;
#494 = CIRCLE ( 'NONE', #4347, 0.2000000000000000944 ) ;
#495 = CARTESIAN_POINT ( 'NONE',  ( 0.6310975609756100946, 0.7599999999999997868, 0.5890243902439025181 ) ) ;
#496 = CARTESIAN_POINT ( 'NONE',  ( -5.000000000000000000, 0.2699999999999987965, 2.600000000000000089 ) ) ;
#497 = VERTEX_POINT ( 'NONE', #3731 ) ;
#498 = CARTESIAN_POINT ( 'NONE',  ( 0.3803992256634396441, 0.7599999999999995648, 1.367369651798794550 ) ) ;
#499 = DIRECTION ( 'NONE',  ( -0.000000000000000000, -1.000000000000000000, -0.000000000000000000 ) ) ;
#500 = ORIENTED_EDGE ( 'NONE', *, *, #3782, .F. ) ;
#501 = CARTESIAN_POINT ( 'NONE',  ( -2.450000000000001066, 0.7699999999999997957, -2.600000000000000089 ) ) ;
#502 = CARTESIAN_POINT ( 'NONE',  ( -0.5323170731707311809, 0.7699999999999997957, 1.227153201219512768 ) ) ;
#503 = ORIENTED_EDGE ( 'NONE', *, *, #4247, .F. ) ;
#504 = CARTESIAN_POINT ( 'NONE',  ( -0.4609955243500407085, 0.7699999999999997957, 1.387998529678242665 ) ) ;
#505 = PLANE ( 'NONE',  #5915 ) ;
#506 = ADVANCED_FACE ( 'NONE', ( #5545 ), #5180, .T. ) ;
#507 = DIRECTION ( 'NONE',  ( 0.000000000000000000, 1.000000000000000000, 0.000000000000000000 ) ) ;
#508 = ORIENTED_EDGE ( 'NONE', *, *, #1108, .F. ) ;
#509 = CARTESIAN_POINT ( 'NONE',  ( 1.316387195121951681, 0.7599999999999997868, 0.6878048780487808767 ) ) ;
#510 = AXIS2_PLACEMENT_3D ( 'NONE', #3611, #4096, #5034 ) ;
#511 = CARTESIAN_POINT ( 'NONE',  ( -1.103048780487803970, 0.7699999999999997957, 1.006097560975610206 ) ) ;
#512 = ORIENTED_EDGE ( 'NONE', *, *, #392, .F. ) ;
#513 = ORIENTED_EDGE ( 'NONE', *, *, #5394, .F. ) ;
#515 = CARTESIAN_POINT ( 'NONE',  ( -0.4306485298155332542, 0.7599999999999997868, -0.8557455865011125429 ) ) ;
#514 = CARTESIAN_POINT ( 'NONE',  ( 1.015947368980053112, 0.7699999999999997957, 1.118990199611845426 ) ) ;
#516 = CARTESIAN_POINT ( 'NONE',  ( -0.5476263027075407575, 0.7599999999999997868, 1.466358859896788713 ) ) ;
#517 = CARTESIAN_POINT ( 'NONE',  ( 1.190453123164000537, 0.7699999999999997957, 0.6187485234774025011 ) ) ;
#518 = ORIENTED_EDGE ( 'NONE', *, *, #5284, .F. ) ;
#519 = LINE ( 'NONE', #158, #4911 ) ;
#520 = EDGE_CURVE ( 'NONE', #688, #3482, #2868, .T. ) ;
#521 = CARTESIAN_POINT ( 'NONE',  ( -2.450000000000001066, 0.7699999999999997957, -7.507433137598514605 ) ) ;
#522 = LINE ( 'NONE', #5566, #4457 ) ;
#523 = CARTESIAN_POINT ( 'NONE',  ( 0.7776807936084675354, 0.7599999999999997868, -0.6355160981517656849 ) ) ;
#524 = CARTESIAN_POINT ( 'NONE',  ( 1.432887929965031892, 0.7599999999999995648, 1.343928308114218151 ) ) ;
#525 = ORIENTED_EDGE ( 'NONE', *, *, #2545, .T. ) ;
#526 = CARTESIAN_POINT ( 'NONE',  ( 0.3237804878048783919, 0.7699999999999997957, 1.067492378048780610 ) ) ;
#527 = VECTOR ( 'NONE', #4215, 1000.000000000000000 ) ;
#528 = FACE_OUTER_BOUND ( 'NONE', #2081, .T. ) ;
#529 = DIRECTION ( 'NONE',  ( 0.000000000000000000, 1.000000000000000000, 0.000000000000000000 ) ) ;
#530 = CARTESIAN_POINT ( 'NONE',  ( 0.3342930454262337259, 0.7699999999999997957, 0.9076161350652367510 ) ) ;
#531 = VECTOR ( 'NONE', #1981, 1000.000000000000000 ) ;
#532 = EDGE_LOOP ( 'NONE', ( #4101, #3616, #2308, #2135 ) ) ;
#533 = CARTESIAN_POINT ( 'NONE',  ( -0.7012046067965155283, 0.7699999999999997957, 1.510354349983501931 ) ) ;
#534 = CARTESIAN_POINT ( 'NONE',  ( 0.5288362637693343471, 0.7599999999999997868, 0.6051682785941017162 ) ) ;
#535 = FACE_OUTER_BOUND ( 'NONE', #3709, .T. ) ;
#536 = ORIENTED_EDGE ( 'NONE', *, *, #4216, .T. ) ;
#537 = CARTESIAN_POINT ( 'NONE',  ( -0.5399815728255479286, 0.7699999999999997957, 1.285252365571777800 ) ) ;
#538 = VECTOR ( 'NONE', #4652, 1000.000000000000000 ) ;
#539 = ORIENTED_EDGE ( 'NONE', *, *, #2512, .T. ) ;
#541 = CARTESIAN_POINT ( 'NONE',  ( 0.4598611446829223293, 0.7599999999999997868, -1.025179901899862855 ) ) ;
#540 = CARTESIAN_POINT ( 'NONE',  ( 1.456428610911932431, 0.7699999999999997957, -1.503873276446018314 ) ) ;
#542 = CARTESIAN_POINT ( 'NONE',  ( -0.8356212379100083076, 0.7699999999999997957, 1.400714614025498683 ) ) ;
#543 = CARTESIAN_POINT ( 'NONE',  ( 1.113948943104750233, 0.7599999999999992317, 0.6816808932241341656 ) ) ;
#544 = ORIENTED_EDGE ( 'NONE', *, *, #849, .T. ) ;
#545 = PLANE ( 'NONE',  #2025 ) ;
#546 = CARTESIAN_POINT ( 'NONE',  ( 1.607926829268292890, 0.7699999999999997957, 1.046227134146341831 ) ) ;
#547 = CARTESIAN_POINT ( 'NONE',  ( 1.279714504865960389, 0.7599999999999997868, -1.344444174494791033 ) ) ;
#548 = DIRECTION ( 'NONE',  ( 0.000000000000000000, 0.000000000000000000, 1.000000000000000000 ) ) ;
#549 = CARTESIAN_POINT ( 'NONE',  ( -0.6260983368885785216, 0.7699999999999997957, 1.075807004428627200 ) ) ;
#550 = CARTESIAN_POINT ( 'NONE',  ( 1.476846647711975047, 0.7699999999999997957, 1.211187042981139328 ) ) ;
#551 = CIRCLE ( 'NONE', #5946, 0.5182076432344447925 ) ;
#552 = VERTEX_POINT ( 'NONE', #2801 ) ;
#553 = CARTESIAN_POINT ( 'NONE',  ( 0.5780739532428117444, 0.7699999999999997957, 1.510102841502850568 ) ) ;
#554 = DIRECTION ( 'NONE',  ( 0.7013758018418158047, 0.000000000000000000, 0.7127916838675587563 ) ) ;
#555 = CARTESIAN_POINT ( 'NONE',  ( 1.431439654878425394, 0.7699999999999997957, 1.481776778436066255 ) ) ;
#556 = VECTOR ( 'NONE', #76, 1000.000000000000000 ) ;
#557 = FACE_BOUND ( 'NONE', #4646, .T. ) ;
#558 = ORIENTED_EDGE ( 'NONE', *, *, #1139, .F. ) ;
#559 = CARTESIAN_POINT ( 'NONE',  ( -0.5476263027075407575, 0.7699999999999997957, 1.466358859896788713 ) ) ;
#560 = VECTOR ( 'NONE', #263, 1000.000000000000000 ) ;
#561 = DIRECTION ( 'NONE',  ( -0.000000000000000000, 0.000000000000000000, 1.000000000000000000 ) ) ;
#562 = FACE_OUTER_BOUND ( 'NONE', #736, .T. ) ;
#563 = EDGE_LOOP ( 'NONE', ( #698, #4924, #1824, #1399 ) ) ;
#564 = CARTESIAN_POINT ( 'NONE',  ( -0.6340973503378045661, 0.7599999999999997868, 1.500180174338724859 ) ) ;
#565 = EDGE_CURVE ( 'NONE', #658, #4958, #329, .T. ) ;
#566 = VECTOR ( 'NONE', #1675, 1000.000000000000000 ) ;
#567 = B_SPLINE_CURVE_WITH_KNOTS ( 'NONE', 3,
 ( #5922, #4605, #5541, #468, #950, #2214, #22, #5894, #1309, #2700, #2241, #4573, #4084, #3631, #3178, #2273, #5024, #888, #1825 ),
 .UNSPECIFIED., .F., .F.,
 ( 4, 1, 1, 1, 1, 1, 1, 1, 1, 1, 1, 1, 1, 1, 1, 1, 4 ),
 ( 0.000000000000000000, 0.09697942603676498741, 0.1881792242325919795, 0.2729478490636774168, 0.3518960118323621877, 0.4254998963396904865, 0.4932977494323597112, 0.5564930178660326687, 0.6144896589205336435, 0.6688315566574664084, 0.7193994760383196629, 0.7674305292249518073, 0.8133638072036853961, 0.8583580849957381798, 0.9039393915510373079, 0.9508273802187595658, 0.9999999999999998890 ),
 .UNSPECIFIED. ) ;
#568 = EDGE_LOOP ( 'NONE', ( #3254, #2463, #3708, #2402 ) ) ;
#570 = CARTESIAN_POINT ( 'NONE',  ( -0.6719748125986642062, 0.7599999999999997868, -0.7789723031679439691 ) ) ;
#569 = CARTESIAN_POINT ( 'NONE',  ( -0.7580682802109789398, 0.7599999999999997868, -0.3732802074747250676 ) ) ;
#571 = B_SPLINE_CURVE_WITH_KNOTS ( 'NONE', 3,
 ( #3526, #3134, #5856, #2567, #5886, #4443, #4987, #2173, #5438, #4857, #5347, #2234, #1752, #813, #3624, #5825, #4010, #848, #4409 ),
 .UNSPECIFIED., .F., .F.,
 ( 4, 1, 1, 1, 1, 1, 1, 1, 1, 1, 1, 1, 1, 1, 1, 1, 4 ),
 ( 0.000000000000000000, 0.05603985952507985202, 0.1092998096634133776, 0.1611367880925371199, 0.2117520666770185966, 0.2624215750523271051, 0.3138370126196214915, 0.3670969627579549477, 0.4227747856106863766, 0.4813544446619645312, 0.5429283450879769379, 0.6078009428411533799, 0.6767246608579455813, 0.7501625208766301567, 0.8284183513048586356, 0.9117013351124153564, 0.9999999999999998890 ),
 .UNSPECIFIED. ) ;
#572 = EDGE_CURVE ( 'NONE', #5750, #861, #142, .T. ) ;
#573 = FACE_OUTER_BOUND ( 'NONE', #2074, .T. ) ;
#574 = CARTESIAN_POINT ( 'NONE',  ( 1.074683726020972729, 0.7699999999999997957, 0.7426311483829046711 ) ) ;
#575 = VERTEX_POINT ( 'NONE', #1494 ) ;
#576 = CARTESIAN_POINT ( 'NONE',  ( 1.272779648922131024, 0.7599999999999997868, -0.3052017748453783041 ) ) ;
#577 = PERSON_AND_ORGANIZATION ( #4016, #2818 ) ;
#578 = CARTESIAN_POINT ( 'NONE',  ( 0.9163157398265776576, 0.7699999999999997957, 1.027756078840880605 ) ) ;
#579 = CARTESIAN_POINT ( 'NONE',  ( 0.6108612804878053026, 0.7599999999999994538, 1.510975609756097793 ) ) ;
#580 = DIRECTION ( 'NONE',  ( -0.000000000000000000, 1.000000000000000000, -0.000000000000000000 ) ) ;
#581 = CARTESIAN_POINT ( 'NONE',  ( 1.484781670793507313, 0.7599999999999997868, 1.138776230506281184 ) ) ;
#582 = ORIENTED_EDGE ( 'NONE', *, *, #2376, .F. ) ;
#583 = DIRECTION ( 'NONE',  ( 0.000000000000000000, 0.000000000000000000, 1.000000000000000000 ) ) ;
#584 = EDGE_CURVE ( 'NONE', #4620, #2869, #5608, .T. ) ;
#585 = CARTESIAN_POINT ( 'NONE',  ( 1.463761381250406224, 0.7699999999999997957, 0.8323696326485686692 ) ) ;
#586 = CARTESIAN_POINT ( 'NONE',  ( 1.279714504865960389, 0.7599999999999997868, -1.344444174494791033 ) ) ;
#587 = DIRECTION ( 'NONE',  ( -1.000000000000000000, 0.000000000000000000, 0.000000000000000000 ) ) ;
#588 = CARTESIAN_POINT ( 'NONE',  ( -0.5744429489372778752, 0.7699999999999997957, 1.480376570092419630 ) ) ;
#589 = DIRECTION ( 'NONE',  ( 0.04111746171125637422, -0.000000000000000000, 0.9991543195835282942 ) ) ;
#590 = LOCAL_TIME ( 13, 33, 6.000000000000000000, #1115 ) ;
#591 = ADVANCED_FACE ( 'NONE', ( #4731 ), #5658, .T. ) ;
#592 = B_SPLINE_CURVE_WITH_KNOTS ( 'NONE', 3,
 ( #2894, #1439, #1929, #3738, #2438, #97, #2867, #1469, #147, #987, #64, #5215, #4647, #4736, #564, #2839, #1897, #3823, #4282 ),
 .UNSPECIFIED., .F., .F.,
 ( 4, 1, 1, 1, 1, 1, 1, 1, 1, 1, 1, 1, 1, 1, 1, 1, 4 ),
 ( 0.000000000000000000, 0.06488527681657779711, 0.1271384161393487588, 0.1873270973904664349, 0.2461955700795510626, 0.3038706566704955647, 0.3616887795469060363, 0.4199839335589396483, 0.4796231941939221310, 0.5398249918547916026, 0.6002412912934530498, 0.6615031316206386736, 0.7239598388480764646, 0.7888282650204220259, 0.8559495557432337254, 0.9264211154567252304, 1.000000000000000000 ),
 .UNSPECIFIED. ) ;
#593 = DIRECTION ( 'NONE',  ( 1.224646799147353207E-16, 1.000000000000000000, -0.000000000000000000 ) ) ;
#594 = VERTEX_POINT ( 'NONE', #4755 ) ;
#595 = ADVANCED_FACE ( 'NONE', ( #615 ), #699, .F. ) ;
#596 = CARTESIAN_POINT ( 'NONE',  ( -0.6048585476591068488, 0.7699999999999997957, 1.373725745599488457 ) ) ;
#597 = ADVANCED_FACE ( 'NONE', ( #2086 ), #2572, .F. ) ;
#598 = ORIENTED_EDGE ( 'NONE', *, *, #426, .T. ) ;
#600 = CARTESIAN_POINT ( 'NONE',  ( -1.103048780487803970, 0.7699999999999997957, 1.006097560975610206 ) ) ;
#599 = DIRECTION ( 'NONE',  ( 0.000000000000000000, 0.000000000000000000, 1.000000000000000000 ) ) ;
#601 = CARTESIAN_POINT ( 'NONE',  ( 1.577328745522045494, 0.7599999999999997868, 1.286265459232918129 ) ) ;
#602 = DIRECTION ( 'NONE',  ( -0.7013758018419841145, 0.000000000000000000, -0.7127916838673933331 ) ) ;
#603 = VERTEX_POINT ( 'NONE', #4333 ) ;
#604 = VERTEX_POINT ( 'NONE', #3420 ) ;
#605 = CARTESIAN_POINT ( 'NONE',  ( 0.4448850360433024842, 0.7599999999999997868, 1.017680584132083510 ) ) ;
#606 = CARTESIAN_POINT ( 'NONE',  ( -2.450000000000001066, 0.7477381076453414321, -2.600000000000000089 ) ) ;
#607 = DIRECTION ( 'NONE',  ( 0.6880188545941320344, 0.000000000000000000, -0.7256928108524836052 ) ) ;
#608 = DIRECTION ( 'NONE',  ( -0.000000000000000000, -0.000000000000000000, -1.000000000000000000 ) ) ;
#609 = VERTEX_POINT ( 'NONE', #2036 ) ;
#610 = CARTESIAN_POINT ( 'NONE',  ( -0.4226931561142197591, 0.7699999999999997957, 1.132474037345835738 ) ) ;
#611 = ADVANCED_FACE ( 'NONE', ( #281 ), #5321, .F. ) ;
#612 = CARTESIAN_POINT ( 'NONE',  ( 1.302324695121951592, 0.7699999999999997957, 1.510975609756098015 ) ) ;
#613 = DIRECTION ( 'NONE',  ( 1.511927730809485547E-14, 0.000000000000000000, 1.000000000000000000 ) ) ;
#614 = EDGE_LOOP ( 'NONE', ( #2384, #5902, #3724, #5326 ) ) ;
#615 = FACE_OUTER_BOUND ( 'NONE', #4518, .T. ) ;
#616 = EDGE_CURVE ( 'NONE', #2498, #861, #3929, .T. ) ;
#617 = AXIS2_PLACEMENT_3D ( 'NONE', #2314, #2188, #2771 ) ;
#618 = CARTESIAN_POINT ( 'NONE',  ( 0.002114784598235275315, 0.7599999999999997868, -0.3794494053059133121 ) ) ;
#619 = VECTOR ( 'NONE', #4301, 1000.000000000000000 ) ;
#620 = CARTESIAN_POINT ( 'NONE',  ( -0.6085470295934756191, 0.7599999999999997868, 1.085305502445337300 ) ) ;
#621 = ORIENTED_EDGE ( 'NONE', *, *, #1290, .F. ) ;
#622 = CARTESIAN_POINT ( 'NONE',  ( 1.192438292909244302, 0.7699999999999997957, 0.7597213549554096002 ) ) ;
#623 = EDGE_LOOP ( 'NONE', ( #776, #2672, #3112, #3773 ) ) ;
#625 = DIRECTION ( 'NONE',  ( 0.7013758018418158047, 0.000000000000000000, 0.7127916838675587563 ) ) ;
#624 = DIRECTION ( 'NONE',  ( 0.000000000000000000, 1.000000000000000000, 0.000000000000000000 ) ) ;
#626 = CARTESIAN_POINT ( 'NONE',  ( -0.5646711590968089833, 0.7599999999999997868, 1.334407774212510001 ) ) ;
#627 = CARTESIAN_POINT ( 'NONE',  ( 1.015823280089624081, 0.7699999999999997957, 1.011410105044662888 ) ) ;
#628 = ORIENTED_EDGE ( 'NONE', *, *, #325, .F. ) ;
#629 = ORIENTED_EDGE ( 'NONE', *, *, #1529, .T. ) ;
#630 = CARTESIAN_POINT ( 'NONE',  ( -0.4581059576621213103, 0.7599999999999997868, 1.060511065528261909 ) ) ;
#631 = EDGE_CURVE ( 'NONE', #603, #5686, #1602, .T. ) ;
#632 = DIRECTION ( 'NONE',  ( 0.000000000000000000, 0.000000000000000000, 1.000000000000000000 ) ) ;
#633 = CARTESIAN_POINT ( 'NONE',  ( 0.4448850360433024842, 0.7699999999999997957, 1.017680584132083510 ) ) ;
#634 = DIRECTION ( 'NONE',  ( -0.000000000000000000, 0.000000000000000000, 1.000000000000000000 ) ) ;
#635 = CARTESIAN_POINT ( 'NONE',  ( 0.7282563981945593401, 0.7599999999999997868, 1.362032257151438053 ) ) ;
#636 = ORIENTED_EDGE ( 'NONE', *, *, #2348, .T. ) ;
#637 = CARTESIAN_POINT ( 'NONE',  ( -0.4748712839718012835, 0.7699999999999997957, 1.039856568521047242 ) ) ;
#638 = EDGE_CURVE ( 'NONE', #2779, #1890, #2119, .T. ) ;
#639 = EDGE_CURVE ( 'NONE', #3867, #913, #726, .T. ) ;
#640 = PLANE ( 'NONE',  #278 ) ;
#641 = LINE ( 'NONE', #3844, #1671 ) ;
#642 = CYLINDRICAL_SURFACE ( 'NONE', #3515, 0.5182076432344447925 ) ;
#643 = CARTESIAN_POINT ( 'NONE',  ( -2.450000000000001066, 0.7699999999999997957, 2.600000000000000089 ) ) ;
#644 = ADVANCED_FACE ( 'NONE', ( #5799 ), #1575, .F. ) ;
#645 = DIRECTION ( 'NONE',  ( 0.000000000000000000, -0.000000000000000000, 1.000000000000000000 ) ) ;
#646 = CARTESIAN_POINT ( 'NONE',  ( -1.014160713550104953, 0.7599999999999997868, -1.168135470357039685 ) ) ;
#647 = VECTOR ( 'NONE', #19, 1000.000000000000000 ) ;
#648 = VECTOR ( 'NONE', #1898, 1000.000000000000000 ) ;
#649 = LINE ( 'NONE', #1635, #444 ) ;
#650 = ORIENTED_EDGE ( 'NONE', *, *, #765, .F. ) ;
#651 = CARTESIAN_POINT ( 'NONE',  ( 1.153136732609185033, 0.7699999999999997957, 0.8653775929079338125 ) ) ;
#652 = EDGE_LOOP ( 'NONE', ( #5454, #4797, #3935, #5589 ) ) ;
#653 = DIRECTION ( 'NONE',  ( 0.000000000000000000, 1.000000000000000000, 0.000000000000000000 ) ) ;
#654 = CARTESIAN_POINT ( 'NONE',  ( -0.5327310784139914768, 0.7699999999999997957, 1.247308059258841251 ) ) ;
#655 = ADVANCED_FACE ( 'NONE', ( #222 ), #2510, .F. ) ;
#656 = CARTESIAN_POINT ( 'NONE',  ( 1.015243902439024737, 0.7699999999999997957, 1.067492378048780832 ) ) ;
#657 = ORIENTED_EDGE ( 'NONE', *, *, #4021, .F. ) ;
#658 = VERTEX_POINT ( 'NONE', #4303 ) ;
#660 = CARTESIAN_POINT ( 'NONE',  ( 0.8992120866982190597, 0.7599999999999997868, 0.8471464229908015620 ) ) ;
#659 = CARTESIAN_POINT ( 'NONE',  ( -0.7369092987804872763, 0.7699999999999997957, 1.510975609756098015 ) ) ;
#661 = DATE_AND_TIME ( #3319, #683 ) ;
#662 = B_SPLINE_CURVE_WITH_KNOTS ( 'NONE', 3,
 ( #1147, #1089, #215, #2989, #5734, #4377, #2935, #635, #3923, #1515, #3441, #135, #4802, #2478, #4826, #1999, #2908, #3412, #189 ),
 .UNSPECIFIED., .F., .F.,
 ( 4, 1, 1, 1, 1, 1, 1, 1, 1, 1, 1, 1, 1, 1, 1, 1, 4 ),
 ( 0.000000000000000000, 0.04801005732536415410, 0.09376792031107412939, 0.1383995575639646314, 0.1832329916563014138, 0.2286731167418777355, 0.2760741692364251931, 0.3265609897890618396, 0.3807746706440630069, 0.4393867364743091475, 0.5025738687973745344, 0.5709712500516577194, 0.6451456935240450496, 0.7245249646182785330, 0.8101810242241386240, 0.9022224124648048349, 1.000000000000000000 ),
 .UNSPECIFIED. ) ;
#663 = EDGE_CURVE ( 'NONE', #3600, #3227, #474, .T. ) ;
#664 = EDGE_CURVE ( 'NONE', #603, #1373, #2967, .T. ) ;
#665 = CARTESIAN_POINT ( 'NONE',  ( 0.3239778070150207134, 0.7599999999999997868, 1.048392383769221281 ) ) ;
#666 = CARTESIAN_POINT ( 'NONE',  ( 1.432887929965031892, 0.7599999999999997868, 1.343928308114218151 ) ) ;
#667 = VERTEX_POINT ( 'NONE', #4831 ) ;
#668 = EDGE_CURVE ( 'NONE', #4068, #3095, #3476, .T. ) ;
#669 = DIRECTION ( 'NONE',  ( -0.000000000000000000, 1.000000000000000000, -0.000000000000000000 ) ) ;
#670 = PLANE ( 'NONE',  #2455 ) ;
#671 = EDGE_LOOP ( 'NONE', ( #1769, #3215, #5861, #136 ) ) ;
#672 = CARTESIAN_POINT ( 'NONE',  ( 0.6981884183354228890, 0.7699999999999997957, 1.390302060497695447 ) ) ;
#673 = LINE ( 'NONE', #5741, #2085 ) ;
#674 = VECTOR ( 'NONE', #5647, 1000.000000000000000 ) ;
#675 = DIRECTION ( 'NONE',  ( 0.000000000000000000, 0.000000000000000000, 1.000000000000000000 ) ) ;
#676 = CARTESIAN_POINT ( 'NONE',  ( -0.6878615709252049459, 0.7599999999999997868, 1.056121088764265137 ) ) ;
#677 = EDGE_LOOP ( 'NONE', ( #4978, #4973, #3378, #1819 ) ) ;
#678 = DIRECTION ( 'NONE',  ( 0.000000000000000000, 1.000000000000000000, 0.000000000000000000 ) ) ;
#679 = EDGE_CURVE ( 'NONE', #2437, #5066, #5128, .T. ) ;
#680 = VERTEX_POINT ( 'NONE', #3077 ) ;
#681 = CARTESIAN_POINT ( 'NONE',  ( 0.3338303354689522995, 0.7699999999999997957, 1.214617812700073518 ) ) ;
#682 = CARTESIAN_POINT ( 'NONE',  ( -0.5546633711883781626, 0.7599999999999997868, 1.319057722362789731 ) ) ;
#683 = LOCAL_TIME ( 13, 33, 6.000000000000000000, #1482 ) ;
#684 = DIRECTION ( 'NONE',  ( -0.000000000000000000, 0.000000000000000000, 1.000000000000000000 ) ) ;
#685 = EDGE_CURVE ( 'NONE', #3676, #4649, #3174, .T. ) ;
#686 = CARTESIAN_POINT ( 'NONE',  ( 1.019698025088904059, 0.7699999999999997957, 0.9577215403777638025 ) ) ;
#687 = ORIENTED_EDGE ( 'NONE', *, *, #3007, .T. ) ;
#688 = VERTEX_POINT ( 'NONE', #883 ) ;
#690 = CARTESIAN_POINT ( 'NONE',  ( 0.8056211552241945295, 0.7599999999999997868, 0.6531183107083951001 ) ) ;
#689 = CARTESIAN_POINT ( 'NONE',  ( -0.2607345472303137512, 0.7599999999999997868, -0.8930402112659507896 ) ) ;
#691 = SECURITY_CLASSIFICATION_LEVEL ( 'unclassified' ) ;
#692 = CARTESIAN_POINT ( 'NONE',  ( 0.4224855284706036107, 0.7699999999999997957, 0.6816808932241339436 ) ) ;
#693 = DIRECTION ( 'NONE',  ( 0.7130974311049571579, 0.000000000000000000, -0.7010649426062544043 ) ) ;
#694 = ORIENTED_EDGE ( 'NONE', *, *, #5795, .F. ) ;
#695 = CARTESIAN_POINT ( 'NONE',  ( -1.103048780487803970, 0.7699999999999997957, 1.104878048780488120 ) ) ;
#696 = EDGE_CURVE ( 'NONE', #3207, #1535, #3530, .T. ) ;
#697 = CARTESIAN_POINT ( 'NONE',  ( 0.3512998121464835921, 0.7599999999999997868, -1.364542048095912063 ) ) ;
#698 = ORIENTED_EDGE ( 'NONE', *, *, #3975, .F. ) ;
#699 = PLANE ( 'NONE',  #2014 ) ;
#700 = CARTESIAN_POINT ( 'NONE',  ( -1.081097560975608385, 0.7599999999999997868, -7.507433137598514605 ) ) ;
#701 = CARTESIAN_POINT ( 'NONE',  ( -2.941421356237309492, 0.3285786437626893597, -2.600000000000000089 ) ) ;
#702 = CARTESIAN_POINT ( 'NONE',  ( -0.5470393391602383915, 0.7599999999999997868, 1.152575034076662730 ) ) ;
#703 = ORIENTED_EDGE ( 'NONE', *, *, #5680, .T. ) ;
#704 = ADVANCED_FACE ( 'NONE', ( #1817 ), #2696, .T. ) ;
#705 = LINE ( 'NONE', #3483, #5287 ) ;
#706 = DIRECTION ( 'NONE',  ( 0.7071067811865463515, 0.7071067811865487940, 0.000000000000000000 ) ) ;
#707 = AXIS2_PLACEMENT_3D ( 'NONE', #469, #2859, #4668 ) ;
#708 = AXIS2_PLACEMENT_3D ( 'NONE', #3701, #5152, #3278 ) ;
#709 = ORIENTED_EDGE ( 'NONE', *, *, #4860, .F. ) ;
#710 = CARTESIAN_POINT ( 'NONE',  ( 0.3523372623650575242, 0.7699999999999997957, 1.297374240035441773 ) ) ;
#711 = LINE ( 'NONE', #5246, #560 ) ;
#712 = CARTESIAN_POINT ( 'NONE',  ( 0.7561699984308216660, 0.7699999999999997957, 0.6170893030102108101 ) ) ;
#713 = CARTESIAN_POINT ( 'NONE',  ( 1.180368839865269193, 0.7699999999999997957, 0.7817318149242047376 ) ) ;
#714 = ORIENTED_EDGE ( 'NONE', *, *, #2177, .T. ) ;
#715 = VERTEX_POINT ( 'NONE', #4542 ) ;
#717 = LINE ( 'NONE', #5762, #2482 ) ;
#716 = CARTESIAN_POINT ( 'NONE',  ( 1.208343980335706336, 0.7699999999999997957, 1.495735846669839608 ) ) ;
#718 = CARTESIAN_POINT ( 'NONE',  ( -0.2563660438559333676, 0.7599999999999997868, -1.199375013914536270 ) ) ;
#719 = FACE_OUTER_BOUND ( 'NONE', #5089, .T. ) ;
#720 = ORIENTED_EDGE ( 'NONE', *, *, #2348, .F. ) ;
#721 = CARTESIAN_POINT ( 'NONE',  ( -0.5323170731707311809, 0.7599999999999997868, 1.227153201219513212 ) ) ;
#722 = CARTESIAN_POINT ( 'NONE',  ( -0.9219449491822953036, 0.7599999999999997868, 1.478674185882440151 ) ) ;
#723 = VECTOR ( 'NONE', #4460, 999.9999999999998863 ) ;
#724 = CARTESIAN_POINT ( 'NONE',  ( 1.312957317073170982, 0.7599999999999997868, 1.412195121951219656 ) ) ;
#725 = CARTESIAN_POINT ( 'NONE',  ( 0.4469607915844184265, 0.7600000000000001199, 1.143231155084991402 ) ) ;
#726 = LINE ( 'NONE', #643, #4421 ) ;
#727 = DIRECTION ( 'NONE',  ( 0.000000000000000000, 0.000000000000000000, 1.000000000000000000 ) ) ;
#728 = CARTESIAN_POINT ( 'NONE',  ( 1.447633413064967955, 0.7599999999999994538, 0.6170893030102110322 ) ) ;
#729 = CARTESIAN_POINT ( 'NONE',  ( 3.082842712474619162, 0.2699999999999987965, -2.600000000000000089 ) ) ;
#730 = CARTESIAN_POINT ( 'NONE',  ( -2.450000000000001066, 0.7699999999999997957, -7.507433137598514605 ) ) ;
#731 = ORIENTED_EDGE ( 'NONE', *, *, #2315, .F. ) ;
#732 = DIRECTION ( 'NONE',  ( -1.000000000000000000, 0.000000000000000000, 0.000000000000000000 ) ) ;
#733 = VERTEX_POINT ( 'NONE', #5020 ) ;
#734 = CARTESIAN_POINT ( 'NONE',  ( 1.135975609756098015, 0.7599999999999997868, 1.062004573170731492 ) ) ;
#735 = AXIS2_PLACEMENT_3D ( 'NONE', #4664, #1035, #583 ) ;
#736 = EDGE_LOOP ( 'NONE', ( #404, #3924, #4398, #1024 ) ) ;
#737 = PLANE ( 'NONE',  #2679 ) ;
#738 = CARTESIAN_POINT ( 'NONE',  ( 1.322560975609756051, 0.7599999999999997868, 0.5890243902439036283 ) ) ;
#739 = CARTESIAN_POINT ( 'NONE',  ( 0.8992120866982190597, 0.7699999999999997957, 0.8471464229908015620 ) ) ;
#740 = AXIS2_PLACEMENT_3D ( 'NONE', #4626, #5104, #934 ) ;
#741 = LINE ( 'NONE', #4322, #784 ) ;
#742 = VECTOR ( 'NONE', #499, 1000.000000000000000 ) ;
#743 = VERTEX_POINT ( 'NONE', #4923 ) ;
#744 = ORIENTED_EDGE ( 'NONE', *, *, #696, .T. ) ;
#746 = CARTESIAN_POINT ( 'NONE',  ( 0.9072073654611069182, 0.7599999999999997868, 0.8918399474877638511 ) ) ;
#745 = CARTESIAN_POINT ( 'NONE',  ( 1.043800676999203647, 0.7599999999999995648, 1.297374240035442217 ) ) ;
#747 = EDGE_CURVE ( 'NONE', #5632, #5536, #3106, .T. ) ;
#748 = CARTESIAN_POINT ( 'NONE',  ( 0.6143267190719461368, 0.7699999999999997957, 1.411947437607837141 ) ) ;
#749 = DIRECTION ( 'NONE',  ( 0.000000000000000000, 0.000000000000000000, 1.000000000000000000 ) ) ;
#750 = AXIS2_PLACEMENT_3D ( 'NONE', #317, #2161, #3093 ) ;
#751 = CARTESIAN_POINT ( 'NONE',  ( 0.4688124280607001704, 0.7599999999999997868, 1.274815124306817093 ) ) ;
#752 = CARTESIAN_POINT ( 'NONE',  ( -0.9219449491822953036, 0.7699999999999997957, 1.478674185882440151 ) ) ;
#753 = VECTOR ( 'NONE', #625, 1000.000000000000114 ) ;
#754 = CARTESIAN_POINT ( 'NONE',  ( 1.141702870011942039, 0.7699999999999997957, 1.180220503743218741 ) ) ;
#755 = CARTESIAN_POINT ( 'NONE',  ( 0.6003253500545988608, 0.7600000000000001199, 1.411463576694295119 ) ) ;
#756 = CARTESIAN_POINT ( 'NONE',  ( -0.7368627174620842046, 0.7599999999999997868, 1.050313073841816713 ) ) ;
#757 = LINE ( 'NONE', #5508, #1127 ) ;
#758 = CARTESIAN_POINT ( 'NONE',  ( -1.495932705747281322, 0.7599999999999997868, -0.3052017748453138002 ) ) ;
#759 = CARTESIAN_POINT ( 'NONE',  ( -0.8229597860795826447, 0.7699999999999997957, 1.506268348291801784 ) ) ;
#760 = LINE ( 'NONE', #2608, #4575 ) ;
#761 = ORIENTED_EDGE ( 'NONE', *, *, #5785, .F. ) ;
#762 = DIRECTION ( 'NONE',  ( 0.000000000000000000, 1.000000000000000000, 0.000000000000000000 ) ) ;
#763 = ORIENTED_EDGE ( 'NONE', *, *, #765, .T. ) ;
#764 = CARTESIAN_POINT ( 'NONE',  ( 1.431439654878425394, 0.7599999999999997868, 1.481776778436066255 ) ) ;
#765 = EDGE_CURVE ( 'NONE', #314, #5699, #1722, .T. ) ;
#766 = EDGE_CURVE ( 'NONE', #3673, #3971, #429, .T. ) ;
#767 = VERTEX_POINT ( 'NONE', #4446 ) ;
#768 = CARTESIAN_POINT ( 'NONE',  ( 0.7716919135029741694, 0.7599999999999997868, 1.272453177102623734 ) ) ;
#769 = ADVANCED_FACE ( 'NONE', ( #786 ), #4079, .F. ) ;
#770 = CARTESIAN_POINT ( 'NONE',  ( 1.568606689760121409, 0.7599999999999997868, 0.7682479757975688717 ) ) ;
#771 = CARTESIAN_POINT ( 'NONE',  ( 0.8056211552241945295, 0.7699999999999997957, 0.6531183107083951001 ) ) ;
#772 = CIRCLE ( 'NONE', #355, 0.2500000000000002220 ) ;
#773 = CARTESIAN_POINT ( 'NONE',  ( 0.9057738123752475667, 0.7699999999999997957, 1.199658049349824784 ) ) ;
#774 = EDGE_LOOP ( 'NONE', ( #245, #3084, #628, #4854 ) ) ;
#775 = CC_DESIGN_APPROVAL ( #1287, ( #223 ) ) ;
#776 = ORIENTED_EDGE ( 'NONE', *, *, #2714, .F. ) ;
#778 = CARTESIAN_POINT ( 'NONE',  ( 1.169443403010015148, 0.7599999999999997868, -0.8657939609684663917 ) ) ;
#777 = CARTESIAN_POINT ( 'NONE',  ( 1.109242883744625097, 0.7699999999999997957, 1.424275484779585321 ) ) ;
#779 = CARTESIAN_POINT ( 'NONE',  ( 0.4502394553777958608, 0.7699999999999997957, 1.180220503743218519 ) ) ;
#780 = LINE ( 'NONE', #4536, #5814 ) ;
#781 = CARTESIAN_POINT ( 'NONE',  ( 0.4778784840287146340, 0.7599999999999997868, 1.300824508769389043 ) ) ;
#782 = CARTESIAN_POINT ( 'NONE',  ( -0.8706853166100846364, 0.7599999999999997868, 1.497629708507291824 ) ) ;
#783 = CARTESIAN_POINT ( 'NONE',  ( 1.191430586586939233, 0.7699999999999997957, 1.344887391077261629 ) ) ;
#784 = VECTOR ( 'NONE', #3518, 1000.000000000000000 ) ;
#785 = CARTESIAN_POINT ( 'NONE',  ( 0.2582879572076157149, 0.7599999999999997868, -0.6368431279601127759 ) ) ;
#786 = FACE_OUTER_BOUND ( 'NONE', #4132, .T. ) ;
#787 = ORIENTED_EDGE ( 'NONE', *, *, #5930, .F. ) ;
#788 = CARTESIAN_POINT ( 'NONE',  ( 0.9916545292830794001, 0.7599999999999997868, -0.8930402112659507896 ) ) ;
#789 = CARTESIAN_POINT ( 'NONE',  ( 1.015441221649166836, 0.7599999999999997868, 1.048392383769221725 ) ) ;
#790 = LINE ( 'NONE', #5669, #1822 ) ;
#791 = CARTESIAN_POINT ( 'NONE',  ( -0.2563660438559333676, 0.7599999999999997868, -1.199375013914536270 ) ) ;
#792 = EDGE_LOOP ( 'NONE', ( #4080, #1441, #2136, #629 ) ) ;
#793 = CARTESIAN_POINT ( 'NONE',  ( -2.926776695296636976, 0.07322330470336313457, 2.600000000000000089 ) ) ;
#794 = ORIENTED_EDGE ( 'NONE', *, *, #1205, .T. ) ;
#795 = CARTESIAN_POINT ( 'NONE',  ( -0.4317711915530397793, 0.7599999999999996758, 1.106633043714801978 ) ) ;
#796 = CARTESIAN_POINT ( 'NONE',  ( 0.3832203113868263289, 0.7599999999999997868, 0.7426311483829044491 ) ) ;
#797 = ORIENTED_EDGE ( 'NONE', *, *, #2714, .T. ) ;
#798 = CARTESIAN_POINT ( 'NONE',  ( 0.7282563981945593401, 0.7699999999999997957, 1.362032257151438053 ) ) ;
#799 = CARTESIAN_POINT ( 'NONE',  ( 1.537467484650237415, 0.7599999999999997868, 0.7035280647751621652 ) ) ;
#800 = CARTESIAN_POINT ( 'NONE',  ( -0.1766346205094734834, 0.7699999999999997957, -0.3052017748455521096 ) ) ;
#801 = CARTESIAN_POINT ( 'NONE',  ( 0.7399762402442791043, 0.7599999999999994538, 1.481776778436066255 ) ) ;
#802 = VECTOR ( 'NONE', #5436, 1000.000000000000114 ) ;
#803 = ORIENTED_EDGE ( 'NONE', *, *, #2820, .F. ) ;
#804 = ORIENTED_EDGE ( 'NONE', *, *, #3374, .F. ) ;
#806 = CARTESIAN_POINT ( 'NONE',  ( -0.7888974194041936672, 0.7699999999999997957, 1.409469754599792291 ) ) ;
#805 = LINE ( 'NONE', #322, #2008 ) ;
#807 = VECTOR ( 'NONE', #3360, 1000.000000000000000 ) ;
#808 = LINE ( 'NONE', #5343, #841 ) ;
#809 = CARTESIAN_POINT ( 'NONE',  ( 0.9160297127793505245, 0.7699999999999997957, 0.9919800281037854939 ) ) ;
#810 = CARTESIAN_POINT ( 'NONE',  ( 0.4448711921284079773, 0.7599999999999997868, 1.103530555674704816 ) ) ;
#811 = EDGE_CURVE ( 'NONE', #3429, #2913, #4112, .T. ) ;
#812 = PRODUCT ( 'PEWK 3920-5mΩ', 'PEWK 3920-5mΩ', '', ( #1594 ) ) ;
#813 = CARTESIAN_POINT ( 'NONE',  ( 0.3419862031399526492, 0.7599999999999997868, 1.257593086080182054 ) ) ;
#814 = FACE_OUTER_BOUND ( 'NONE', #4737, .T. ) ;
#815 = CARTESIAN_POINT ( 'NONE',  ( 0.4502394553777958608, 0.7699999999999997957, 1.180220503743218519 ) ) ;
#816 = CARTESIAN_POINT ( 'NONE',  ( -0.6878615709252049459, 0.7599999999999997868, 1.056121088764265137 ) ) ;
#817 = ORIENTED_EDGE ( 'NONE', *, *, #247, .F. ) ;
#818 = CARTESIAN_POINT ( 'NONE',  ( -0.5326748902760707338, 0.7699999999999997957, 1.207039163010046323 ) ) ;
#819 = EDGE_CURVE ( 'NONE', #2492, #5686, #4474, .T. ) ;
#820 = VECTOR ( 'NONE', #1327, 1000.000000000000000 ) ;
#821 = CARTESIAN_POINT ( 'NONE',  ( 1.025756460060380348, 0.7599999999999997868, 0.9076161350652370841 ) ) ;
#822 = CARTESIAN_POINT ( 'NONE',  ( 1.372355395164240877, 0.7699999999999997957, 1.400102848606193717 ) ) ;
#823 = DIRECTION ( 'NONE',  ( 1.000000000000000000, 0.000000000000000000, -1.402124967903881920E-14 ) ) ;
#824 = VERTEX_POINT ( 'NONE', #3594 ) ;
#825 = CYLINDRICAL_SURFACE ( 'NONE', #1715, 0.2500000000000002220 ) ;
#826 = ORIENTED_EDGE ( 'NONE', *, *, #1123, .F. ) ;
#827 = EDGE_CURVE ( 'NONE', #5381, #3039, #494, .T. ) ;
#828 = CARTESIAN_POINT ( 'NONE',  ( -0.6549516466759648381, 0.7599999999999996758, 0.9552615702967444111 ) ) ;
#829 = DIRECTION ( 'NONE',  ( 2.024313492015265834E-14, 0.000000000000000000, 1.000000000000000000 ) ) ;
#830 = CARTESIAN_POINT ( 'NONE',  ( 0.7956144360561920870, 0.7699999999999997957, 1.041308041637374560 ) ) ;
#831 = VERTEX_POINT ( 'NONE', #363 ) ;
#832 = CARTESIAN_POINT ( 'NONE',  ( 0.7953874406939647201, 0.7699999999999997957, 1.012533269798478353 ) ) ;
#833 = LINE ( 'NONE', #5456, #1584 ) ;
#834 = VECTOR ( 'NONE', #3414, 1000.000000000000114 ) ;
#835 = ORIENTED_EDGE ( 'NONE', *, *, #1652, .F. ) ;
#836 = EDGE_CURVE ( 'NONE', #3858, #4114, #4014, .T. ) ;
#837 = ORIENTED_EDGE ( 'NONE', *, *, #631, .F. ) ;
#839 = DIRECTION ( 'NONE',  ( -0.7240541451403367246, 0.000000000000000000, -0.6897431369032216431 ) ) ;
#838 = CARTESIAN_POINT ( 'NONE',  ( 1.563473698393551992, 0.7699999999999997957, 1.324600227924192408 ) ) ;
#840 = VECTOR ( 'NONE', #5531, 1000.000000000000000 ) ;
#841 = VECTOR ( 'NONE', #4041, 1000.000000000000000 ) ;
#842 = ADVANCED_FACE ( 'NONE', ( #1363 ), #1076, .T. ) ;
#843 = VECTOR ( 'NONE', #2586, 1000.000000000000000 ) ;
#844 = DIRECTION ( 'NONE',  ( 0.000000000000000000, 0.000000000000000000, -1.000000000000000000 ) ) ;
#845 = CARTESIAN_POINT ( 'NONE',  ( 0.8992120866982190597, 0.7699999999999997957, 0.8471464229908015620 ) ) ;
#846 = LINE ( 'NONE', #2692, #4986 ) ;
#847 = CC_DESIGN_PERSON_AND_ORGANIZATION_ASSIGNMENT ( #1995, #2985, ( #2513 ) ) ;
#848 = CARTESIAN_POINT ( 'NONE',  ( 0.3240195022785396506, 0.7599999999999997868, 1.084989620629220441 ) ) ;
#849 = EDGE_CURVE ( 'NONE', #4706, #448, #4599, .T. ) ;
#850 = CARTESIAN_POINT ( 'NONE',  ( 1.271508376361146109, 0.7599999999999997868, 1.407211200787210847 ) ) ;
#851 = LINE ( 'NONE', #1628, #3812 ) ;
#852 = VECTOR ( 'NONE', #1221, 1000.000000000000114 ) ;
#853 = ADVANCED_FACE ( 'NONE', ( #461 ), #3754, .F. ) ;
#854 = CARTESIAN_POINT ( 'NONE',  ( -2.450000000000001066, 0.4999999999999997780, -7.507433137598514605 ) ) ;
#855 = ORIENTED_EDGE ( 'NONE', *, *, #1082, .F. ) ;
#856 = LINE ( 'NONE', #5473, #354 ) ;
#857 = VECTOR ( 'NONE', #5069, 1000.000000000000000 ) ;
#858 = CARTESIAN_POINT ( 'NONE',  ( -0.7876714939024386242, 0.7699999999999997957, 0.6987804878048785584 ) ) ;
#859 = CYLINDRICAL_SURFACE ( 'NONE', #1617, 0.2781274262561416744 ) ;
#860 = CARTESIAN_POINT ( 'NONE',  ( 3.082842712474619162, 0.2699999999999987965, 2.600000000000000089 ) ) ;
#861 = VERTEX_POINT ( 'NONE', #5045 ) ;
#862 = DIRECTION ( 'NONE',  ( -0.000000000000000000, 0.000000000000000000, 1.000000000000000000 ) ) ;
#863 = ORIENTED_EDGE ( 'NONE', *, *, #5614, .T. ) ;
#864 = LINE ( 'NONE', #2643, #2678 ) ;
#865 = CARTESIAN_POINT ( 'NONE',  ( 1.406974101688835521, 0.7599999999999995648, 0.7237744651909925331 ) ) ;
#866 = CARTESIAN_POINT ( 'NONE',  ( 0.7776807936084675354, 0.7699999999999997957, -0.6355160981517656849 ) ) ;
#867 = ORIENTED_EDGE ( 'NONE', *, *, #5801, .T. ) ;
#868 = CARTESIAN_POINT ( 'NONE',  ( 0.6831311134208890579, 0.7699999999999997957, 0.7004189892349417246 ) ) ;
#869 = DIRECTION ( 'NONE',  ( 0.000000000000000000, 0.000000000000000000, 1.000000000000000000 ) ) ;
#870 = ADVANCED_FACE ( 'NONE', ( #1913 ), #1514, .F. ) ;
#871 = B_SPLINE_SURFACE_WITH_KNOTS ( 'NONE', 3, 1, ( 
 ( #487, #1873 ),
 ( #4593, #10 ),
 ( #1905, #5945 ),
 ( #5619, #4168 ),
 ( #5561, #2817 ),
 ( #2846, #517 ),
 ( #2359, #3747 ),
 ( #1449, #4683 ),
 ( #543, #2390 ),
 ( #1478, #3316 ),
 ( #2874, #574 ),
 ( #2421, #5497 ),
 ( #2444, #4345 ),
 ( #4795, #1056 ),
 ( #3343, #2927 ),
 ( #1561, #686 ),
 ( #3831, #627 ),
 ( #3008, #182 ),
 ( #2072, #656 ) ),
 .UNSPECIFIED., .F., .F., .F.,
 ( 4, 1, 1, 1, 1, 1, 1, 1, 1, 1, 1, 1, 1, 1, 1, 1, 4 ),
 ( 2, 2 ),
 ( 0.000000000000000000, 0.05677612330904480142, 0.1104620989074518445, 0.1623374698710227104, 0.2130921036254046497, 0.2634136308021913786, 0.3145053870210912095, 0.3671017355053138864, 0.4220415053420479845, 0.4797969225561187212, 0.5407343493434555448, 0.6055229352869633264, 0.6746089815322444672, 0.7483118182538677221, 0.8269991233303967126, 0.9106513749637109578, 1.000000000000000000 ),
 ( 0.000000000000000000, 1.000000000000000000 ),
 .UNSPECIFIED. ) ;
#872 = VERTEX_POINT ( 'NONE', #110 ) ;
#873 = VERTEX_POINT ( 'NONE', #1880 ) ;
#874 = ORIENTED_EDGE ( 'NONE', *, *, #3326, .T. ) ;
#876 = DIRECTION ( 'NONE',  ( -0.7127916838675588673, 0.000000000000000000, 0.7013758018418158047 ) ) ;
#875 = CARTESIAN_POINT ( 'NONE',  ( 1.603518330732012442, 0.7699999999999997957, 1.151442428464635404 ) ) ;
#877 = ADVANCED_FACE ( 'NONE', ( #1941 ), #3778, .F. ) ;
#878 = CARTESIAN_POINT ( 'NONE',  ( 1.019553266744817055, 0.7699999999999997957, -1.199375013914661947 ) ) ;
#879 = DIRECTION ( 'NONE',  ( 1.000000000000000000, 0.000000000000000000, 0.000000000000000000 ) ) ;
#880 = CARTESIAN_POINT ( 'NONE',  ( -0.7472015846278812212, 0.7599999999999997868, 1.510898223666639062 ) ) ;
#881 = DIRECTION ( 'NONE',  ( 0.000000000000000000, 1.000000000000000000, 0.000000000000000000 ) ) ;
#882 = CARTESIAN_POINT ( 'NONE',  ( 0.4783331304587190025, 0.7699999999999997957, 0.8066749532839275760 ) ) ;
#883 = CARTESIAN_POINT ( 'NONE',  ( -0.4115853658536581250, 0.7699999999999997957, 1.219778963414634765 ) ) ;
#884 = VERTEX_POINT ( 'NONE', #1394 ) ;
#885 = CARTESIAN_POINT ( 'NONE',  ( -0.6657367439744299453, 0.7699999999999997957, 1.061275325714628570 ) ) ;
#886 = EDGE_CURVE ( 'NONE', #1324, #5663, #2033, .T. ) ;
#887 = DIRECTION ( 'NONE',  ( -0.9972439947106711555, 0.000000000000000000, -0.07419174491480191869 ) ) ;
#888 = CARTESIAN_POINT ( 'NONE',  ( 1.305790133706092204, 0.7699999999999997957, 1.411947437607837363 ) ) ;
#889 = CARTESIAN_POINT ( 'NONE',  ( 0.5953276170615288132, 0.7699999999999997957, 0.5900135335349340204 ) ) ;
#890 = CARTESIAN_POINT ( 'NONE',  ( 2.416446609406727397, 0.4999999999999991673, 2.600000000000000089 ) ) ;
#891 = ORIENTED_EDGE ( 'NONE', *, *, #5409, .T. ) ;
#892 = CARTESIAN_POINT ( 'NONE',  ( -0.7233612804878045699, 0.7699999999999997957, 0.9512195121951225740 ) ) ;
#893 = CARTESIAN_POINT ( 'NONE',  ( 0.3427391402800833986, 0.7599999999999997868, 0.8610008260708160721 ) ) ;
#894 = EDGE_CURVE ( 'NONE', #3568, #2829, #134, .T. ) ;
#895 = DIRECTION ( 'NONE',  ( -0.000000000000000000, 1.000000000000000000, -0.000000000000000000 ) ) ;
#896 = ORIENTED_EDGE ( 'NONE', *, *, #5336, .F. ) ;
#897 = CARTESIAN_POINT ( 'NONE',  ( 0.7635182248647848224, 0.7699999999999997957, 0.8049979215760428852 ) ) ;
#898 = CARTESIAN_POINT ( 'NONE',  ( 0.9162588738852887049, 0.7699999999999997957, 1.064469353966156273 ) ) ;
#899 = ORIENTED_EDGE ( 'NONE', *, *, #1735, .T. ) ;
#900 = ORIENTED_EDGE ( 'NONE', *, *, #3591, .T. ) ;
#901 = ADVANCED_FACE ( 'NONE', ( #2427 ), #1996, .T. ) ;
#902 = ORIENTED_EDGE ( 'NONE', *, *, #4158, .F. ) ;
#904 = LINE ( 'NONE', #4533, #2948 ) ;
#903 = CARTESIAN_POINT ( 'NONE',  ( 1.033449617774099050, 0.7699999999999997957, 1.257593086080182498 ) ) ;
#905 = CARTESIAN_POINT ( 'NONE',  ( -0.8123395944363368537, 0.7599999999999997868, 1.405937880106885807 ) ) ;
#906 = DIRECTION ( 'NONE',  ( 1.406633197919747245E-14, 0.000000000000000000, 1.000000000000000000 ) ) ;
#907 = VECTOR ( 'NONE', #1121, 1000.000000000000000 ) ;
#908 = CARTESIAN_POINT ( 'NONE',  ( -0.2607345472303137512, 0.7599999999999997868, -0.8930402112659507896 ) ) ;
#909 = CYLINDRICAL_SURFACE ( 'NONE', #1335, 0.2500000000000002220 ) ;
#910 = CARTESIAN_POINT ( 'NONE',  ( 0.9120549160978663750, 0.7599999999999997868, 1.151442428464634737 ) ) ;
#911 = DIRECTION ( 'NONE',  ( -0.000000000000000000, -1.000000000000000000, -0.000000000000000000 ) ) ;
#912 = CARTESIAN_POINT ( 'NONE',  ( 1.372355395164240877, 0.7599999999999995648, 1.400102848606193717 ) ) ;
#913 = VERTEX_POINT ( 'NONE', #5705 ) ;
#914 = CARTESIAN_POINT ( 'NONE',  ( 0.3803992256634396441, 0.7699999999999997957, 1.367369651798794550 ) ) ;
#915 = CARTESIAN_POINT ( 'NONE',  ( -2.450000000000001066, 0.7599999999999997868, -7.507433137598514605 ) ) ;
#916 = EDGE_LOOP ( 'NONE', ( #4177, #2164, #3418, #1349 ) ) ;
#917 = DIRECTION ( 'NONE',  ( -0.000000000000000000, 1.000000000000000000, -0.000000000000000000 ) ) ;
#918 = DIRECTION ( 'NONE',  ( 0.000000000000000000, 1.000000000000000000, 0.000000000000000000 ) ) ;
#919 = CARTESIAN_POINT ( 'NONE',  ( 1.497084569858340819, 0.7699999999999997957, 0.6531183107083952111 ) ) ;
#920 = ADVANCED_FACE ( 'NONE', ( #4825 ), #5677, .T. ) ;
#921 = ORIENTED_EDGE ( 'NONE', *, *, #2069, .T. ) ;
#922 = CARTESIAN_POINT ( 'NONE',  ( -0.5658863197154898605, 0.7599999999999996758, 0.9782366548244472160 ) ) ;
#923 = CARTESIAN_POINT ( 'NONE',  ( 2.520000000000001350, 0.7499999999999991118, -2.600000000000000089 ) ) ;
#924 = CARTESIAN_POINT ( 'NONE',  ( -3.000000000000000000, -2.449293598294706414E-16, 2.600000000000000089 ) ) ;
#925 = ORIENTED_EDGE ( 'NONE', *, *, #3423, .F. ) ;
#926 = CARTESIAN_POINT ( 'NONE',  ( 0.7537065608373648695, 0.7699999999999997957, 0.7803492590744699475 ) ) ;
#927 = FACE_OUTER_BOUND ( 'NONE', #1464, .T. ) ;
#928 = ORIENTED_EDGE ( 'NONE', *, *, #1060, .T. ) ;
#929 = ORIENTED_EDGE ( 'NONE', *, *, #1928, .T. ) ;
#930 = ORIENTED_EDGE ( 'NONE', *, *, #27, .T. ) ;
#932 = DIRECTION ( 'NONE',  ( -1.000000000000000000, 0.000000000000000000, 1.330367829810851939E-14 ) ) ;
#931 = CARTESIAN_POINT ( 'NONE',  ( 1.484003219639211890, 0.7599999999999997868, 1.443968577453645930 ) ) ;
#933 = CARTESIAN_POINT ( 'NONE',  ( -0.7653695533823274832, 0.7699999999999997957, 1.411850060142924468 ) ) ;
#934 = DIRECTION ( 'NONE',  ( 0.7013758018418791984, 0.000000000000000000, 0.7127916838674964728 ) ) ;
#935 = VERTEX_POINT ( 'NONE', #2111 ) ;
#936 = CARTESIAN_POINT ( 'NONE',  ( 0.5143203288689505159, 0.7599999999999997868, 0.7405248105775110723 ) ) ;
#937 = AXIS2_PLACEMENT_3D ( 'NONE', #472, #5964, #3182 ) ;
#938 = CARTESIAN_POINT ( 'NONE',  ( 0.000000000000000000, 0.7599999999999997868, -0.1256921763512657830 ) ) ;
#939 = DIRECTION ( 'NONE',  ( -0.000000000000000000, -1.000000000000000000, -0.000000000000000000 ) ) ;
#940 = CARTESIAN_POINT ( 'NONE',  ( 0.8971268522886813868, 0.7599999999999997868, 1.244611501610420889 ) ) ;
#941 = B_SPLINE_CURVE_WITH_KNOTS ( 'NONE', 3,
 ( #2832, #2407, #2310, #4699, #530, #2343, #4152, #1401, #1008, #3729, #436, #4212, #23, #116, #4183, #5149, #889, #3209, #1948 ),
 .UNSPECIFIED., .F., .F.,
 ( 4, 1, 1, 1, 1, 1, 1, 1, 1, 1, 1, 1, 1, 1, 1, 1, 4 ),
 ( 0.000000000000000000, 0.08934862503628936137, 0.1730008766696032874, 0.2516881817461322224, 0.3253910184677553663, 0.3944770647130366181, 0.4592656506565443997, 0.5202030774438810568, 0.5779584946579519045, 0.6328982644946858915, 0.6854946129789084575, 0.7365863691978082883, 0.7869078963745951283, 0.8376625301289770675, 0.8895379010925479335, 0.9432238766909549765, 1.000000000000000000 ),
 .UNSPECIFIED. ) ;
#942 = CARTESIAN_POINT ( 'NONE',  ( -0.5326748902760707338, 0.7699999999999997957, 1.207039163010046323 ) ) ;
#943 = CARTESIAN_POINT ( 'NONE',  ( 1.454587058114300557, 0.7599999999999995648, 1.299056863816489216 ) ) ;
#944 = ORIENTED_EDGE ( 'NONE', *, *, #4862, .T. ) ;
#945 = EDGE_CURVE ( 'NONE', #2152, #4420, #1998, .T. ) ;
#946 = CARTESIAN_POINT ( 'NONE',  ( -2.450000000000001066, 0.7599999999999997868, 0.5999999999999998668 ) ) ;
#947 = VECTOR ( 'NONE', #554, 1000.000000000000114 ) ;
#948 = CARTESIAN_POINT ( 'NONE',  ( -1.014160713550104953, 0.7599999999999997868, -1.168135470357039685 ) ) ;
#949 = ORIENTED_EDGE ( 'NONE', *, *, #2991, .F. ) ;
#950 = CARTESIAN_POINT ( 'NONE',  ( 1.141702870011942039, 0.7699999999999997957, 1.180220503743218741 ) ) ;
#951 = VECTOR ( 'NONE', #5357, 1000.000000000000000 ) ;
#952 = PLANE ( 'NONE',  #3118 ) ;
#953 = EDGE_LOOP ( 'NONE', ( #2954, #1907, #1225, #3465 ) ) ;
#954 = CARTESIAN_POINT ( 'NONE',  ( 0.2469512195121951748, 0.7699999999999997957, 1.401219512195122530 ) ) ;
#955 = DIRECTION ( 'NONE',  ( -0.000000000000000000, 1.000000000000000000, -0.000000000000000000 ) ) ;
#956 = AXIS2_PLACEMENT_3D ( 'NONE', #4895, #4358, #3449 ) ;
#957 = DIRECTION ( 'NONE',  ( 0.000000000000000000, -0.000000000000000000, 1.000000000000000000 ) ) ;
#958 = ORIENTED_EDGE ( 'NONE', *, *, #2315, .T. ) ;
#959 = CARTESIAN_POINT ( 'NONE',  ( 1.205783743503096250, 0.7599999999999997868, 0.7405248105775111833 ) ) ;
#960 = CARTESIAN_POINT ( 'NONE',  ( 0.4881107870597464760, 0.7699999999999997957, 1.324290092696827736 ) ) ;
#961 = EDGE_CURVE ( 'NONE', #3647, #4577, #1568, .T. ) ;
#962 = ORIENTED_EDGE ( 'NONE', *, *, #1497, .F. ) ;
#963 = VERTEX_POINT ( 'NONE', #4774 ) ;
#965 = CARTESIAN_POINT ( 'NONE',  ( -1.495932705747281322, 0.7599999999999997868, -0.3052017748453138002 ) ) ;
#964 = LINE ( 'NONE', #5941, #4408 ) ;
#966 = CARTESIAN_POINT ( 'NONE',  ( -0.8588538019842208993, 0.7599999999999997868, 1.394262105301291577 ) ) ;
#967 = AXIS2_PLACEMENT_3D ( 'NONE', #5509, #1368, #3663 ) ;
#968 = DIRECTION ( 'NONE',  ( 1.330367829810851781E-14, 0.000000000000000000, 1.000000000000000000 ) ) ;
#969 = ORIENTED_EDGE ( 'NONE', *, *, #4528, .F. ) ;
#970 = CARTESIAN_POINT ( 'NONE',  ( 0.4469057006297367240, 0.7599999999999997868, 0.9752258162901517036 ) ) ;
#971 = PLANE ( 'NONE',  #1579 ) ;
#972 = CARTESIAN_POINT ( 'NONE',  ( 0.6249237804878051694, 0.7699999999999997957, 0.6878048780487805436 ) ) ;
#973 = CIRCLE ( 'NONE', #1069, 0.2000000000000000944 ) ;
#974 = CARTESIAN_POINT ( 'NONE',  ( 0.000000000000000000, 0.7599999999999997868, -0.1256921763512657830 ) ) ;
#975 = CARTESIAN_POINT ( 'NONE',  ( 1.320008182439484479, 0.7599999999999995648, 1.411941921835430769 ) ) ;
#976 = ORIENTED_EDGE ( 'NONE', *, *, #2118, .F. ) ;
#977 = CARTESIAN_POINT ( 'NONE',  ( 0.3244839543459067666, 0.7599999999999995648, 1.118990199611845426 ) ) ;
#978 = CARTESIAN_POINT ( 'NONE',  ( 1.025293750103097867, 0.7599999999999997868, 1.214617812700073074 ) ) ;
#979 = ORIENTED_EDGE ( 'NONE', *, *, #4470, .F. ) ;
#980 = FACE_OUTER_BOUND ( 'NONE', #296, .T. ) ;
#981 = CARTESIAN_POINT ( 'NONE',  ( 1.252481926652104116, 0.7699999999999997957, 0.5958635433812362603 ) ) ;
#982 = ORIENTED_EDGE ( 'NONE', *, *, #2657, .T. ) ;
#983 = CARTESIAN_POINT ( 'NONE',  ( -0.4331989661347759868, 0.7699999999999997957, 1.338109448132784873 ) ) ;
#984 = FACE_OUTER_BOUND ( 'NONE', #2621, .T. ) ;
#985 = DIRECTION ( 'NONE',  ( -0.000000000000000000, 1.000000000000000000, -0.000000000000000000 ) ) ;
#986 = VERTEX_POINT ( 'NONE', #4748 ) ;
#987 = CARTESIAN_POINT ( 'NONE',  ( -0.4996595183055417833, 0.7599999999999997868, 1.431302995125624866 ) ) ;
#988 = AXIS2_PLACEMENT_3D ( 'NONE', #3063, #1484, #5171 ) ;
#989 = ORIENTED_EDGE ( 'NONE', *, *, #4314, .T. ) ;
#991 = DIRECTION ( 'NONE',  ( 2.768752121067987788E-15, 0.000000000000000000, -1.000000000000000000 ) ) ;
#990 = PLANE ( 'NONE',  #2783 ) ;
#992 = B_SPLINE_CURVE_WITH_KNOTS ( 'NONE', 3,
 ( #239, #5403, #3067, #4038, #3011, #5881, #1746 ),
 .UNSPECIFIED., .F., .F.,
 ( 4, 1, 1, 1, 4 ),
 ( 0.000000000000000000, 0.2702650867818810476, 0.5261481515932947550, 0.7700928756993692392, 1.000000000000000000 ),
 .UNSPECIFIED. ) ;
#993 = FACE_OUTER_BOUND ( 'NONE', #1244, .T. ) ;
#994 = CARTESIAN_POINT ( 'NONE',  ( -0.8067073170731702270, 0.7699999999999997957, 0.9546493902439029400 ) ) ;
#995 = VERTEX_POINT ( 'NONE', #5791 ) ;
#996 = LINE ( 'NONE', #5139, #674 ) ;
#997 = DIRECTION ( 'NONE',  ( -0.000000000000000000, 1.000000000000000000, -0.000000000000000000 ) ) ;
#998 = CARTESIAN_POINT ( 'NONE',  ( 0.5633684634102782418, 0.7699999999999997957, 0.7005178147430811686 ) ) ;
#999 = CARTESIAN_POINT ( 'NONE',  ( 0.9158615049492159210, 0.7599999999999997868, 1.099909194300613180 ) ) ;
#1000 = CARTESIAN_POINT ( 'NONE',  ( -0.5326748902760707338, 0.7599999999999997868, 1.207039163010046323 ) ) ;
#1001 = CARTESIAN_POINT ( 'NONE',  ( 1.481347935278823913, 0.7699999999999997957, 1.176356560645834826 ) ) ;
#1002 = EDGE_LOOP ( 'NONE', ( #1041, #5402, #5739, #544 ) ) ;
#1003 = CARTESIAN_POINT ( 'NONE',  ( 0.4177794691104787517, 0.7699999999999997957, 1.424275484779584877 ) ) ;
#1004 = VECTOR ( 'NONE', #1298, 1000.000000000000000 ) ;
#1005 = DIRECTION ( 'NONE',  ( -1.000000000000000000, 0.000000000000000000, 1.591416883062486049E-14 ) ) ;
#1006 = EDGE_CURVE ( 'NONE', #5472, #4903, #2934, .T. ) ;
#1007 = CARTESIAN_POINT ( 'NONE',  ( 1.603518330732012442, 0.7699999999999997957, 1.151442428464635404 ) ) ;
#1008 = CARTESIAN_POINT ( 'NONE',  ( 0.3832203113868263289, 0.7699999999999997957, 0.7426311483829044491 ) ) ;
#1009 = ORIENTED_EDGE ( 'NONE', *, *, #5719, .F. ) ;
#1010 = CARTESIAN_POINT ( 'NONE',  ( 1.445169975471511492, 0.7599999999999997868, 0.7803492590744705026 ) ) ;
#1011 = DIRECTION ( 'NONE',  ( 1.000000000000000000, 0.000000000000000000, -1.686552278066746454E-14 ) ) ;
#1012 = EDGE_CURVE ( 'NONE', #986, #1724, #973, .T. ) ;
#1013 = DIRECTION ( 'NONE',  ( 0.000000000000000000, -1.000000000000000000, 0.000000000000000000 ) ) ;
#1014 = ORIENTED_EDGE ( 'NONE', *, *, #227, .F. ) ;
#1015 = CARTESIAN_POINT ( 'NONE',  ( -0.6764861250726381670, 0.7699999999999997957, 1.405539166397782314 ) ) ;
#1016 = B_SPLINE_CURVE_WITH_KNOTS ( 'NONE', 3,
 ( #4129, #2225, #4557, #2194, #5008, #4526, #3, #3674, #414, #1834, #348, #2282, #4095, #4066, #4033, #4975, #4582, #1320, #4000 ),
 .UNSPECIFIED., .F., .F.,
 ( 4, 1, 1, 1, 1, 1, 1, 1, 1, 1, 1, 1, 1, 1, 1, 1, 4 ),
 ( 0.000000000000000000, 0.07311097863980910161, 0.1427163625997056318, 0.2093342775539381584, 0.2740417002862162166, 0.3365169556271569440, 0.3982069297656998241, 0.4590086733383967887, 0.5195507362522339134, 0.5796987050645920903, 0.6382005993985715442, 0.6961203200338538233, 0.7541528447644907374, 0.8127993795403226640, 0.8728360432877734221, 0.9350609913430659725, 1.000000000000000000 ),
 .UNSPECIFIED. ) ;
#1017 = VECTOR ( 'NONE', #1498, 1000.000000000000000 ) ;
#1018 = ORIENTED_EDGE ( 'NONE', *, *, #3277, .T. ) ;
#1020 = DIRECTION ( 'NONE',  ( 0.000000000000000000, 0.000000000000000000, -1.000000000000000000 ) ) ;
#1019 = CARTESIAN_POINT ( 'NONE',  ( 2.449999999999999289, -2.570732497350611379, -11.00000000000000355 ) ) ;
#1021 = DIRECTION ( 'NONE',  ( -1.000000000000000000, 0.000000000000000000, -5.337216973513075420E-14 ) ) ;
#1022 = EDGE_CURVE ( 'NONE', #1833, #5700, #5733, .T. ) ;
#1023 = LINE ( 'NONE', #2785, #5470 ) ;
#1024 = ORIENTED_EDGE ( 'NONE', *, *, #4172, .T. ) ;
#1025 = DIRECTION ( 'NONE',  ( 0.000000000000000000, 0.000000000000000000, -1.000000000000000000 ) ) ;
#1026 = EDGE_CURVE ( 'NONE', #2909, #1292, #3949, .T. ) ;
#1027 = DATE_AND_TIME ( #5674, #394 ) ;
#1028 = CARTESIAN_POINT ( 'NONE',  ( 0.8627593063717777788, 0.7699999999999997957, 0.7340620972096608687 ) ) ;
#1029 = CARTESIAN_POINT ( 'NONE',  ( 0.6108612804878053026, 0.7699999999999997957, 1.510975609756097793 ) ) ;
#1030 = CARTESIAN_POINT ( 'NONE',  ( -0.5926760687519609938, 0.7599999999999997868, 1.096282916716385225 ) ) ;
#1031 = CARTESIAN_POINT ( 'NONE',  ( 1.333779150828712456, 0.7699999999999997957, 1.411447399445691753 ) ) ;
#1032 = VECTOR ( 'NONE', #464, 1000.000000000000000 ) ;
#1033 = ORIENTED_EDGE ( 'NONE', *, *, #5282, .F. ) ;
#1034 = EDGE_CURVE ( 'NONE', #4618, #4068, #4351, .T. ) ;
#1035 = DIRECTION ( 'NONE',  ( -0.000000000000000000, 1.000000000000000000, -0.000000000000000000 ) ) ;
#1036 = EDGE_CURVE ( 'NONE', #5671, #448, #5204, .T. ) ;
#1037 = CARTESIAN_POINT ( 'NONE',  ( 1.421183527892546872, 0.7699999999999997957, 0.7396667916856042302 ) ) ;
#1038 = VECTOR ( 'NONE', #1201, 1000.000000000000000 ) ;
#1039 = LINE ( 'NONE', #2940, #5819 ) ;
#1040 = EDGE_CURVE ( 'NONE', #2498, #1733, #4295, .T. ) ;
#1041 = ORIENTED_EDGE ( 'NONE', *, *, #2816, .T. ) ;
#1042 = DIRECTION ( 'NONE',  ( -0.000000000000000000, 1.000000000000000000, -0.000000000000000000 ) ) ;
#1043 = CARTESIAN_POINT ( 'NONE',  ( -1.495932705747281322, 0.7599999999999997868, -0.3052017748453138002 ) ) ;
#1044 = PLANE ( 'NONE',  #1502 ) ;
#1045 = ORIENTED_EDGE ( 'NONE', *, *, #2336, .T. ) ;
#1046 = CARTESIAN_POINT ( 'NONE',  ( -0.5646711590968089833, 0.7699999999999997957, 1.334407774212510001 ) ) ;
#1047 = AXIS2_PLACEMENT_3D ( 'NONE', #2218, #862, #4576 ) ;
#1048 = AXIS2_PLACEMENT_3D ( 'NONE', #2603, #1304, #5379 ) ;
#1049 = VECTOR ( 'NONE', #4135, 1000.000000000000000 ) ;
#1050 = ORIENTED_EDGE ( 'NONE', *, *, #3512, .F. ) ;
#1052 = LINE ( 'NONE', #5558, #4689 ) ;
#1051 = DIRECTION ( 'NONE',  ( -0.000000000000000000, -1.000000000000000000, -0.000000000000000000 ) ) ;
#1053 = EDGE_CURVE ( 'NONE', #3086, #2982, #1748, .T. ) ;
#1054 = EDGE_CURVE ( 'NONE', #2011, #2113, #772, .T. ) ;
#1055 = CARTESIAN_POINT ( 'NONE',  ( 1.337069026438167052, 0.7599999999999997868, 1.509965406928573284 ) ) ;
#1056 = CARTESIAN_POINT ( 'NONE',  ( 1.034202554914229744, 0.7699999999999997957, 0.8610008260708161831 ) ) ;
#1057 = EDGE_LOOP ( 'NONE', ( #1555, #471, #4701, #2800 ) ) ;
#1058 = ORIENTED_EDGE ( 'NONE', *, *, #3733, .T. ) ;
#1059 = CARTESIAN_POINT ( 'NONE',  ( 0.5455142612775299993, 0.7599999999999997868, 0.7108169158841715074 ) ) ;
#1060 = EDGE_CURVE ( 'NONE', #4381, #5368, #5435, .T. ) ;
#1061 = DIRECTION ( 'NONE',  ( -1.000000000000000000, 0.000000000000000000, 1.358247235106230255E-14 ) ) ;
#1062 = CARTESIAN_POINT ( 'NONE',  ( 1.023936363573030306, 0.7699999999999997957, -0.7123193697668354085 ) ) ;
#1063 = DIRECTION ( 'NONE',  ( -1.000000000000000000, 0.000000000000000000, 1.566985558428477866E-14 ) ) ;
#1064 = EDGE_LOOP ( 'NONE', ( #503, #4560, #6, #5137 ) ) ;
#1065 = CARTESIAN_POINT ( 'NONE',  ( -0.5402131145437586435, 0.7699999999999997957, 0.9905276037882311257 ) ) ;
#1066 = CARTESIAN_POINT ( 'NONE',  ( 1.547193434481601182, 0.7699999999999997957, 1.359695648085031294 ) ) ;
#1067 = DIRECTION ( 'NONE',  ( 0.000000000000000000, -0.000000000000000000, -1.000000000000000000 ) ) ;
#1068 = B_SPLINE_CURVE_WITH_KNOTS ( 'NONE', 3,
 ( #2576, #4867, #1664, #1179, #3566, #284, #5417, #3990, #3506, #2607, #2467, #1211, #5219, #4286, #5775, #2123, #5354, #5385, #3082 ),
 .UNSPECIFIED., .F., .F.,
 ( 4, 1, 1, 1, 1, 1, 1, 1, 1, 1, 1, 1, 1, 1, 1, 1, 4 ),
 ( 0.000000000000000000, 0.09928876216571749791, 0.1921876541913135339, 0.2791672117176803858, 0.3600125316959810196, 0.4349086015798040439, 0.5040881505262123641, 0.5678465373278864803, 0.6267692068661905314, 0.6810810782054483870, 0.7313862562486811436, 0.7784434097355636961, 0.8231311183514028462, 0.8666133534268157801, 0.9097944485516713531, 0.9536971340198143743, 1.000000000000000000 ),
 .UNSPECIFIED. ) ;
#1069 = AXIS2_PLACEMENT_3D ( 'NONE', #2451, #634, #5255 ) ;
#1070 = FACE_OUTER_BOUND ( 'NONE', #5728, .T. ) ;
#1071 = DIRECTION ( 'NONE',  ( -1.402124967903883024E-14, 0.000000000000000000, -1.000000000000000000 ) ) ;
#1072 = CARTESIAN_POINT ( 'NONE',  ( 5.000000000000000000, 0.2699999999999987965, -2.600000000000000089 ) ) ;
#1073 = LINE ( 'NONE', #4305, #3797 ) ;
#1074 = ORIENTED_EDGE ( 'NONE', *, *, #1501, .T. ) ;
#1075 = CARTESIAN_POINT ( 'NONE',  ( -2.555287407554770240, 0.4447125924452311474, 2.600000000000000089 ) ) ;
#1076 = B_SPLINE_SURFACE_WITH_KNOTS ( 'NONE', 3, 1, ( 
 ( #4511, #3627 ),
 ( #2209, #4049 ),
 ( #756, #3985 ),
 ( #3561, #5828 ),
 ( #816, #2665 ),
 ( #5890, #5441 ),
 ( #3138, #1485 ),
 ( #5534, #549 ),
 ( #1456, #3808 ),
 ( #1030, #5599 ),
 ( #2400, #80 ),
 ( #5626, #1970 ),
 ( #5143, #5172 ),
 ( #4206, #46 ),
 ( #3296, #4239 ),
 ( #5651, #5111 ),
 ( #1000, #942 ),
 ( #2853, #3266 ),
 ( #2302, #1850 ) ),
 .UNSPECIFIED., .F., .F., .F.,
 ( 4, 1, 1, 1, 1, 1, 1, 1, 1, 1, 1, 1, 1, 1, 1, 1, 4 ),
 ( 2, 2 ),
 ( 0.000000000000000000, 0.08129188766393147247, 0.1581675530075802305, 0.2308835722441310301, 0.2998768955984717488, 0.3649515360590985802, 0.4277447479545480880, 0.4876540348221697352, 0.5464638494795828194, 0.6033622571511902954, 0.6586938201767646994, 0.7131952144515145697, 0.7670353540925380909, 0.8224649185463474010, 0.8789420634931888188, 0.9379545600269588723, 1.000000000000000000 ),
 ( 0.000000000000000000, 1.000000000000000000 ),
 .UNSPECIFIED. ) ;
#1077 = ORIENTED_EDGE ( 'NONE', *, *, #195, .F. ) ;
#1079 = CARTESIAN_POINT ( 'NONE',  ( -0.2909471885907104483, 0.7599999999999997868, -1.503873276446153762 ) ) ;
#1078 = DIRECTION ( 'NONE',  ( 0.000000000000000000, 0.000000000000000000, -1.000000000000000000 ) ) ;
#1080 = CARTESIAN_POINT ( 'NONE',  ( -0.5323170731707311809, 0.7699999999999997957, 1.227153201219512768 ) ) ;
#1081 = VECTOR ( 'NONE', #5844, 1000.000000000000000 ) ;
#1082 = EDGE_CURVE ( 'NONE', #5358, #5653, #808, .T. ) ;
#1083 = CARTESIAN_POINT ( 'NONE',  ( 1.294822128129838656, 0.7699999999999997957, 0.6887482517233337598 ) ) ;
#1084 = ORIENTED_EDGE ( 'NONE', *, *, #3401, .F. ) ;
#1085 = VERTEX_POINT ( 'NONE', #3131 ) ;
#1086 = CARTESIAN_POINT ( 'NONE',  ( 0.6108612804878053026, 0.7699999999999997957, 1.510975609756097793 ) ) ;
#1087 = DIRECTION ( 'NONE',  ( -0.000000000000000000, 1.000000000000000000, -0.000000000000000000 ) ) ;
#1088 = CARTESIAN_POINT ( 'NONE',  ( -2.941421356237309492, 0.3285786437626894707, 2.600000000000000089 ) ) ;
#1089 = CARTESIAN_POINT ( 'NONE',  ( 0.6285447678053383003, 0.7599999999999997868, 1.411941921835430547 ) ) ;
#1090 = ORIENTED_EDGE ( 'NONE', *, *, #4344, .T. ) ;
#1091 = LINE ( 'NONE', #3842, #834 ) ;
#1092 = CARTESIAN_POINT ( 'NONE',  ( 1.481578147177306404, 0.7699999999999997957, 0.9318680891461761373 ) ) ;
#1093 = CARTESIAN_POINT ( 'NONE',  ( -0.7876714939024386242, 0.7699999999999997957, 0.6987804878048785584 ) ) ;
#1094 = ORIENTED_EDGE ( 'NONE', *, *, #811, .T. ) ;
#1095 = CARTESIAN_POINT ( 'NONE',  ( 0.7792719650637232043, 0.7699999999999997957, 1.243208928491642329 ) ) ;
#1096 = CARTESIAN_POINT ( 'NONE',  ( 2.413866051317461014, 0.3032912362079215329, 2.600000000000000089 ) ) ;
#1097 = CARTESIAN_POINT ( 'NONE',  ( 1.603886160179604614, 0.7599999999999994538, 0.9401460629065310215 ) ) ;
#1098 = AXIS2_PLACEMENT_3D ( 'NONE', #2694, #4077, #2569 ) ;
#1099 = EDGE_CURVE ( 'NONE', #604, #5339, #1297, .T. ) ;
#1100 = DIRECTION ( 'NONE',  ( 0.000000000000000000, 1.000000000000000000, 0.000000000000000000 ) ) ;
#1101 = ORIENTED_EDGE ( 'NONE', *, *, #3283, .T. ) ;
#1102 = DIRECTION ( 'NONE',  ( -0.000000000000000000, 1.000000000000000000, -0.000000000000000000 ) ) ;
#1103 = EDGE_CURVE ( 'NONE', #861, #1679, #4648, .T. ) ;
#1104 = ORIENTED_EDGE ( 'NONE', *, *, #1951, .F. ) ;
#1105 = DIRECTION ( 'NONE',  ( -1.000000000000000000, 0.000000000000000000, 0.000000000000000000 ) ) ;
#1106 = EDGE_CURVE ( 'NONE', #5700, #5657, #1421, .T. ) ;
#1107 = CARTESIAN_POINT ( 'NONE',  ( -0.5899387081906799501, 0.7599999999999997868, 1.361864076966912362 ) ) ;
#1108 = EDGE_CURVE ( 'NONE', #1729, #1194, #4916, .T. ) ;
#1109 = LINE ( 'NONE', #5194, #1520 ) ;
#1110 = VECTOR ( 'NONE', #1902, 1000.000000000000000 ) ;
#1111 = ORIENTED_EDGE ( 'NONE', *, *, #4314, .F. ) ;
#1112 = ORIENTED_EDGE ( 'NONE', *, *, #3819, .T. ) ;
#1114 = CARTESIAN_POINT ( 'NONE',  ( -0.5876117935463109898, 0.7699999999999997957, -0.4839251295228553240 ) ) ;
#1113 = DIRECTION ( 'NONE',  ( -1.000000000000000000, 0.000000000000000000, 0.000000000000000000 ) ) ;
#1115 = COORDINATED_UNIVERSAL_TIME_OFFSET ( 8, 0, .AHEAD. ) ;
#1116 = CARTESIAN_POINT ( 'NONE',  ( 0.3243598654554780691, 0.7699999999999997957, 1.011410105044662888 ) ) ;
#1117 = CARTESIAN_POINT ( 'NONE',  ( 1.405436372447272486, 0.7599999999999997868, 1.377547199774413311 ) ) ;
#1118 = ORIENTED_EDGE ( 'NONE', *, *, #4229, .F. ) ;
#1119 = CARTESIAN_POINT ( 'NONE',  ( -0.4317711915530397793, 0.7699999999999997957, 1.106633043714801978 ) ) ;
#1120 = CARTESIAN_POINT ( 'NONE',  ( 3.082842712474619162, 0.4699999999999988631, 2.600000000000000089 ) ) ;
#1121 = DIRECTION ( 'NONE',  ( -1.000000000000000000, 0.000000000000000000, 0.000000000000000000 ) ) ;
#1122 = VERTEX_POINT ( 'NONE', #2807 ) ;
#1123 = EDGE_CURVE ( 'NONE', #3038, #1517, #2321, .T. ) ;
#1124 = CARTESIAN_POINT ( 'NONE',  ( -1.014160713550104953, 0.7599999999999997868, -1.168135470357039685 ) ) ;
#1125 = CARTESIAN_POINT ( 'NONE',  ( 0.9268439216028121486, 0.7699999999999997957, -0.4839251295229549110 ) ) ;
#1126 = CARTESIAN_POINT ( 'NONE',  ( 1.554222721005923624, 0.7699999999999997957, 0.7340620972096606467 ) ) ;
#1127 = VECTOR ( 'NONE', #1240, 1000.000000000000114 ) ;
#1128 = VECTOR ( 'NONE', #2187, 1000.000000000000000 ) ;
#1129 = DIRECTION ( 'NONE',  ( 0.000000000000000000, 0.000000000000000000, 1.000000000000000000 ) ) ;
#1130 = ORIENTED_EDGE ( 'NONE', *, *, #1034, .T. ) ;
#1131 = CARTESIAN_POINT ( 'NONE',  ( 1.192438292909244302, 0.7599999999999997868, 0.7597213549554096002 ) ) ;
#1132 = ADVANCED_FACE ( 'NONE', ( #1198 ), #5883, .T. ) ;
#1133 = VERTEX_POINT ( 'NONE', #1653 ) ;
#1134 = CARTESIAN_POINT ( 'NONE',  ( 0.3652120275795618931, 0.7699999999999997957, 1.333933062788915436 ) ) ;
#1135 = CARTESIAN_POINT ( 'NONE',  ( -0.7340463036990148016, 0.7699999999999997957, 1.412006846150904105 ) ) ;
#1136 = CARTESIAN_POINT ( 'NONE',  ( 1.136348450677449051, 0.7599999999999997868, 1.017680584132084176 ) ) ;
#1137 = VECTOR ( 'NONE', #5868, 1000.000000000000000 ) ;
#1138 = B_SPLINE_CURVE_WITH_KNOTS ( 'NONE', 3,
 ( #3783, #2939, #3759, #2911, #3387, #1976, #4329, #3327, #5233, #3813, #2374 ),
 .UNSPECIFIED., .F., .F.,
 ( 4, 1, 1, 1, 1, 1, 1, 1, 4 ),
 ( 0.000000000000000000, 0.1309358380231058494, 0.2594327946845366717, 0.3854061982065380976, 0.5098206671632206088, 0.6333687008232710136, 0.7554461200736289905, 0.8775267625327229926, 1.000000000000000000 ),
 .UNSPECIFIED. ) ;
#1139 = EDGE_CURVE ( 'NONE', #3646, #2437, #5832, .T. ) ;
#1140 = PLANE ( 'NONE',  #3639 ) ;
#1141 = ORIENTED_EDGE ( 'NONE', *, *, #1139, .T. ) ;
#1142 = ORIENTED_EDGE ( 'NONE', *, *, #4363, .T. ) ;
#1144 = DIRECTION ( 'NONE',  ( 1.000000000000000000, 0.000000000000000000, -1.406633197919747087E-14 ) ) ;
#1143 = FACE_OUTER_BOUND ( 'NONE', #3376, .T. ) ;
#1145 = CALENDAR_DATE ( 2023, 1, 11 ) ;
#1146 = CARTESIAN_POINT ( 'NONE',  ( 0.3237804878048783919, 0.7699999999999997957, 1.067492378048780610 ) ) ;
#1147 = CARTESIAN_POINT ( 'NONE',  ( 0.6214939024390246924, 0.7599999999999998979, 1.412195121951219656 ) ) ;
#1148 = VERTEX_POINT ( 'NONE', #3523 ) ;
#1149 = DIRECTION ( 'NONE',  ( 1.000000000000000000, 1.224646799147353207E-16, -0.000000000000000000 ) ) ;
#1150 = ADVANCED_FACE ( 'NONE', ( #5372 ), #4007, .F. ) ;
#1151 = DIRECTION ( 'NONE',  ( -0.000000000000000000, -0.000000000000000000, 1.000000000000000000 ) ) ;
#1152 = DIRECTION ( 'NONE',  ( 0.000000000000000000, -1.000000000000000000, 0.000000000000000000 ) ) ;
#1153 = DIRECTION ( 'NONE',  ( -1.000000000000000000, 0.000000000000000000, 0.000000000000000000 ) ) ;
#1154 = DIRECTION ( 'NONE',  ( 1.000000000000000000, 0.000000000000000000, -1.402124967903881920E-14 ) ) ;
#1155 = CARTESIAN_POINT ( 'NONE',  ( 1.169443403010012927, 0.7599999999999997868, -1.056587774214004849 ) ) ;
#1156 = LINE ( 'NONE', #2972, #2555 ) ;
#1157 = ORIENTED_EDGE ( 'NONE', *, *, #2816, .F. ) ;
#1158 = CARTESIAN_POINT ( 'NONE',  ( 1.136102573135109317, 0.7599999999999997868, 1.046910941819221508 ) ) ;
#1159 = CARTESIAN_POINT ( 'NONE',  ( 1.191430586586939233, 0.7599999999999997868, 1.344887391077261629 ) ) ;
#1160 = ORIENTED_EDGE ( 'NONE', *, *, #766, .T. ) ;
#1161 = CARTESIAN_POINT ( 'NONE',  ( -1.495932705747291980, 0.7599999999999997868, -1.079905975674296137 ) ) ;
#1162 = PLANE ( 'NONE',  #5757 ) ;
#1163 = CARTESIAN_POINT ( 'NONE',  ( 0.6426712139870486284, 0.7699999999999997957, 0.5892949603244586054 ) ) ;
#1164 = CARTESIAN_POINT ( 'NONE',  ( -0.8039165193771489193, 0.7599999999999997868, 1.050319944766316071 ) ) ;
#1165 = ORIENTED_EDGE ( 'NONE', *, *, #2921, .T. ) ;
#1166 = ORIENTED_EDGE ( 'NONE', *, *, #4394, .T. ) ;
#1168 = DIRECTION ( 'NONE',  ( 1.412752671426318027E-14, 0.000000000000000000, 1.000000000000000000 ) ) ;
#1167 = CARTESIAN_POINT ( 'NONE',  ( 1.180580640473702481, 0.7599999999999995648, 1.483274102444261722 ) ) ;
#1169 = DIRECTION ( 'NONE',  ( -0.000000000000000000, 1.000000000000000000, -0.000000000000000000 ) ) ;
#1170 = CARTESIAN_POINT ( 'NONE',  ( 1.333779150828712456, 0.7599999999999997868, 1.411447399445691753 ) ) ;
#1171 = ORIENTED_EDGE ( 'NONE', *, *, #1123, .T. ) ;
#1172 = LINE ( 'NONE', #2029, #1516 ) ;
#1173 = CARTESIAN_POINT ( 'NONE',  ( -0.2563660438559350885, 0.7599999999999997868, -1.330211751212927673 ) ) ;
#1174 = CARTESIAN_POINT ( 'NONE',  ( 0.4446342861881078523, 0.7699999999999997957, 1.076127118445245001 ) ) ;
#1175 = DIRECTION ( 'NONE',  ( -0.000000000000000000, 1.000000000000000000, -0.000000000000000000 ) ) ;
#1176 = CARTESIAN_POINT ( 'NONE',  ( 0.000000000000000000, 0.7699999999999997957, -0.1256921763512657830 ) ) ;
#1177 = EDGE_CURVE ( 'NONE', #3727, #3471, #2659, .T. ) ;
#1178 = CARTESIAN_POINT ( 'NONE',  ( 1.518570104816572730, 0.7599999999999994538, 0.6763580223664809044 ) ) ;
#1179 = CARTESIAN_POINT ( 'NONE',  ( 0.7932390734716167069, 0.7599999999999997868, 0.9707836246393392043 ) ) ;
#1180 = CARTESIAN_POINT ( 'NONE',  ( -2.450000000000001066, 0.4999999999999997780, -2.600000000000000089 ) ) ;
#1181 = EDGE_LOOP ( 'NONE', ( #156, #2340, #1597, #5878 ) ) ;
#1182 = CARTESIAN_POINT ( 'NONE',  ( 1.146855685410349990, 0.7599999999999997868, 0.8990562859968446174 ) ) ;
#1183 = CARTESIAN_POINT ( 'NONE',  ( 1.302324695121951370, 0.7599999999999997868, 1.510975609756097571 ) ) ;
#1184 = VECTOR ( 'NONE', #4517, 1000.000000000000000 ) ;
#1185 = EDGE_CURVE ( 'NONE', #237, #3114, #65, .T. ) ;
#1186 = ORIENTED_EDGE ( 'NONE', *, *, #5936, .T. ) ;
#1187 = CARTESIAN_POINT ( 'NONE',  ( 0.7957317073170734334, 0.7599999999999997868, 1.056173780487804859 ) ) ;
#1188 = CARTESIAN_POINT ( 'NONE',  ( -0.7190841752811560905, 0.7599999999999997868, 1.411639322177260958 ) ) ;
#1189 = CARTESIAN_POINT ( 'NONE',  ( 0.9160297127793505245, 0.7600000000000000089, 0.9919800281037854939 ) ) ;
#1190 = CARTESIAN_POINT ( 'NONE',  ( -0.9164634146341458232, 0.7699999999999997957, 1.057545731707317582 ) ) ;
#1191 = CARTESIAN_POINT ( 'NONE',  ( 1.136348450677449051, 0.7699999999999997957, 1.017680584132084176 ) ) ;
#1192 = VERTEX_POINT ( 'NONE', #3282 ) ;
#1193 = B_SPLINE_CURVE_WITH_KNOTS ( 'NONE', 3,
 ( #4134, #1326, #419, #3678, #2687, #5493, #2257, #1443, #4532, #3618, #4102, #3256, #4588, #903, #5524, #3194, #514, #7, #3743 ),
 .UNSPECIFIED., .F., .F.,
 ( 4, 1, 1, 1, 1, 1, 1, 1, 1, 1, 1, 1, 1, 1, 1, 1, 4 ),
 ( 0.000000000000000000, 0.05603985952507983814, 0.1092998096634137106, 0.1611367880925371199, 0.2117520666770185411, 0.2624215750523271606, 0.3138370126196215470, 0.3670969627579550587, 0.4227747856106864321, 0.4813544446619645867, 0.5429283450879769379, 0.6078009428411533799, 0.6767246608579455813, 0.7501625208766301567, 0.8284183513048587466, 0.9117013351124154674, 1.000000000000000000 ),
 .UNSPECIFIED. ) ;
#1194 = VERTEX_POINT ( 'NONE', #3740 ) ;
#1196 = CARTESIAN_POINT ( 'NONE',  ( -0.6884651616699384302, 0.7599999999999997868, 0.9516700191041863599 ) ) ;
#1195 = CARTESIAN_POINT ( 'NONE',  ( 1.302324695121951592, 0.7599999999999995648, 1.510975609756098015 ) ) ;
#1197 = CLOSED_SHELL ( 'NONE', ( #4104, #769, #1261, #5499, #3002, #644, #5115, #4243, #3771, #2619, #4447, #4455 ) ) ;
#1198 = FACE_OUTER_BOUND ( 'NONE', #3009, .T. ) ;
#1199 = CARTESIAN_POINT ( 'NONE',  ( -0.7248378035292398769, 0.7599999999999997868, 1.510765566370258162 ) ) ;
#1200 = DIRECTION ( 'NONE',  ( -0.7240541451400011042, 0.000000000000000000, -0.6897431369035738058 ) ) ;
#1201 = DIRECTION ( 'NONE',  ( 0.000000000000000000, -0.000000000000000000, 1.000000000000000000 ) ) ;
#1202 = VECTOR ( 'NONE', #985, 1000.000000000000000 ) ;
#1203 = CARTESIAN_POINT ( 'NONE',  ( 0.5171617500477554419, 0.7699999999999997957, -0.3737557984242693698 ) ) ;
#1204 = CARTESIAN_POINT ( 'NONE',  ( 0.4553013763679187309, 0.7699999999999997957, 1.214420153770696453 ) ) ;
#1205 = EDGE_CURVE ( 'NONE', #1733, #4615, #1440, .T. ) ;
#1206 = CARTESIAN_POINT ( 'NONE',  ( 0.6623100917029141055, 0.7699999999999997957, 1.407269830831566093 ) ) ;
#1207 = EDGE_CURVE ( 'NONE', #1868, #5727, #1374, .T. ) ;
#1208 = LINE ( 'NONE', #3504, #3145 ) ;
#1209 = ADVANCED_FACE ( 'NONE', ( #1346 ), #170, .T. ) ;
#1210 = FACE_OUTER_BOUND ( 'NONE', #4263, .T. ) ;
#1211 = CARTESIAN_POINT ( 'NONE',  ( 0.7297201132584003602, 0.7599999999999997868, 0.7396667916856040081 ) ) ;
#1212 = CARTESIAN_POINT ( 'NONE',  ( -5.000000000000000000, 0.000000000000000000, 2.600000000000000089 ) ) ;
#1213 = ORIENTED_EDGE ( 'NONE', *, *, #2212, .T. ) ;
#1214 = CARTESIAN_POINT ( 'NONE',  ( 0.6249237804878051694, 0.7699999999999997957, 0.6878048780487805436 ) ) ;
#1215 = VERTEX_POINT ( 'NONE', #5059 ) ;
#1216 = CARTESIAN_POINT ( 'NONE',  ( 1.458780410409343586, 0.7599999999999997868, 1.464817573644874305 ) ) ;
#1217 = AXIS2_PLACEMENT_3D ( 'NONE', #5862, #3532, #2604 ) ;
#1218 = ORIENTED_EDGE ( 'NONE', *, *, #1103, .T. ) ;
#1219 = DIRECTION ( 'NONE',  ( 0.000000000000000000, 1.000000000000000000, 0.000000000000000000 ) ) ;
#1220 = CARTESIAN_POINT ( 'NONE',  ( 1.518570104816572730, 0.7599999999999997868, 0.6763580223664809044 ) ) ;
#1221 = DIRECTION ( 'NONE',  ( 0.2749134163542836795, 0.000000000000000000, 0.9614689872837377527 ) ) ;
#1222 = VECTOR ( 'NONE', #2721, 1000.000000000000114 ) ;
#1223 = CARTESIAN_POINT ( 'NONE',  ( -0.2909471885907104483, 0.7599999999999997868, -1.503873276446153762 ) ) ;
#1224 = AXIS2_PLACEMENT_3D ( 'NONE', #5131, #624, #599 ) ;
#1225 = ORIENTED_EDGE ( 'NONE', *, *, #4479, .F. ) ;
#1226 = EDGE_LOOP ( 'NONE', ( #467, #1218, #3455, #450 ) ) ;
#1228 = DIRECTION ( 'NONE',  ( 1.000000000000000000, 0.000000000000000000, 0.000000000000000000 ) ) ;
#1227 = CARTESIAN_POINT ( 'NONE',  ( -0.9164634146341458232, 0.7599999999999997868, 1.057545731707317582 ) ) ;
#1229 = EDGE_CURVE ( 'NONE', #157, #5632, #5899, .T. ) ;
#1230 = DIRECTION ( 'NONE',  ( 0.000000000000000000, 0.000000000000000000, 1.000000000000000000 ) ) ;
#1231 = DIRECTION ( 'NONE',  ( 0.000000000000000000, 0.000000000000000000, -1.000000000000000000 ) ) ;
#1232 = FACE_OUTER_BOUND ( 'NONE', #2893, .T. ) ;
#1233 = AXIS2_PLACEMENT_3D ( 'NONE', #3873, #3956, #4861 ) ;
#1234 = CARTESIAN_POINT ( 'NONE',  ( 0.6226049589010783647, 0.7699999999999997957, 1.510634158454857934 ) ) ;
#1235 = ADVANCED_FACE ( 'NONE', ( #2770 ), #1315, .F. ) ;
#1236 = CARTESIAN_POINT ( 'NONE',  ( 1.305790133706092204, 0.7699999999999997957, 1.411947437607837363 ) ) ;
#1237 = CARTESIAN_POINT ( 'NONE',  ( -2.450000000000001066, 0.7477381076453414321, 2.600000000000000089 ) ) ;
#1238 = DIRECTION ( 'NONE',  ( 2.768752121067987788E-15, 0.000000000000000000, -1.000000000000000000 ) ) ;
#1239 = ORIENTED_EDGE ( 'NONE', *, *, #3431, .F. ) ;
#1240 = DIRECTION ( 'NONE',  ( -0.2749134163543398013, 0.000000000000000000, -0.9614689872837216544 ) ) ;
#1241 = LINE ( 'NONE', #3080, #5375 ) ;
#1242 = CARTESIAN_POINT ( 'NONE',  ( -1.421341463414633077, 0.7599999999999997868, 1.499999999999999556 ) ) ;
#1243 = PLANE ( 'NONE',  #1974 ) ;
#1244 = EDGE_LOOP ( 'NONE', ( #4150, #2254, #4133, #221 ) ) ;
#1245 = PLANE ( 'NONE',  #98 ) ;
#1246 = ORIENTED_EDGE ( 'NONE', *, *, #2836, .T. ) ;
#1247 = CARTESIAN_POINT ( 'NONE',  ( -0.4161586046540788897, 0.7699999999999997957, 1.160056088506455696 ) ) ;
#1248 = VECTOR ( 'NONE', #5353, 1000.000000000000000 ) ;
#1249 = CARTESIAN_POINT ( 'NONE',  ( 0.3243598654554780691, 0.7599999999999997868, 1.011410105044662888 ) ) ;
#1250 = ORIENTED_EDGE ( 'NONE', *, *, #584, .F. ) ;
#1251 = CARTESIAN_POINT ( 'NONE',  ( -3.082842712474619162, 0.2699999999999987965, -2.600000000000000089 ) ) ;
#1252 = CARTESIAN_POINT ( 'NONE',  ( 0.6831311134208890579, 0.7699999999999997957, 0.7004189892349417246 ) ) ;
#1253 = CARTESIAN_POINT ( 'NONE',  ( -1.293224430140064829, 0.7599999999999997868, -1.649203034048186467 ) ) ;
#1254 = VECTOR ( 'NONE', #1169, 1000.000000000000000 ) ;
#1255 = CARTESIAN_POINT ( 'NONE',  ( 0.6790436601874728639, 0.7699999999999997957, 1.504112681236899007 ) ) ;
#1256 = EDGE_CURVE ( 'NONE', #4735, #3125, #864, .T. ) ;
#1257 = ORIENTED_EDGE ( 'NONE', *, *, #1054, .T. ) ;
#1258 = ORIENTED_EDGE ( 'NONE', *, *, #5756, .F. ) ;
#1260 = CARTESIAN_POINT ( 'NONE',  ( -0.8818607780649393435, 0.7699999999999997957, 1.386055698235000744 ) ) ;
#1259 = CARTESIAN_POINT ( 'NONE',  ( 1.015243902439024737, 0.7699999999999997957, 1.067492378048780832 ) ) ;
#1261 = ADVANCED_FACE ( 'NONE', ( #4932 ), #4610, .F. ) ;
#1262 = DIRECTION ( 'NONE',  ( 0.000000000000000000, 1.000000000000000000, 0.000000000000000000 ) ) ;
#1263 = LINE ( 'NONE', #4917, #1004 ) ;
#1264 = DIRECTION ( 'NONE',  ( 0.7071067811865487940, 0.7071067811865463515, -0.000000000000000000 ) ) ;
#1265 = CARTESIAN_POINT ( 'NONE',  ( 0.8971268522886813868, 0.7699999999999997957, 1.244611501610420889 ) ) ;
#1266 = ADVANCED_FACE ( 'NONE', ( #4487 ), #343, .F. ) ;
#1267 = FACE_OUTER_BOUND ( 'NONE', #5874, .T. ) ;
#1268 = AXIS2_PLACEMENT_3D ( 'NONE', #2823, #5949, #548 ) ;
#1269 = CARTESIAN_POINT ( 'NONE',  ( -1.495932705747291980, 0.7599999999999997868, -1.079905975674296137 ) ) ;
#1270 = DIRECTION ( 'NONE',  ( -0.000000000000000000, 0.000000000000000000, 1.000000000000000000 ) ) ;
#1271 = ORIENTED_EDGE ( 'NONE', *, *, #3473, .F. ) ;
#1272 = CARTESIAN_POINT ( 'NONE',  ( -0.6451109458838982791, 0.7699999999999997957, 1.067782313632539948 ) ) ;
#1273 = LINE ( 'NONE', #5416, #2806 ) ;
#1274 = LINE ( 'NONE', #501, #5768 ) ;
#1275 = DIRECTION ( 'NONE',  ( 0.2749134163542836795, 0.000000000000000000, 0.9614689872837377527 ) ) ;
#1276 = ORIENTED_EDGE ( 'NONE', *, *, #5719, .T. ) ;
#1277 = DIRECTION ( 'NONE',  ( -0.000000000000000000, 1.000000000000000000, -0.000000000000000000 ) ) ;
#1278 = EDGE_LOOP ( 'NONE', ( #63, #5257, #1345, #1018 ) ) ;
#1279 = CARTESIAN_POINT ( 'NONE',  ( -0.5402131145437586435, 0.7599999999999996758, 0.9905276037882311257 ) ) ;
#1280 = CARTESIAN_POINT ( 'NONE',  ( 1.391679041711844533, 0.7599999999999995648, 0.7103779437168884492 ) ) ;
#1281 = EDGE_CURVE ( 'NONE', #1508, #609, #2529, .T. ) ;
#1282 = DIRECTION ( 'NONE',  ( -0.000000000000000000, -1.000000000000000000, -0.000000000000000000 ) ) ;
#1283 = CARTESIAN_POINT ( 'NONE',  ( -3.082842712474619162, 0.4699999999999988631, 2.600000000000000089 ) ) ;
#1284 = ORIENTED_EDGE ( 'NONE', *, *, #2509, .T. ) ;
#1285 = CARTESIAN_POINT ( 'NONE',  ( 0.6318688089915143191, 0.7699999999999997957, 0.6880172914037872012 ) ) ;
#1286 = DIRECTION ( 'NONE',  ( 0.000000000000000000, 1.000000000000000000, 0.000000000000000000 ) ) ;
#1287 = APPROVAL ( #5199, '未指定' ) ;
#1288 = ORIENTED_EDGE ( 'NONE', *, *, #1989, .T. ) ;
#1289 = AXIS2_PLACEMENT_3D ( 'NONE', #3809, #5205, #1063 ) ;
#1290 = EDGE_CURVE ( 'NONE', #3125, #1215, #717, .T. ) ;
#1291 = EDGE_LOOP ( 'NONE', ( #3609, #3126, #4233, #3987 ) ) ;
#1292 = VERTEX_POINT ( 'NONE', #2560 ) ;
#1294 = CARTESIAN_POINT ( 'NONE',  ( -0.7496057053338414100, 0.7699999999999997957, 1.412079978315272211 ) ) ;
#1293 = CARTESIAN_POINT ( 'NONE',  ( 0.6214939024390246924, 0.7699999999999999067, 1.412195121951219656 ) ) ;
#1295 = EDGE_CURVE ( 'NONE', #3497, #1324, #213, .T. ) ;
#1296 = AXIS2_PLACEMENT_3D ( 'NONE', #4022, #5923, #3567 ) ;
#1297 = LINE ( 'NONE', #326, #5576 ) ;
#1298 = DIRECTION ( 'NONE',  ( 1.330367829810851781E-14, 0.000000000000000000, 1.000000000000000000 ) ) ;
#1299 = CARTESIAN_POINT ( 'NONE',  ( -0.7631478658536581250, 0.7699999999999997957, 1.050000000000000488 ) ) ;
#1300 = B_SPLINE_SURFACE_WITH_KNOTS ( 'NONE', 3, 1, ( 
 ( #509, #3766 ),
 ( #1864, #3705 ),
 ( #3790, #2351 ),
 ( #1410, #4220 ),
 ( #5585, #5638 ),
 ( #1500, #3249 ),
 ( #5095, #3336 ),
 ( #959, #2805 ),
 ( #1131, #622 ),
 ( #4422, #1556 ),
 ( #4338, #4364 ),
 ( #3426, #4760 ),
 ( #5269, #651 ),
 ( #1182, #230 ),
 ( #5693, #3851 ),
 ( #3936, #2493 ),
 ( #2464, #2581 ),
 ( #1158, #2922 ),
 ( #3396, #4870 ) ),
 .UNSPECIFIED., .F., .F., .F.,
 ( 4, 1, 1, 1, 1, 1, 1, 1, 1, 1, 1, 1, 1, 1, 1, 1, 4 ),
 ( 2, 2 ),
 ( 0.000000000000000000, 0.04737331956546703832, 0.09298221460695955953, 0.1372744129027540227, 0.1811189261003019746, 0.2266199320853928278, 0.2740253879756820443, 0.3245043273600553557, 0.3784618027051720457, 0.4371392850744831859, 0.5005609739062908403, 0.5692366401754133109, 0.6434534003032772453, 0.7234387217903208711, 0.8097448274288706616, 0.9017582518748927800, 1.000000000000000000 ),
 ( 0.000000000000000000, 1.000000000000000000 ),
 .UNSPECIFIED. ) ;
#1301 = CARTESIAN_POINT ( 'NONE',  ( -0.8229597860795826447, 0.7599999999999997868, 1.506268348291801784 ) ) ;
#1302 = CARTESIAN_POINT ( 'NONE',  ( 1.136334606762554378, 0.7599999999999997868, 1.103530555674705482 ) ) ;
#1303 = CARTESIAN_POINT ( 'NONE',  ( 0.5129937356729090681, 0.7699999999999997957, 1.363010028256776307 ) ) ;
#1304 = DIRECTION ( 'NONE',  ( 1.000000000000000000, -0.000000000000000000, 0.000000000000000000 ) ) ;
#1305 = VERTEX_POINT ( 'NONE', #1086 ) ;
#1306 = CARTESIAN_POINT ( 'NONE',  ( -0.5324383211791375858, 0.7699999999999997957, 1.220337464806928063 ) ) ;
#1307 = AXIS2_PLACEMENT_3D ( 'NONE', #3522, #1228, #2623 ) ;
#1308 = DIRECTION ( 'NONE',  ( -0.000000000000000000, 1.000000000000000000, -0.000000000000000000 ) ) ;
#1309 = CARTESIAN_POINT ( 'NONE',  ( 1.169341898662861201, 0.7699999999999997957, 1.300824508769389043 ) ) ;
#1310 = PLANE ( 'NONE',  #2251 ) ;
#1311 = EDGE_CURVE ( 'NONE', #5244, #2043, #272, .T. ) ;
#1312 = ORIENTED_EDGE ( 'NONE', *, *, #5501, .T. ) ;
#1313 = DIRECTION ( 'NONE',  ( 0.000000000000000000, 0.000000000000000000, -1.000000000000000000 ) ) ;
#1314 = VERTEX_POINT ( 'NONE', #2956 ) ;
#1315 = PLANE ( 'NONE',  #5275 ) ;
#1316 = CARTESIAN_POINT ( 'NONE',  ( 0.3342930454262337259, 0.7599999999999997868, 0.9076161350652367510 ) ) ;
#1317 = EDGE_CURVE ( 'NONE', #4181, #96, #2519, .T. ) ;
#1318 = CARTESIAN_POINT ( 'NONE',  ( 1.169443403010015148, 0.7699999999999997957, -0.8657939609684663917 ) ) ;
#1319 = ORIENTED_EDGE ( 'NONE', *, *, #5389, .T. ) ;
#1320 = CARTESIAN_POINT ( 'NONE',  ( -0.5324570246286612907, 0.7599999999999997868, 1.233966404223329372 ) ) ;
#1321 = CARTESIAN_POINT ( 'NONE',  ( 0.8368918229910771167, 0.7699999999999997957, 1.391319280114061696 ) ) ;
#1322 = VECTOR ( 'NONE', #1551, 1000.000000000000000 ) ;
#1323 = VERTEX_POINT ( 'NONE', #5311 ) ;
#1324 = VERTEX_POINT ( 'NONE', #4400 ) ;
#1325 = ORIENTED_EDGE ( 'NONE', *, *, #5501, .F. ) ;
#1327 = DIRECTION ( 'NONE',  ( -0.000000000000000000, 1.000000000000000000, -0.000000000000000000 ) ) ;
#1326 = CARTESIAN_POINT ( 'NONE',  ( 1.291211831391000375, 0.7699999999999997957, 1.510679795626615141 ) ) ;
#1328 = AXIS2_PLACEMENT_3D ( 'NONE', #5622, #632, #5283 ) ;
#1329 = VECTOR ( 'NONE', #3300, 1000.000000000000000 ) ;
#1330 = EDGE_CURVE ( 'NONE', #1450, #4065, #3313, .T. ) ;
#1331 = CARTESIAN_POINT ( 'NONE',  ( 0.4598611446829223293, 0.7599999999999997868, -1.352008014715327722 ) ) ;
#1332 = LINE ( 'NONE', #3168, #87 ) ;
#1333 = DIRECTION ( 'NONE',  ( -0.000000000000000000, -1.000000000000000000, -0.000000000000000000 ) ) ;
#1334 = CARTESIAN_POINT ( 'NONE',  ( 0.4889054252311232918, 0.7699999999999997957, 0.7817318149242049596 ) ) ;
#1335 = AXIS2_PLACEMENT_3D ( 'NONE', #2788, #4110, #1814 ) ;
#1336 = CARTESIAN_POINT ( 'NONE',  ( 0.7898845206446777345, 0.7699999999999997957, 1.176356560645834382 ) ) ;
#1337 = ORIENTED_EDGE ( 'NONE', *, *, #2840, .F. ) ;
#1338 = DIRECTION ( 'NONE',  ( 1.000000000000000000, 0.000000000000000000, 0.000000000000000000 ) ) ;
#1339 = EDGE_CURVE ( 'NONE', #1931, #5727, #3379, .T. ) ;
#1340 = VECTOR ( 'NONE', #367, 1000.000000000000000 ) ;
#1341 = DIRECTION ( 'NONE',  ( 0.000000000000000000, 0.000000000000000000, -1.000000000000000000 ) ) ;
#1342 = CARTESIAN_POINT ( 'NONE',  ( 1.419719812828704741, 0.7699999999999997957, 1.362032257151438053 ) ) ;
#1343 = CARTESIAN_POINT ( 'NONE',  ( -1.421341463414633077, 0.7699999999999997957, 0.6987804878048785584 ) ) ;
#1344 = CARTESIAN_POINT ( 'NONE',  ( -0.7233612804878044589, 0.7599999999999997868, 0.9512195121951227961 ) ) ;
#1345 = ORIENTED_EDGE ( 'NONE', *, *, #3448, .F. ) ;
#1346 = FACE_OUTER_BOUND ( 'NONE', #953, .T. ) ;
#1347 = CARTESIAN_POINT ( 'NONE',  ( 0.3237804878048786139, 0.7599999999999997868, 1.067492378048781276 ) ) ;
#1348 = CARTESIAN_POINT ( 'NONE',  ( 1.607493127413496703, 0.7599999999999997868, 0.9919800281037857159 ) ) ;
#1349 = ORIENTED_EDGE ( 'NONE', *, *, #2840, .T. ) ;
#1350 = DIRECTION ( 'NONE',  ( -1.000000000000000000, 0.000000000000000000, 8.557733870429801020E-15 ) ) ;
#1351 = CARTESIAN_POINT ( 'NONE',  ( 0.8720102837594060352, 0.7699999999999997957, 1.324600227924191964 ) ) ;
#1352 = ORIENTED_EDGE ( 'NONE', *, *, #3876, .F. ) ;
#1353 = ORIENTED_EDGE ( 'NONE', *, *, #5744, .T. ) ;
#1354 = VERTEX_POINT ( 'NONE', #1114 ) ;
#1355 = VERTEX_POINT ( 'NONE', #5730 ) ;
#1357 = LINE ( 'NONE', #353, #5260 ) ;
#1356 = CARTESIAN_POINT ( 'NONE',  ( 0.1766575670847864432, 0.7699999999999997957, -1.330211751212933668 ) ) ;
#1358 = CARTESIAN_POINT ( 'NONE',  ( -0.4455443046470929369, 0.7699999999999997957, 1.363974623253687790 ) ) ;
#1359 = CARTESIAN_POINT ( 'NONE',  ( -0.9164634146341458232, 0.7699999999999997957, 1.057545731707317582 ) ) ;
#1360 =( NAMED_UNIT ( * ) SI_UNIT ( $, .STERADIAN. ) SOLID_ANGLE_UNIT ( ) );
#1361 = DIRECTION ( 'NONE',  ( -1.000000000000000000, 0.000000000000000000, 1.511927730809485547E-14 ) ) ;
#1362 = LINE ( 'NONE', #3721, #4169 ) ;
#1363 = FACE_OUTER_BOUND ( 'NONE', #2674, .T. ) ;
#1364 = CARTESIAN_POINT ( 'NONE',  ( -1.014160713550104953, 0.7599999999999997868, -0.6872997684941417607 ) ) ;
#1365 = ORIENTED_EDGE ( 'NONE', *, *, #4947, .T. ) ;
#1366 = LINE ( 'NONE', #788, #172 ) ;
#1367 = CC_DESIGN_PERSON_AND_ORGANIZATION_ASSIGNMENT ( #3891, #2052, ( #2513 ) ) ;
#1368 = DIRECTION ( 'NONE',  ( 0.000000000000000000, 0.000000000000000000, 1.000000000000000000 ) ) ;
#1369 = ORIENTED_EDGE ( 'NONE', *, *, #1036, .F. ) ;
#1370 = CARTESIAN_POINT ( 'NONE',  ( 1.607926829268292890, 0.7699999999999997957, 1.046227134146341831 ) ) ;
#1371 = FACE_OUTER_BOUND ( 'NONE', #3398, .T. ) ;
#1372 = CARTESIAN_POINT ( 'NONE',  ( 1.580970634330894242, 0.7699999999999997957, 0.8058493928861512057 ) ) ;
#1373 = VERTEX_POINT ( 'NONE', #1593 ) ;
#1374 = LINE ( 'NONE', #408, #5088 ) ;
#1375 = CARTESIAN_POINT ( 'NONE',  ( 1.445169975471511492, 0.7599999999999995648, 0.7803492590744705026 ) ) ;
#1376 = CARTESIAN_POINT ( 'NONE',  ( -0.4306485298155433572, 0.7599999999999997868, -1.356522286983777636 ) ) ;
#1377 = ORIENTED_EDGE ( 'NONE', *, *, #3402, .T. ) ;
#1378 = CARTESIAN_POINT ( 'NONE',  ( 0.3512998121464835921, 0.7599999999999997868, -1.364542048095912063 ) ) ;
#1379 = DIRECTION ( 'NONE',  ( -0.000000000000000000, -1.000000000000000000, -0.000000000000000000 ) ) ;
#1380 = ADVANCED_FACE ( 'NONE', ( #3438 ), #3619, .F. ) ;
#1381 = ORIENTED_EDGE ( 'NONE', *, *, #1738, .T. ) ;
#1382 = ORIENTED_EDGE ( 'NONE', *, *, #5554, .F. ) ;
#1384 = DIRECTION ( 'NONE',  ( 0.7071067811865463515, -0.7071067811865487940, -0.000000000000000000 ) ) ;
#1383 = CARTESIAN_POINT ( 'NONE',  ( 1.302324695121951592, 0.7599999999999997868, 1.510975609756098015 ) ) ;
#1385 = AXIS2_PLACEMENT_3D ( 'NONE', #3779, #1942, #47 ) ;
#1386 = CARTESIAN_POINT ( 'NONE',  ( -0.4115853658536581250, 0.7599999999999997868, 1.219778963414634765 ) ) ;
#1387 = CARTESIAN_POINT ( 'NONE',  ( -0.8433192445419670502, 0.7699999999999997957, 1.051676394770146850 ) ) ;
#1388 = ORIENTED_EDGE ( 'NONE', *, *, #5577, .F. ) ;
#1389 = CARTESIAN_POINT ( 'NONE',  ( 0.5291573197651906479, 0.7599999999999997868, 0.7241448525850858742 ) ) ;
#1390 = AXIS2_PLACEMENT_3D ( 'NONE', #2887, #3871, #4729 ) ;
#1391 = CARTESIAN_POINT ( 'NONE',  ( -0.2607345472303137512, 0.7599999999999997868, -1.025179901899914370 ) ) ;
#1392 = CARTESIAN_POINT ( 'NONE',  ( 0.4448850360433024842, 0.7699999999999997957, 1.017680584132083510 ) ) ;
#1393 = CARTESIAN_POINT ( 'NONE',  ( 0.6176450592311639731, 0.7699999999999997957, 0.6881232890242917621 ) ) ;
#1394 = CARTESIAN_POINT ( 'NONE',  ( 0.2614037892791999385, 0.7599999999999997868, -0.3883414372125759684 ) ) ;
#1395 = DIRECTION ( 'NONE',  ( -0.000000000000000000, 1.000000000000000000, -0.000000000000000000 ) ) ;
#1396 = VERTEX_POINT ( 'NONE', #3583 ) ;
#1397 = CARTESIAN_POINT ( 'NONE',  ( 0.4177794691104787517, 0.7599999999999995648, 1.424275484779584877 ) ) ;
#1398 = CARTESIAN_POINT ( 'NONE',  ( 0.2469512195121951748, 0.7699999999999997957, 1.401219512195122530 ) ) ;
#1399 = ORIENTED_EDGE ( 'NONE', *, *, #1758, .F. ) ;
#1400 = CARTESIAN_POINT ( 'NONE',  ( 1.432887929965031892, 0.7699999999999997957, 1.343928308114218151 ) ) ;
#1401 = CARTESIAN_POINT ( 'NONE',  ( 0.3673575861434488776, 0.7699999999999997957, 0.7785722335076150635 ) ) ;
#1402 = ORIENTED_EDGE ( 'NONE', *, *, #3136, .F. ) ;
#1403 = CARTESIAN_POINT ( 'NONE',  ( -0.4788525076376887735, 0.7699999999999997957, 1.410700096952532512 ) ) ;
#1404 = EDGE_CURVE ( 'NONE', #4787, #2527, #1357, .T. ) ;
#1405 = VECTOR ( 'NONE', #2656, 1000.000000000000000 ) ;
#1406 = LINE ( 'NONE', #1861, #5464 ) ;
#1407 = EDGE_CURVE ( 'NONE', #873, #5919, #1953, .T. ) ;
#1408 = CARTESIAN_POINT ( 'NONE',  ( 0.6249237804878051694, 0.7599999999999997868, 0.6878048780487805436 ) ) ;
#1409 = ORIENTED_EDGE ( 'NONE', *, *, #5317, .F. ) ;
#1410 = CARTESIAN_POINT ( 'NONE',  ( 1.274051455466975069, 0.7599999999999997868, 0.6930163764281568328 ) ) ;
#1411 = CARTESIAN_POINT ( 'NONE',  ( 0.4999671719527928326, 0.7699999999999997957, 1.344887391077261407 ) ) ;
#1412 = ORIENTED_EDGE ( 'NONE', *, *, #5547, .F. ) ;
#1413 = EDGE_LOOP ( 'NONE', ( #2949, #1077, #2847, #1186 ) ) ;
#1415 = DIRECTION ( 'NONE',  ( 1.000000000000000000, 0.000000000000000000, -1.363888835598852134E-14 ) ) ;
#1414 = CARTESIAN_POINT ( 'NONE',  ( -0.7369092987804872763, 0.7599999999999997868, 1.510975609756097571 ) ) ;
#1416 = CARTESIAN_POINT ( 'NONE',  ( -0.4165641175946411812, 0.7699999999999997957, 1.281782203283561294 ) ) ;
#1417 = FACE_OUTER_BOUND ( 'NONE', #5562, .T. ) ;
#1418 = VECTOR ( 'NONE', #5912, 1000.000000000000000 ) ;
#1419 = ORIENTED_EDGE ( 'NONE', *, *, #152, .T. ) ;
#1420 = CARTESIAN_POINT ( 'NONE',  ( 1.607926829268292890, 0.7699999999999997957, 1.046227134146341831 ) ) ;
#1421 = CIRCLE ( 'NONE', #3253, 0.4808357018628978685 ) ;
#1422 =( NAMED_UNIT ( * ) PLANE_ANGLE_UNIT ( ) SI_UNIT ( $, .RADIAN. ) );
#1423 = DIRECTION ( 'NONE',  ( 0.7130974311049572689, 0.000000000000000000, -0.7010649426062544043 ) ) ;
#1424 = CARTESIAN_POINT ( 'NONE',  ( 0.6226049589010783647, 0.7599999999999997868, 1.510634158454857934 ) ) ;
#1425 = CARTESIAN_POINT ( 'NONE',  ( 0.5288362637693343471, 0.7699999999999997957, 0.6051682785941017162 ) ) ;
#1426 = DIRECTION ( 'NONE',  ( -0.000000000000000000, 1.000000000000000000, -0.000000000000000000 ) ) ;
#1427 = VERTEX_POINT ( 'NONE', #2688 ) ;
#1428 = CARTESIAN_POINT ( 'NONE',  ( -0.7233612804878044589, 0.7699999999999997957, 0.9512195121951224630 ) ) ;
#1429 = LINE ( 'NONE', #3271, #2579 ) ;
#1430 = VERTEX_POINT ( 'NONE', #5014 ) ;
#1431 = CARTESIAN_POINT ( 'NONE',  ( 1.445169975471511492, 0.7699999999999997957, 0.7803492590744705026 ) ) ;
#1432 = VECTOR ( 'NONE', #2649, 1000.000000000000114 ) ;
#1433 = CARTESIAN_POINT ( 'NONE',  ( 1.015441221649166836, 0.7699999999999997957, 1.048392383769221725 ) ) ;
#1434 = VERTEX_POINT ( 'NONE', #1714 ) ;
#1435 = CARTESIAN_POINT ( 'NONE',  ( -0.2563660438559350885, 0.7599999999999997868, -1.330211751212927673 ) ) ;
#1436 = CARTESIAN_POINT ( 'NONE',  ( -1.542073170731706355, 0.7699999999999997957, 0.6000000000000005329 ) ) ;
#1437 = DIRECTION ( 'NONE',  ( 1.000000000000000000, 0.000000000000000000, 0.000000000000000000 ) ) ;
#1438 = EDGE_LOOP ( 'NONE', ( #5788, #364, #5027, #2288 ) ) ;
#1439 = CARTESIAN_POINT ( 'NONE',  ( -0.4118354771941905579, 0.7599999999999997868, 1.230425988178434960 ) ) ;
#1440 = LINE ( 'NONE', #5451, #1128 ) ;
#1441 = ORIENTED_EDGE ( 'NONE', *, *, #2531, .F. ) ;
#1442 = ORIENTED_EDGE ( 'NONE', *, *, #4363, .F. ) ;
#1444 = DIRECTION ( 'NONE',  ( -0.000000000000000000, 1.000000000000000000, -0.000000000000000000 ) ) ;
#1443 = CARTESIAN_POINT ( 'NONE',  ( 1.131200217835203636, 0.7699999999999997957, 1.447344517896008043 ) ) ;
#1445 = EDGE_CURVE ( 'NONE', #4874, #1531, #2258, .T. ) ;
#1446 = CARTESIAN_POINT ( 'NONE',  ( -0.7496057053338414100, 0.7599999999999997868, 1.412079978315272211 ) ) ;
#1447 = AXIS2_PLACEMENT_3D ( 'NONE', #1120, #130, #3684 ) ;
#1448 = EDGE_CURVE ( 'NONE', #4270, #3858, #4103, .T. ) ;
#1449 = CARTESIAN_POINT ( 'NONE',  ( 1.137376608803542410, 0.7599999999999992317, 0.6570535513085227208 ) ) ;
#1450 = VERTEX_POINT ( 'NONE', #4499 ) ;
#1451 = DIRECTION ( 'NONE',  ( -0.6880188545944715406, 0.000000000000000000, 0.7256928108521617515 ) ) ;
#1452 = CARTESIAN_POINT ( 'NONE',  ( 1.023936363573030306, 0.7599999999999997868, -0.7123193697668354085 ) ) ;
#1453 = EDGE_CURVE ( 'NONE', #5781, #1323, #3098, .T. ) ;
#1454 = CARTESIAN_POINT ( 'NONE',  ( -1.014160713550104953, 0.7699999999999997957, -1.648971172219937387 ) ) ;
#1455 = CARTESIAN_POINT ( 'NONE',  ( 0.6108612804878051916, 0.7599999999999997868, 1.510975609756097571 ) ) ;
#1456 = CARTESIAN_POINT ( 'NONE',  ( -0.6085470295934756191, 0.7599999999999997868, 1.085305502445337300 ) ) ;
#1457 = CARTESIAN_POINT ( 'NONE',  ( 1.454587058114300557, 0.7699999999999997957, 1.299056863816489216 ) ) ;
#1458 = ORIENTED_EDGE ( 'NONE', *, *, #1767, .F. ) ;
#1459 = CYLINDRICAL_SURFACE ( 'NONE', #735, 0.2781274262561416744 ) ;
#1460 = ADVANCED_FACE ( 'NONE', ( #3068 ), #5494, .T. ) ;
#1461 = DIRECTION ( 'NONE',  ( 0.000000000000000000, -0.000000000000000000, -1.000000000000000000 ) ) ;
#1462 = DIRECTION ( 'NONE',  ( -0.7071067811865463515, -0.7071067811865487940, 0.000000000000000000 ) ) ;
#1463 = FACE_OUTER_BOUND ( 'NONE', #5189, .T. ) ;
#1464 = EDGE_LOOP ( 'NONE', ( #4710, #2494, #500, #5223 ) ) ;
#1465 = CARTESIAN_POINT ( 'NONE',  ( -0.7876714939024386242, 0.7599999999999997868, 0.6987804878048785584 ) ) ;
#1466 = CARTESIAN_POINT ( 'NONE',  ( -0.9274390243902435049, 0.7599999999999997868, 1.475819359756098015 ) ) ;
#1467 = LINE ( 'NONE', #2349, #5649 ) ;
#1468 = ORIENTED_EDGE ( 'NONE', *, *, #3634, .F. ) ;
#1469 = CARTESIAN_POINT ( 'NONE',  ( -0.4609955243500407085, 0.7599999999999997868, 1.387998529678242665 ) ) ;
#1470 = EDGE_CURVE ( 'NONE', #1986, #1874, #904, .T. ) ;
#1471 = ADVANCED_FACE ( 'NONE', ( #5882 ), #2231, .F. ) ;
#1472 = VERTEX_POINT ( 'NONE', #5910 ) ;
#1474 = DIRECTION ( 'NONE',  ( -0.000000000000000000, 1.000000000000000000, -0.000000000000000000 ) ) ;
#1473 = CARTESIAN_POINT ( 'NONE',  ( 0.4891172258395556915, 0.7699999999999997957, 1.483274102444261056 ) ) ;
#1475 = EDGE_CURVE ( 'NONE', #2344, #743, #5461, .T. ) ;
#1476 = CARTESIAN_POINT ( 'NONE',  ( 1.179574201693892155, 0.7599999999999997868, 1.324290092696827514 ) ) ;
#1477 = ADVANCED_FACE ( 'NONE', ( #5942 ), #3163, .F. ) ;
#1478 = CARTESIAN_POINT ( 'NONE',  ( 1.093307609869121455, 0.7599999999999992317, 0.7104623967784284844 ) ) ;
#1479 = ORIENTED_EDGE ( 'NONE', *, *, #42, .F. ) ;
#1480 = ADVANCED_FACE ( 'NONE', ( #2718 ), #2750, .F. ) ;
#1481 = CARTESIAN_POINT ( 'NONE',  ( 0.5825880408328288906, 0.7599999999999997868, 0.6930163764281567218 ) ) ;
#1482 = COORDINATED_UNIVERSAL_TIME_OFFSET ( 8, 0, .AHEAD. ) ;
#1483 = CARTESIAN_POINT ( 'NONE',  ( 0.6977081585743125647, 0.7600000000000000089, 0.5955939372084153582 ) ) ;
#1484 = DIRECTION ( 'NONE',  ( -0.7127916838672133659, 0.000000000000000000, 0.7013758018421668572 ) ) ;
#1485 = CARTESIAN_POINT ( 'NONE',  ( -0.6451109458838982791, 0.7699999999999997957, 1.067782313632539948 ) ) ;
#1486 = LINE ( 'NONE', #4176, #2932 ) ;
#1487 = ORIENTED_EDGE ( 'NONE', *, *, #679, .T. ) ;
#1488 = CARTESIAN_POINT ( 'NONE',  ( -3.000000000000000000, -2.449293598294706414E-16, -2.600000000000000089 ) ) ;
#1489 = VECTOR ( 'NONE', #4806, 1000.000000000000000 ) ;
#1490 = VECTOR ( 'NONE', #4124, 1000.000000000000000 ) ;
#1491 = CARTESIAN_POINT ( 'NONE',  ( 1.337069026438167052, 0.7699999999999997957, 1.509965406928573284 ) ) ;
#1492 = CARTESIAN_POINT ( 'NONE',  ( 1.034202554914229744, 0.7699999999999997957, 0.8610008260708161831 ) ) ;
#1493 = DIRECTION ( 'NONE',  ( -0.7087852990373982864, 0.000000000000000000, -0.7054242694070469444 ) ) ;
#1494 = CARTESIAN_POINT ( 'NONE',  ( 1.322560975609756051, 0.7699999999999997957, 0.5890243902439027401 ) ) ;
#1495 = CARTESIAN_POINT ( 'NONE',  ( 0.2469512195121951748, 0.7699999999999997957, 1.500000000000000444 ) ) ;
#1496 = ADVANCED_FACE ( 'NONE', ( #3974 ), #5818, .F. ) ;
#1497 = EDGE_CURVE ( 'NONE', #872, #5011, #5641, .T. ) ;
#1498 = DIRECTION ( 'NONE',  ( -0.000000000000000000, -1.000000000000000000, -0.000000000000000000 ) ) ;
#1499 = ORIENTED_EDGE ( 'NONE', *, *, #639, .T. ) ;
#1500 = CARTESIAN_POINT ( 'NONE',  ( 1.236977675911675956, 0.7599999999999997868, 0.7108169158841716184 ) ) ;
#1501 = EDGE_CURVE ( 'NONE', #3107, #1619, #102, .T. ) ;
#1502 = AXIS2_PLACEMENT_3D ( 'NONE', #1926, #3672, #1954 ) ;
#1503 = VERTEX_POINT ( 'NONE', #3769 ) ;
#1505 = CARTESIAN_POINT ( 'NONE',  ( 0.4598611446829223293, 0.7599999999999997868, -1.352008014715327722 ) ) ;
#1504 = CARTESIAN_POINT ( 'NONE',  ( -0.7960660291242821485, 0.7599999999999997868, 1.508990299789505496 ) ) ;
#1506 = CARTESIAN_POINT ( 'NONE',  ( 1.484702488105762663, 0.7599999999999995648, 0.9707836246393393154 ) ) ;
#1507 = CARTESIAN_POINT ( 'NONE',  ( 1.254831878044424531, 0.7699999999999997957, 0.7005178147430816127 ) ) ;
#1508 = VERTEX_POINT ( 'NONE', #69 ) ;
#1509 = ORIENTED_EDGE ( 'NONE', *, *, #1185, .F. ) ;
#1510 = LINE ( 'NONE', #4292, #5117 ) ;
#1511 = ADVANCED_FACE ( 'NONE', ( #125 ), #4260, .T. ) ;
#1512 = CARTESIAN_POINT ( 'NONE',  ( 1.254831878044424531, 0.7599999999999997868, 0.7005178147430816127 ) ) ;
#1513 = DIRECTION ( 'NONE',  ( 0.000000000000000000, -0.000000000000000000, -1.000000000000000000 ) ) ;
#1514 = PLANE ( 'NONE',  #204 ) ;
#1515 = CARTESIAN_POINT ( 'NONE',  ( 0.7527477505777150357, 0.7599999999999997868, 1.322746769008860790 ) ) ;
#1516 = VECTOR ( 'NONE', #3443, 1000.000000000000000 ) ;
#1517 = VERTEX_POINT ( 'NONE', #3286 ) ;
#1518 = CARTESIAN_POINT ( 'NONE',  ( 3.000000000000000000, 0.2699999999999987965, -2.600000000000000089 ) ) ;
#1519 = CARTESIAN_POINT ( 'NONE',  ( 1.454981639498930557, 0.7699999999999997957, 0.8049979215760431073 ) ) ;
#1520 = VECTOR ( 'NONE', #4315, 1000.000000000000000 ) ;
#1521 = CARTESIAN_POINT ( 'NONE',  ( -1.081097560975608385, 0.7699999999999997957, 0.6000000000000005329 ) ) ;
#1522 = ORIENTED_EDGE ( 'NONE', *, *, #2469, .F. ) ;
#1523 = DIRECTION ( 'NONE',  ( 1.000000000000000000, 0.000000000000000000, -0.000000000000000000 ) ) ;
#1524 = VECTOR ( 'NONE', #4195, 1000.000000000000000 ) ;
#1525 = CARTESIAN_POINT ( 'NONE',  ( 0.5953276170615288132, 0.7599999999999997868, 0.5900135335349340204 ) ) ;
#1526 = CARTESIAN_POINT ( 'NONE',  ( -0.5554895051656116856, 0.7599999999999997868, 1.136658147351559789 ) ) ;
#1527 = ORIENTED_EDGE ( 'NONE', *, *, #2727, .F. ) ;
#1528 = CARTESIAN_POINT ( 'NONE',  ( -0.5899387081906799501, 0.7699999999999997957, 1.361864076966912362 ) ) ;
#1529 = EDGE_CURVE ( 'NONE', #5244, #3335, #5101, .T. ) ;
#1530 = VECTOR ( 'NONE', #396, 1000.000000000000000 ) ;
#1531 = VERTEX_POINT ( 'NONE', #3795 ) ;
#1533 = DIRECTION ( 'NONE',  ( -0.000000000000000000, 1.000000000000000000, -0.000000000000000000 ) ) ;
#1532 = CARTESIAN_POINT ( 'NONE',  ( 0.000000000000000000, 0.7699999999999997957, -0.1256921763512657830 ) ) ;
#1534 = CARTESIAN_POINT ( 'NONE',  ( -0.7631478658536581250, 0.7699999999999997957, 1.050000000000000488 ) ) ;
#1535 = VERTEX_POINT ( 'NONE', #1870 ) ;
#1536 = ORIENTED_EDGE ( 'NONE', *, *, #886, .F. ) ;
#1537 = CARTESIAN_POINT ( 'NONE',  ( 0.8271066901824266626, 0.7599999999999997868, 0.6763580223664809044 ) ) ;
#1538 = LINE ( 'NONE', #1223, #3584 ) ;
#1539 = VECTOR ( 'NONE', #4718, 1000.000000000000000 ) ;
#1540 = DIRECTION ( 'NONE',  ( -0.000000000000000000, 1.000000000000000000, -0.000000000000000000 ) ) ;
#1541 = CARTESIAN_POINT ( 'NONE',  ( -0.4306485298155332542, 0.7699999999999997957, -0.8557455865011125429 ) ) ;
#1542 = EDGE_LOOP ( 'NONE', ( #4717, #4317, #1033, #2471 ) ) ;
#1543 = CARTESIAN_POINT ( 'NONE',  ( -0.5658863197154898605, 0.7699999999999997957, 0.9782366548244472160 ) ) ;
#1544 = EDGE_CURVE ( 'NONE', #4170, #1837, #3679, .T. ) ;
#1545 = LINE ( 'NONE', #86, #4722 ) ;
#1546 = DIRECTION ( 'NONE',  ( 0.000000000000000000, -1.000000000000000000, 0.000000000000000000 ) ) ;
#1547 = VECTOR ( 'NONE', #3922, 1000.000000000000000 ) ;
#1548 = ORIENTED_EDGE ( 'NONE', *, *, #1281, .F. ) ;
#1549 = DIRECTION ( 'NONE',  ( -1.000000000000000000, -0.000000000000000000, 0.000000000000000000 ) ) ;
#1550 = EDGE_CURVE ( 'NONE', #3727, #3204, #3720, .T. ) ;
#1551 = DIRECTION ( 'NONE',  ( 1.000000000000000000, 0.000000000000000000, 0.000000000000000000 ) ) ;
#1552 = CARTESIAN_POINT ( 'NONE',  ( 1.419576592193250164, 0.7599999999999994538, 0.6043087540839103822 ) ) ;
#1553 = EDGE_CURVE ( 'NONE', #1806, #2702, #1052, .T. ) ;
#1554 = DIRECTION ( 'NONE',  ( -0.7071067811865463515, -0.7071067811865487940, 0.000000000000000000 ) ) ;
#1555 = ORIENTED_EDGE ( 'NONE', *, *, #1706, .T. ) ;
#1556 = CARTESIAN_POINT ( 'NONE',  ( 1.180368839865269193, 0.7699999999999997957, 0.7817318149242047376 ) ) ;
#1557 = ORIENTED_EDGE ( 'NONE', *, *, #5960, .T. ) ;
#1558 = DIRECTION ( 'NONE',  ( -1.000000000000000000, 0.000000000000000000, -1.932927468457599532E-14 ) ) ;
#1559 = CARTESIAN_POINT ( 'NONE',  ( -0.6972178139255774676, 0.7699999999999997957, 1.409464610833116804 ) ) ;
#1560 = CIRCLE ( 'NONE', #5230, 0.2500000000000002220 ) ;
#1561 = CARTESIAN_POINT ( 'NONE',  ( 1.019698025088904059, 0.7599999999999992317, 0.9577215403777638025 ) ) ;
#1562 = EDGE_LOOP ( 'NONE', ( #3918, #4226, #2526, #2179 ) ) ;
#1563 = EDGE_LOOP ( 'NONE', ( #2981, #5880, #3155, #1636 ) ) ;
#1565 = CARTESIAN_POINT ( 'NONE',  ( 0.7561699984308216660, 0.7599999999999997868, 0.6170893030102108101 ) ) ;
#1564 = DIRECTION ( 'NONE',  ( -1.000000000000000000, 0.000000000000000000, 0.000000000000000000 ) ) ;
#1566 = EDGE_CURVE ( 'NONE', #4735, #2765, #2871, .T. ) ;
#1567 = CARTESIAN_POINT ( 'NONE',  ( 0.4553922707762041444, 0.7599999999999997868, 0.8990562859968449505 ) ) ;
#1568 = LINE ( 'NONE', #5314, #1547 ) ;
#1569 = PLANE ( 'NONE',  #5049 ) ;
#1570 = VERTEX_POINT ( 'NONE', #2293 ) ;
#1571 = CARTESIAN_POINT ( 'NONE',  ( -0.5162874725351594973, 0.7699999999999997957, 1.004744540578431433 ) ) ;
#1572 = CARTESIAN_POINT ( 'NONE',  ( 0.7774231610645325752, 0.7699999999999997957, -0.3817094831572565017 ) ) ;
#1573 = DIRECTION ( 'NONE',  ( -1.000000000000000000, 0.000000000000000000, 0.000000000000000000 ) ) ;
#1574 = ORIENTED_EDGE ( 'NONE', *, *, #565, .T. ) ;
#1575 = PLANE ( 'NONE',  #956 ) ;
#1576 = VECTOR ( 'NONE', #3167, 1000.000000000000000 ) ;
#1577 = DIRECTION ( 'NONE',  ( 0.000000000000000000, -0.000000000000000000, -1.000000000000000000 ) ) ;
#1578 = CARTESIAN_POINT ( 'NONE',  ( 1.419576592193250164, 0.7699999999999997957, 0.6043087540839103822 ) ) ;
#1579 = AXIS2_PLACEMENT_3D ( 'NONE', #2332, #1785, #3200 ) ;
#1580 = CARTESIAN_POINT ( 'NONE',  ( -0.5357782323941893132, 0.7599999999999997868, 1.187756965760279337 ) ) ;
#1581 = ORIENTED_EDGE ( 'NONE', *, *, #2657, .F. ) ;
#1582 = ADVANCED_FACE ( 'NONE', ( #1933 ), #3339, .F. ) ;
#1583 = DIRECTION ( 'NONE',  ( -1.426083868046566248E-14, 0.000000000000000000, -1.000000000000000000 ) ) ;
#1584 = VECTOR ( 'NONE', #4034, 1000.000000000000000 ) ;
#1585 = VERTEX_POINT ( 'NONE', #570 ) ;
#1586 = CARTESIAN_POINT ( 'NONE',  ( 0.7956060265424214073, 0.7699999999999997957, 1.070524470881337287 ) ) ;
#1587 = CARTESIAN_POINT ( 'NONE',  ( -0.5463637575834227045, 0.7699999999999997957, 1.302697930808077942 ) ) ;
#1588 = DIRECTION ( 'NONE',  ( -0.000000000000000000, 0.000000000000000000, -1.000000000000000000 ) ) ;
#1589 = VECTOR ( 'NONE', #1444, 1000.000000000000000 ) ;
#1590 = ORIENTED_EDGE ( 'NONE', *, *, #4721, .T. ) ;
#1591 = EDGE_LOOP ( 'NONE', ( #1160, #3793, #4337, #794, #4489, #2697 ) ) ;
#1593 = CARTESIAN_POINT ( 'NONE',  ( 5.000000000000000000, 0.2699999999999987965, 2.600000000000000089 ) ) ;
#1592 = LINE ( 'NONE', #4244, #3538 ) ;
#1594 = MECHANICAL_CONTEXT ( 'NONE', #4413, 'mechanical' ) ;
#1595 = CARTESIAN_POINT ( 'NONE',  ( -1.081097560975608385, 0.7699999999999997957, 0.6987804878048785584 ) ) ;
#1596 = CARTESIAN_POINT ( 'NONE',  ( 1.487195121951219612, 0.7699999999999997957, 1.056173780487805081 ) ) ;
#1597 = ORIENTED_EDGE ( 'NONE', *, *, #5863, .F. ) ;
#1598 = CARTESIAN_POINT ( 'NONE',  ( -0.4115853658536581250, 0.7699999999999997957, 1.219778963414634765 ) ) ;
#1599 = CARTESIAN_POINT ( 'NONE',  ( -3.103553390593273953, -2.322477269963798012E-16, 2.600000000000000089 ) ) ;
#1600 = ORIENTED_EDGE ( 'NONE', *, *, #572, .F. ) ;
#1601 = VECTOR ( 'NONE', #5854, 1000.000000000000114 ) ;
#1602 = LINE ( 'NONE', #1629, #3549 ) ;
#1603 = CARTESIAN_POINT ( 'NONE',  ( 0.6108612804878053026, 0.7699999999999997957, 1.510975609756097793 ) ) ;
#1604 = CARTESIAN_POINT ( 'NONE',  ( 1.473691839631696032, 0.7699999999999997957, 0.6330019528771939630 ) ) ;
#1605 =( GEOMETRIC_REPRESENTATION_CONTEXT ( 3 ) GLOBAL_UNCERTAINTY_ASSIGNED_CONTEXT ( ( #5495 ) ) GLOBAL_UNIT_ASSIGNED_CONTEXT ( ( #43, #1422, #1360 ) ) REPRESENTATION_CONTEXT ( 'NONE', 'WORKASPACE' ) );
#1606 = CARTESIAN_POINT ( 'NONE',  ( -1.495932705747281322, 0.7699999999999997957, -0.3052017748453138002 ) ) ;
#1607 = VERTEX_POINT ( 'NONE', #5132 ) ;
#1608 = CIRCLE ( 'NONE', #2878, 0.4808357018628978685 ) ;
#1609 = PLANE ( 'NONE',  #4325 ) ;
#1610 = CARTESIAN_POINT ( 'NONE',  ( 1.484003219639211890, 0.7599999999999997868, 1.443968577453645930 ) ) ;
#1611 = ORIENTED_EDGE ( 'NONE', *, *, #2762, .T. ) ;
#1612 = DIRECTION ( 'NONE',  ( 0.7054242694072447861, 0.000000000000000000, -0.7087852990372013329 ) ) ;
#1613 = CARTESIAN_POINT ( 'NONE',  ( -0.5764128195753335238, 0.7599999999999997868, 1.348772636336544428 ) ) ;
#1614 = CARTESIAN_POINT ( 'NONE',  ( -2.416446609406727397, 0.4999999999999991673, 2.600000000000000089 ) ) ;
#1615 = AXIS2_PLACEMENT_3D ( 'NONE', #3635, #4550, #3180 ) ;
#1616 = CARTESIAN_POINT ( 'NONE',  ( -0.9047503845797499888, 0.7699999999999997957, 1.056392184487506603 ) ) ;
#1617 = AXIS2_PLACEMENT_3D ( 'NONE', #5085, #917, #4054 ) ;
#1618 = EDGE_LOOP ( 'NONE', ( #5457, #3220, #3992, #1689 ) ) ;
#1619 = VERTEX_POINT ( 'NONE', #515 ) ;
#1621 = CARTESIAN_POINT ( 'NONE',  ( -1.277363294386776094, 0.7599999999999997868, -1.258020211424588419 ) ) ;
#1620 = DIRECTION ( 'NONE',  ( 0.07326583197257104108, 0.000000000000000000, -0.9973124474633647818 ) ) ;
#1622 = ADVANCED_FACE ( 'NONE', ( #2356 ), #4196, .F. ) ;
#1623 = CARTESIAN_POINT ( 'NONE',  ( 0.3673575861434488776, 0.7699999999999997957, 0.7785722335076150635 ) ) ;
#1624 = CARTESIAN_POINT ( 'NONE',  ( 1.470735379697869716, 0.7599999999999997868, 1.243208928491642551 ) ) ;
#1625 = EDGE_LOOP ( 'NONE', ( #891, #3317, #3911, #2417 ) ) ;
#1626 = DIRECTION ( 'NONE',  ( 0.000000000000000000, 0.000000000000000000, 1.000000000000000000 ) ) ;
#1627 = CARTESIAN_POINT ( 'NONE',  ( 0.2050376051931377119, 0.7599999999999997868, -1.503873276446153762 ) ) ;
#1628 = CARTESIAN_POINT ( 'NONE',  ( -0.7876714939024386242, 0.7699999999999997957, 0.6987804878048785584 ) ) ;
#1629 = CARTESIAN_POINT ( 'NONE',  ( 5.000000000000000000, 0.000000000000000000, 2.600000000000000089 ) ) ;
#1630 = EDGE_CURVE ( 'NONE', #4452, #1148, #1960, .T. ) ;
#1631 = DIRECTION ( 'NONE',  ( 0.000000000000000000, 1.000000000000000000, 0.000000000000000000 ) ) ;
#1632 = CARTESIAN_POINT ( 'NONE',  ( -1.495932705746873648, 0.7599999999999997868, -1.649203034048184691 ) ) ;
#1633 = B_SPLINE_CURVE_WITH_KNOTS ( 'NONE', 3,
 ( #55, #1856, #3728, #5476, #822, #4547, #402, #1342, #1400, #2669, #3144, #4118, #435, #5958, #1887, #5052, #1760, #4639, #4961 ),
 .UNSPECIFIED., .F., .F.,
 ( 4, 1, 1, 1, 1, 1, 1, 1, 1, 1, 1, 1, 1, 1, 1, 1, 4 ),
 ( 0.000000000000000000, 0.04801005732536415410, 0.09376792031107412939, 0.1383995575639646314, 0.1832329916563014138, 0.2286731167418772637, 0.2760741692364252486, 0.3265609897890615620, 0.3807746706440630069, 0.4393867364743087034, 0.5025738687973746455, 0.5709712500516577194, 0.6451456935240450496, 0.7245249646182785330, 0.8101810242241386240, 0.9022224124648043908, 1.000000000000000000 ),
 .UNSPECIFIED. ) ;
#1634 = CARTESIAN_POINT ( 'NONE',  ( -1.014160713550104953, 0.7599999999999997868, -1.168135470357039685 ) ) ;
#1635 = CARTESIAN_POINT ( 'NONE',  ( -2.450000000000001066, 0.7699999999999997957, -7.507433137598514605 ) ) ;
#1636 = ORIENTED_EDGE ( 'NONE', *, *, #766, .F. ) ;
#1637 = CARTESIAN_POINT ( 'NONE',  ( -1.421341463414633077, 0.7699999999999997957, 0.6987804878048785584 ) ) ;
#1638 = CARTESIAN_POINT ( 'NONE',  ( 1.312957317073170982, 0.7599999999999996758, 1.412195121951219656 ) ) ;
#1639 = ORIENTED_EDGE ( 'NONE', *, *, #2814, .T. ) ;
#1640 = CARTESIAN_POINT ( 'NONE',  ( 0.6808919805300951422, 0.7599999999999997868, 1.400102848606193717 ) ) ;
#1641 = EDGE_CURVE ( 'NONE', #2350, #5206, #3744, .T. ) ;
#1642 = CARTESIAN_POINT ( 'NONE',  ( -0.5399815728255479286, 0.7599999999999997868, 1.285252365571777800 ) ) ;
#1643 = CARTESIAN_POINT ( 'NONE',  ( 0.7822284249975499648, 0.7600000000000000089, 0.6330019528771935189 ) ) ;
#1644 = EDGE_CURVE ( 'NONE', #1, #5001, #4680, .T. ) ;
#1645 = CARTESIAN_POINT ( 'NONE',  ( 0.9164634146341466003, 0.7699999999999997957, 1.046227134146341387 ) ) ;
#1646 = ORIENTED_EDGE ( 'NONE', *, *, #2898, .T. ) ;
#1647 = B_SPLINE_CURVE_WITH_KNOTS ( 'NONE', 3,
 ( #738, #3373, #5220, #5873, #1740, #346, #4031, #3608, #1220, #799, #3184, #770, #3154, #5453, #5484, #3061, #1348, #4907, #2616 ),
 .UNSPECIFIED., .F., .F.,
 ( 4, 1, 1, 1, 1, 1, 1, 1, 1, 1, 1, 1, 1, 1, 1, 1, 4 ),
 ( 0.000000000000000000, 0.05696610313175461127, 0.1106808249741721289, 0.1623723878776362484, 0.2124209432994139946, 0.2621323069151828555, 0.3122980277330256738, 0.3639289310324154147, 0.4176938466618645984, 0.4749267193454758118, 0.5352485232984099950, 0.6001814274956239759, 0.6697271381174326743, 0.7440974927715356957, 0.8237570515317577113, 0.9090063553331505508, 1.000000000000000000 ),
 .UNSPECIFIED. ) ;
#1648 = ORIENTED_EDGE ( 'NONE', *, *, #4470, .T. ) ;
#1650 = CARTESIAN_POINT ( 'NONE',  ( 0.8627593063717777788, 0.7599999999999997868, 0.7340620972096608687 ) ) ;
#1649 = DIRECTION ( 'NONE',  ( 1.325868797859526874E-14, 0.000000000000000000, 1.000000000000000000 ) ) ;
#1651 = EDGE_CURVE ( 'NONE', #1931, #3520, #2386, .T. ) ;
#1652 = EDGE_CURVE ( 'NONE', #2516, #2369, #4228, .T. ) ;
#1653 = CARTESIAN_POINT ( 'NONE',  ( 2.449999999999999289, 0.4999999999999997780, 2.600000000000000089 ) ) ;
#1654 = CARTESIAN_POINT ( 'NONE',  ( -0.7369092987804872763, 0.7699999999999997957, 1.510975609756098015 ) ) ;
#1655 = ORIENTED_EDGE ( 'NONE', *, *, #1944, .F. ) ;
#1656 = EDGE_CURVE ( 'NONE', #3337, #286, #5525, .T. ) ;
#1657 = DIRECTION ( 'NONE',  ( -1.000000000000000000, 0.000000000000000000, 0.000000000000000000 ) ) ;
#1658 = CARTESIAN_POINT ( 'NONE',  ( 0.9057738123752475667, 0.7699999999999997957, 1.199658049349824784 ) ) ;
#1659 = CARTESIAN_POINT ( 'NONE',  ( -1.293224430140063719, 0.7599999999999997868, -1.559704639558324724 ) ) ;
#1660 = CARTESIAN_POINT ( 'NONE',  ( 0.4448711921284079773, 0.7699999999999997957, 1.103530555674704816 ) ) ;
#1661 = DIRECTION ( 'NONE',  ( 0.000000000000000000, 0.000000000000000000, 1.000000000000000000 ) ) ;
#1662 = DIRECTION ( 'NONE',  ( 1.000000000000000000, 0.000000000000000000, 0.000000000000000000 ) ) ;
#1663 = CARTESIAN_POINT ( 'NONE',  ( 1.356621360078112293, 0.7599999999999994538, 0.5898206575037096000 ) ) ;
#1664 = CARTESIAN_POINT ( 'NONE',  ( 0.7953874406939647201, 0.7599999999999997868, 1.012533269798478353 ) ) ;
#1665 = DIRECTION ( 'NONE',  ( 1.000000000000000000, 0.000000000000000000, 0.000000000000000000 ) ) ;
#1666 = VERTEX_POINT ( 'NONE', #2781 ) ;
#1667 = PLANE ( 'NONE',  #181 ) ;
#1668 = EDGE_LOOP ( 'NONE', ( #1900, #210, #4936, #310 ) ) ;
#1669 = VECTOR ( 'NONE', #5659, 1000.000000000000000 ) ;
#1670 = CARTESIAN_POINT ( 'NONE',  ( 1.563473698393551992, 0.7599999999999997868, 1.324600227924192408 ) ) ;
#1671 = VECTOR ( 'NONE', #5685, 1000.000000000000000 ) ;
#1672 = ORIENTED_EDGE ( 'NONE', *, *, #894, .T. ) ;
#1673 = CARTESIAN_POINT ( 'NONE',  ( 0.7957317073170735444, 0.7699999999999997957, 1.056173780487805081 ) ) ;
#1674 = CARTESIAN_POINT ( 'NONE',  ( 0.7635182248647848224, 0.7699999999999997957, 0.8049979215760428852 ) ) ;
#1675 = DIRECTION ( 'NONE',  ( -0.000000000000000000, 1.000000000000000000, -0.000000000000000000 ) ) ;
#1676 = CARTESIAN_POINT ( 'NONE',  ( 0.5212253049132753446, 0.7599999999999997868, -0.1242909593553395142 ) ) ;
#1677 = EDGE_CURVE ( 'NONE', #5130, #2909, #4385, .T. ) ;
#1678 = VERTEX_POINT ( 'NONE', #4481 ) ;
#1679 = VERTEX_POINT ( 'NONE', #254 ) ;
#1681 = DIRECTION ( 'NONE',  ( -1.000000000000000000, 0.000000000000000000, 0.000000000000000000 ) ) ;
#1680 = CARTESIAN_POINT ( 'NONE',  ( 1.033449617774099050, 0.7699999999999997957, 1.257593086080182498 ) ) ;
#1682 = DIRECTION ( 'NONE',  ( 1.000000000000000000, 0.000000000000000000, 0.000000000000000000 ) ) ;
#1683 = CARTESIAN_POINT ( 'NONE',  ( 0.9164634146341466003, 0.7699999999999997957, 1.046227134146341387 ) ) ;
#1684 = DIRECTION ( 'NONE',  ( 1.325868797859526874E-14, 0.000000000000000000, 1.000000000000000000 ) ) ;
#1685 = CARTESIAN_POINT ( 'NONE',  ( -0.9104735774180996444, 0.7699999999999997957, 1.484634929151850802 ) ) ;
#1686 = CARTESIAN_POINT ( 'NONE',  ( 1.141702870011942039, 0.7599999999999997868, 1.180220503743218741 ) ) ;
#1687 = CARTESIAN_POINT ( 'NONE',  ( 0.5800449617270002634, 0.7699999999999997957, 1.407211200787210625 ) ) ;
#1688 = CARTESIAN_POINT ( 'NONE',  ( 2.449999999999999289, 0.7699999999999997957, -2.600000000000000089 ) ) ;
#1689 = ORIENTED_EDGE ( 'NONE', *, *, #1281, .T. ) ;
#1690 = DIRECTION ( 'NONE',  ( 0.7127916838674552835, 0.000000000000000000, -0.7013758018419210538 ) ) ;
#1691 = FACE_OUTER_BOUND ( 'NONE', #4656, .T. ) ;
#1692 = CARTESIAN_POINT ( 'NONE',  ( -0.9219449491822953036, 0.7699999999999997957, 1.478674185882440151 ) ) ;
#1693 = ADVANCED_FACE ( 'NONE', ( #2925 ), #4765, .F. ) ;
#1694 = DIRECTION ( 'NONE',  ( -1.000000000000000000, 0.000000000000000000, 0.000000000000000000 ) ) ;
#1695 = VERTEX_POINT ( 'NONE', #1242 ) ;
#1696 = CARTESIAN_POINT ( 'NONE',  ( 1.322560975609756051, 0.7699999999999997957, 0.5890243902439027401 ) ) ;
#1697 = VERTEX_POINT ( 'NONE', #1079 ) ;
#1698 = CARTESIAN_POINT ( 'NONE',  ( -0.6233411223813205559, 0.7599999999999996758, 0.9606536869915542898 ) ) ;
#1699 = CARTESIAN_POINT ( 'NONE',  ( 1.433857313424169444, 0.7599999999999995648, 0.7585873518488023270 ) ) ;
#1700 = AXIS2_PLACEMENT_3D ( 'NONE', #3925, #276, #1626 ) ;
#1701 = VECTOR ( 'NONE', #4318, 1000.000000000000000 ) ;
#1702 = ORIENTED_EDGE ( 'NONE', *, *, #2957, .T. ) ;
#1703 = ADVANCED_FACE ( 'NONE', ( #5324 ), #2182, .T. ) ;
#1704 = CARTESIAN_POINT ( 'NONE',  ( 0.6423157361945661670, 0.7599999999999997868, 1.411447399445691531 ) ) ;
#1705 = CARTESIAN_POINT ( 'NONE',  ( 0.7423938987900238207, 0.7599999999999997868, 0.7585873518488026601 ) ) ;
#1706 = EDGE_CURVE ( 'NONE', #5387, #30, #3025, .T. ) ;
#1707 = DIRECTION ( 'NONE',  ( 1.000000000000000000, 0.000000000000000000, 0.000000000000000000 ) ) ;
#1708 = DIRECTION ( 'NONE',  ( 1.000000000000000000, 0.000000000000000000, 0.000000000000000000 ) ) ;
#1709 = CIRCLE ( 'NONE', #3348, 0.5182076432344447925 ) ;
#1710 = EDGE_CURVE ( 'NONE', #5012, #5150, #1068, .T. ) ;
#1711 = ORIENTED_EDGE ( 'NONE', *, *, #1470, .T. ) ;
#1712 = VERTEX_POINT ( 'NONE', #3960 ) ;
#1714 = CARTESIAN_POINT ( 'NONE',  ( 0.3237804878048786139, 0.7599999999999997868, 1.067492378048781276 ) ) ;
#1713 = CARTESIAN_POINT ( 'NONE',  ( -0.09329268292682915686, 0.7699999999999997957, 0.6000000000000005329 ) ) ;
#1715 = AXIS2_PLACEMENT_3D ( 'NONE', #890, #3148, #2153 ) ;
#1716 = DIRECTION ( 'NONE',  ( 1.686552278066746454E-14, 0.000000000000000000, 1.000000000000000000 ) ) ;
#1717 = DIRECTION ( 'NONE',  ( 1.000000000000000000, 0.000000000000000000, -1.363542059411715509E-14 ) ) ;
#1718 = DIRECTION ( 'NONE',  ( 0.6880188545941321454, 0.000000000000000000, -0.7256928108524836052 ) ) ;
#1719 = CARTESIAN_POINT ( 'NONE',  ( 0.7673169957751974080, 0.7699999999999997957, 1.464817573644873860 ) ) ;
#1720 = CARTESIAN_POINT ( 'NONE',  ( 1.179574201693892155, 0.7599999999999997868, 1.324290092696827514 ) ) ;
#1721 = CARTESIAN_POINT ( 'NONE',  ( 0.000000000000000000, 0.000000000000000000, 2.600000000000000089 ) ) ;
#1722 = LINE ( 'NONE', #4569, #1820 ) ;
#1723 = EDGE_CURVE ( 'NONE', #3497, #1472, #4138, .T. ) ;
#1724 = VERTEX_POINT ( 'NONE', #729 ) ;
#1725 = CARTESIAN_POINT ( 'NONE',  ( 0.9916545292830794001, 0.7699999999999997957, -1.025179901899849089 ) ) ;
#1726 = FACE_OUTER_BOUND ( 'NONE', #5906, .T. ) ;
#1727 = CARTESIAN_POINT ( 'NONE',  ( 0.2614037892791999385, 0.7699999999999997957, -0.3883414372125759684 ) ) ;
#1728 = FACE_OUTER_BOUND ( 'NONE', #5933, .T. ) ;
#1729 = VERTEX_POINT ( 'NONE', #600 ) ;
#1730 = B_SPLINE_SURFACE_WITH_KNOTS ( 'NONE', 3, 1, ( 
 ( #4972, #3120 ),
 ( #3642, #830 ),
 ( #4555, #443 ),
 ( #4064, #4938 ),
 ( #5005, #2160 ),
 ( #2709, #2680 ),
 ( #5901, #3999 ),
 ( #5842, #2280 ),
 ( #4127, #1674 ),
 ( #412, #4093 ),
 ( #1705, #1768 ),
 ( #4524, #377 ),
 ( #3546, #2648 ),
 ( #5397, #5931 ),
 ( #3516, #1252 ),
 ( #3092, #1799 ),
 ( #5363, #4491 ),
 ( #2772, #29 ),
 ( #1408, #1862 ) ),
 .UNSPECIFIED., .F., .F., .F.,
 ( 4, 1, 1, 1, 1, 1, 1, 1, 1, 1, 1, 1, 1, 1, 1, 1, 4 ),
 ( 2, 2 ),
 ( 0.000000000000000000, 0.09928876216571749791, 0.1921876541913135339, 0.2791672117176803858, 0.3600125316959810196, 0.4349086015798040439, 0.5040881505262123641, 0.5678465373278864803, 0.6267692068661905314, 0.6810810782054483870, 0.7313862562486811436, 0.7784434097355636961, 0.8231311183514028462, 0.8666133534268157801, 0.9097944485516713531, 0.9536971340198143743, 1.000000000000000000 ),
 ( 0.000000000000000000, 1.000000000000000000 ),
 .UNSPECIFIED. ) ;
#1731 = EDGE_CURVE ( 'NONE', #5653, #5835, #2442, .T. ) ;
#1732 = LINE ( 'NONE', #406, #2689 ) ;
#1733 = VERTEX_POINT ( 'NONE', #3480 ) ;
#1734 = CARTESIAN_POINT ( 'NONE',  ( -0.4226931561142197591, 0.7699999999999997957, 1.132474037345835738 ) ) ;
#1735 = EDGE_CURVE ( 'NONE', #3482, #4594, #2725, .T. ) ;
#1736 = AXIS2_PLACEMENT_3D ( 'NONE', #758, #2605, #4416 ) ;
#1737 = CARTESIAN_POINT ( 'NONE',  ( -0.4306485298155433572, 0.7599999999999997868, -1.356522286983777636 ) ) ;
#1738 = EDGE_CURVE ( 'NONE', #269, #733, #790, .T. ) ;
#1739 = LINE ( 'NONE', #2068, #843 ) ;
#1740 = CARTESIAN_POINT ( 'NONE',  ( 1.419576592193250164, 0.7599999999999997868, 0.6043087540839103822 ) ) ;
#1741 = ORIENTED_EDGE ( 'NONE', *, *, #3879, .F. ) ;
#1742 = LINE ( 'NONE', #5455, #5966 ) ;
#1743 = CARTESIAN_POINT ( 'NONE',  ( 1.169443403010015148, 0.7699999999999997957, -0.8657939609684663917 ) ) ;
#1744 = ORIENTED_EDGE ( 'NONE', *, *, #1256, .T. ) ;
#1745 = ORIENTED_EDGE ( 'NONE', *, *, #154, .F. ) ;
#1747 = CARTESIAN_POINT ( 'NONE',  ( 1.169443403010012927, 0.7599999999999997868, -1.056587774214004849 ) ) ;
#1746 = CARTESIAN_POINT ( 'NONE',  ( -0.9164634146341457122, 0.7599999999999997868, 1.057545731707318026 ) ) ;
#1748 = LINE ( 'NONE', #3069, #3377 ) ;
#1749 = CARTESIAN_POINT ( 'NONE',  ( -0.5876117935463109898, 0.7599999999999997868, -0.4839251295228553240 ) ) ;
#1750 = CARTESIAN_POINT ( 'NONE',  ( -0.2909471885907104483, 0.7699999999999997957, -1.503873276446153762 ) ) ;
#1751 = EDGE_CURVE ( 'NONE', #1133, #2113, #3372, .T. ) ;
#1752 = CARTESIAN_POINT ( 'NONE',  ( 0.3523372623650575242, 0.7599999999999997868, 1.297374240035441773 ) ) ;
#1753 = CARTESIAN_POINT ( 'NONE',  ( 1.152780308925875685, 0.7599999999999997868, 1.245949426989633180 ) ) ;
#1754 = FACE_OUTER_BOUND ( 'NONE', #2584, .T. ) ;
#1755 = CARTESIAN_POINT ( 'NONE',  ( 0.6376500961620604757, 0.7599999999999997868, -1.199375013914682153 ) ) ;
#1756 = ORIENTED_EDGE ( 'NONE', *, *, #4478, .T. ) ;
#1757 = DIRECTION ( 'NONE',  ( 0.000000000000000000, 0.000000000000000000, -1.000000000000000000 ) ) ;
#1758 = EDGE_CURVE ( 'NONE', #4744, #112, #1633, .T. ) ;
#1759 = CARTESIAN_POINT ( 'NONE',  ( 1.322560975609756051, 0.7599999999999997868, 0.5890243902439036283 ) ) ;
#1760 = CARTESIAN_POINT ( 'NONE',  ( 1.486825452789038549, 0.7699999999999997957, 1.098383957097402774 ) ) ;
#1761 = FACE_OUTER_BOUND ( 'NONE', #1226, .T. ) ;
#1762 = ORIENTED_EDGE ( 'NONE', *, *, #2196, .F. ) ;
#1763 = CARTESIAN_POINT ( 'NONE',  ( 0.7774231610645325752, 0.7599999999999997868, -0.3817094831572565017 ) ) ;
#1764 = EDGE_LOOP ( 'NONE', ( #5491, #5721, #1050, #5489 ) ) ;
#1765 = CARTESIAN_POINT ( 'NONE',  ( -0.7115183308094508163, 0.7699999999999997957, 0.9513724040018487482 ) ) ;
#1766 = CARTESIAN_POINT ( 'NONE',  ( 1.374594528055035569, 0.7699999999999997957, 0.7004189892349420576 ) ) ;
#1767 = EDGE_CURVE ( 'NONE', #1427, #3676, #1274, .T. ) ;
#1768 = CARTESIAN_POINT ( 'NONE',  ( 0.7423938987900238207, 0.7699999999999997957, 0.7585873518488026601 ) ) ;
#1769 = ORIENTED_EDGE ( 'NONE', *, *, #1453, .T. ) ;
#1770 = CARTESIAN_POINT ( 'NONE',  ( 0.7722979666162598233, 0.7699999999999997957, 0.8323696326485687802 ) ) ;
#1771 = CARTESIAN_POINT ( 'NONE',  ( 0.9120549160978663750, 0.7699999999999997957, 1.151442428464634737 ) ) ;
#1772 = ORIENTED_EDGE ( 'NONE', *, *, #2754, .F. ) ;
#1773 = VECTOR ( 'NONE', #1717, 1000.000000000000000 ) ;
#1774 = ORIENTED_EDGE ( 'NONE', *, *, #3899, .T. ) ;
#1775 = ORIENTED_EDGE ( 'NONE', *, *, #3620, .F. ) ;
#1777 = DIRECTION ( 'NONE',  ( 1.000000000000000000, 0.000000000000000000, -1.136517116611334842E-14 ) ) ;
#1776 = CARTESIAN_POINT ( 'NONE',  ( 1.597237227009393967, 0.7699999999999997957, 1.199658049349824784 ) ) ;
#1778 = ADVANCED_FACE ( 'NONE', ( #3208 ), #3598, .F. ) ;
#1779 = FACE_OUTER_BOUND ( 'NONE', #532, .T. ) ;
#1780 = B_SPLINE_CURVE_WITH_KNOTS ( 'NONE', 3,
 ( #1370, #2405, #139, #1007, #1918, #3273, #166, #2483, #1066, #5655, #5684, #4245, #4728, #555, #4211, #5630, #1491, #115, #612 ),
 .UNSPECIFIED., .F., .F.,
 ( 4, 1, 1, 1, 1, 1, 1, 1, 1, 1, 1, 1, 1, 1, 1, 1, 4 ),
 ( 0.000000000000000000, 0.08744171366995018291, 0.1698762761135143573, 0.2475478892597557379, 0.3204266045890415970, 0.3891679136880095147, 0.4541867310641019562, 0.5156085003221924090, 0.5743566985946100267, 0.6303171300237856434, 0.6840112638851238991, 0.7358023297211673253, 0.7867542513876565335, 0.8377857049357648744, 0.8898111534163635206, 0.9437397544987875531, 1.000000000000000000 ),
 .UNSPECIFIED. ) ;
#1781 = CARTESIAN_POINT ( 'NONE',  ( 0.5129937356729090681, 0.7599999999999997868, 1.363010028256776307 ) ) ;
#1782 = B_SPLINE_SURFACE_WITH_KNOTS ( 'NONE', 3, 1, ( 
 ( #4906, #5782 ),
 ( #5841, #2522 ),
 ( #1704, #3460 ),
 ( #291, #2551 ),
 ( #1640, #3545 ),
 ( #5302, #4429 ),
 ( #2131, #2647 ),
 ( #2067, #798 ),
 ( #5272, #4937 ),
 ( #3998, #4459 ),
 ( #4392, #4875 ),
 ( #768, #4366 ),
 ( #2615, #3486 ),
 ( #3967, #233 ),
 ( #5751, #4490 ),
 ( #345, #2191 ),
 ( #5810, #5331 ),
 ( #4030, #1586 ),
 ( #1187, #2100 ) ),
 .UNSPECIFIED., .F., .F., .F.,
 ( 4, 1, 1, 1, 1, 1, 1, 1, 1, 1, 1, 1, 1, 1, 1, 1, 4 ),
 ( 2, 2 ),
 ( 0.000000000000000000, 0.04801005732536415410, 0.09376792031107412939, 0.1383995575639646314, 0.1832329916563014138, 0.2286731167418777355, 0.2760741692364251931, 0.3265609897890618396, 0.3807746706440630069, 0.4393867364743091475, 0.5025738687973745344, 0.5709712500516577194, 0.6451456935240450496, 0.7245249646182785330, 0.8101810242241386240, 0.9022224124648048349, 1.000000000000000000 ),
 ( 0.000000000000000000, 1.000000000000000000 ),
 .UNSPECIFIED. ) ;
#1783 = CARTESIAN_POINT ( 'NONE',  ( -0.7671727412946347524, 0.7699999999999997957, 1.510748063659492102 ) ) ;
#1784 = VECTOR ( 'NONE', #5210, 1000.000000000000000 ) ;
#1785 = DIRECTION ( 'NONE',  ( 0.000000000000000000, 0.000000000000000000, -1.000000000000000000 ) ) ;
#1786 = CARTESIAN_POINT ( 'NONE',  ( 0.5291573197651906479, 0.7699999999999997957, 0.7241448525850858742 ) ) ;
#1787 = DIRECTION ( 'NONE',  ( -0.000000000000000000, 1.000000000000000000, -0.000000000000000000 ) ) ;
#1788 = ORIENTED_EDGE ( 'NONE', *, *, #3277, .F. ) ;
#1789 = DIRECTION ( 'NONE',  ( -0.7013758018419210538, 0.000000000000000000, -0.7127916838674552835 ) ) ;
#1790 = VECTOR ( 'NONE', #1437, 1000.000000000000000 ) ;
#1791 = PLANE ( 'NONE',  #4320 ) ;
#1792 = DIRECTION ( 'NONE',  ( 1.000000000000000000, -0.000000000000000000, 0.000000000000000000 ) ) ;
#1793 = CARTESIAN_POINT ( 'NONE',  ( -0.9274390243902435049, 0.7699999999999997957, 1.475819359756098015 ) ) ;
#1794 = B_SPLINE_CURVE_WITH_KNOTS ( 'NONE', 3,
 ( #1347, #375, #1249, #5030, #1316, #893, #5900, #2739, #796, #4579, #3787, #4733, #3332, #1980, #534, #2835, #1525, #5091, #5182 ),
 .UNSPECIFIED., .F., .F.,
 ( 4, 1, 1, 1, 1, 1, 1, 1, 1, 1, 1, 1, 1, 1, 1, 1, 4 ),
 ( 0.000000000000000000, 0.08934862503628936137, 0.1730008766696032874, 0.2516881817461322224, 0.3253910184677553663, 0.3944770647130366181, 0.4592656506565443997, 0.5202030774438810568, 0.5779584946579519045, 0.6328982644946858915, 0.6854946129789084575, 0.7365863691978082883, 0.7869078963745951283, 0.8376625301289770675, 0.8895379010925479335, 0.9432238766909549765, 1.000000000000000000 ),
 .UNSPECIFIED. ) ;
#1795 = DIRECTION ( 'NONE',  ( 0.6897431369035739168, 0.000000000000000000, -0.7240541451400011042 ) ) ;
#1796 = ORIENTED_EDGE ( 'NONE', *, *, #4935, .F. ) ;
#1797 = CARTESIAN_POINT ( 'NONE',  ( -0.4317711915530397793, 0.7699999999999997957, 1.106633043714801978 ) ) ;
#1798 = PLANE ( 'NONE',  #319 ) ;
#1799 = CARTESIAN_POINT ( 'NONE',  ( 0.6649324646483871781, 0.7699999999999997957, 0.6931663305137710784 ) ) ;
#1800 = ORIENTED_EDGE ( 'NONE', *, *, #4554, .T. ) ;
#1801 = CARTESIAN_POINT ( 'NONE',  ( 0.6649324646483871781, 0.7699999999999997957, 0.6931663305137710784 ) ) ;
#1802 = CARTESIAN_POINT ( 'NONE',  ( 0.8157408892908381004, 0.7599999999999994538, 1.419454016432457166 ) ) ;
#1803 = AXIS2_PLACEMENT_3D ( 'NONE', #3930, #197, #4334 ) ;
#1804 = ORIENTED_EDGE ( 'NONE', *, *, #5129, .F. ) ;
#1805 = ORIENTED_EDGE ( 'NONE', *, *, #639, .F. ) ;
#1806 = VERTEX_POINT ( 'NONE', #2798 ) ;
#1808 = DIRECTION ( 'NONE',  ( -1.574469197458188114E-14, 0.000000000000000000, -1.000000000000000000 ) ) ;
#1807 = CARTESIAN_POINT ( 'NONE',  ( 1.370507074821618820, 0.7699999999999997957, 1.504112681236899007 ) ) ;
#1809 = VECTOR ( 'NONE', #3230, 1000.000000000000000 ) ;
#1810 = VECTOR ( 'NONE', #179, 1000.000000000000000 ) ;
#1811 = CARTESIAN_POINT ( 'NONE',  ( -0.7417111280487800329, 0.7699999999999997957, 1.412195121951219878 ) ) ;
#1812 = DIRECTION ( 'NONE',  ( -0.000000000000000000, 1.000000000000000000, -0.000000000000000000 ) ) ;
#1813 = DIRECTION ( 'NONE',  ( -0.000000000000000000, 1.000000000000000000, -0.000000000000000000 ) ) ;
#1814 = DIRECTION ( 'NONE',  ( -1.000000000000000000, 0.000000000000000000, 0.000000000000000000 ) ) ;
#1815 = CARTESIAN_POINT ( 'NONE',  ( 0.6176450592311639731, 0.7599999999999997868, 0.6881232890242917621 ) ) ;
#1816 = VECTOR ( 'NONE', #939, 1000.000000000000000 ) ;
#1817 = FACE_OUTER_BOUND ( 'NONE', #1563, .T. ) ;
#1818 = CARTESIAN_POINT ( 'NONE',  ( -0.2607345472303137512, 0.7599999999999997868, -1.025179901899914370 ) ) ;
#1819 = ORIENTED_EDGE ( 'NONE', *, *, #2520, .T. ) ;
#1820 = VECTOR ( 'NONE', #2237, 1000.000000000000000 ) ;
#1821 = FACE_OUTER_BOUND ( 'NONE', #5953, .T. ) ;
#1822 = VECTOR ( 'NONE', #1533, 1000.000000000000000 ) ;
#1823 = CARTESIAN_POINT ( 'NONE',  ( 1.252481926652104116, 0.7599999999999997868, 0.5958635433812362603 ) ) ;
#1824 = ORIENTED_EDGE ( 'NONE', *, *, #5968, .T. ) ;
#1825 = CARTESIAN_POINT ( 'NONE',  ( 1.312957317073170982, 0.7699999999999997957, 1.412195121951219656 ) ) ;
#1826 = CARTESIAN_POINT ( 'NONE',  ( 1.074683726020972729, 0.7699999999999997957, 0.7426311483829046711 ) ) ;
#1827 = CARTESIAN_POINT ( 'NONE',  ( -0.1766346205094734834, 0.7699999999999997957, -0.3052017748455521096 ) ) ;
#1828 = VERTEX_POINT ( 'NONE', #5445 ) ;
#1829 = EDGE_CURVE ( 'NONE', #4618, #4340, #4151, .T. ) ;
#1830 = CARTESIAN_POINT ( 'NONE',  ( -0.6677958863311623805, 0.7599999999999997868, -0.3052017748455451707 ) ) ;
#1831 = CARTESIAN_POINT ( 'NONE',  ( 1.336862274363114444, 0.7699999999999997957, 0.6884311073397508807 ) ) ;
#1832 = LINE ( 'NONE', #1376, #1202 ) ;
#1833 = VERTEX_POINT ( 'NONE', #4997 ) ;
#1834 = CARTESIAN_POINT ( 'NONE',  ( -0.5899387081906799501, 0.7599999999999997868, 1.361864076966912362 ) ) ;
#1835 = CARTESIAN_POINT ( 'NONE',  ( 0.8971268522886813868, 0.7699999999999997957, 1.244611501610420889 ) ) ;
#1836 = ORIENTED_EDGE ( 'NONE', *, *, #4534, .F. ) ;
#1837 = VERTEX_POINT ( 'NONE', #2766 ) ;
#1839 = CARTESIAN_POINT ( 'NONE',  ( 3.000000000000000000, -2.449293598294706414E-16, -2.600000000000000089 ) ) ;
#1838 = DIRECTION ( 'NONE',  ( 1.371514608929231321E-14, 0.000000000000000000, 1.000000000000000000 ) ) ;
#1840 = VECTOR ( 'NONE', #2503, 1000.000000000000000 ) ;
#1841 = CARTESIAN_POINT ( 'NONE',  ( -0.4233149974703652174, 0.7699999999999997957, 1.310798369004404496 ) ) ;
#1842 = PLANE ( 'NONE',  #5755 ) ;
#1843 = ORIENTED_EDGE ( 'NONE', *, *, #5581, .F. ) ;
#1844 = ADVANCED_FACE ( 'NONE', ( #3240 ), #859, .T. ) ;
#1845 = CC_DESIGN_PERSON_AND_ORGANIZATION_ASSIGNMENT ( #577, #3439, ( #223 ) ) ;
#1846 = FACE_OUTER_BOUND ( 'NONE', #4880, .T. ) ;
#1847 = EDGE_CURVE ( 'NONE', #2248, #4744, #567, .T. ) ;
#1848 = CARTESIAN_POINT ( 'NONE',  ( 0.6249237804878051694, 0.7699999999999997957, 0.6878048780487805436 ) ) ;
#1849 = CARTESIAN_POINT ( 'NONE',  ( 0.9164634146341466003, 0.7599999999999997868, 1.046227134146341831 ) ) ;
#1850 = CARTESIAN_POINT ( 'NONE',  ( -0.5323170731707311809, 0.7699999999999997957, 1.227153201219512768 ) ) ;
#1851 = LINE ( 'NONE', #3203, #2253 ) ;
#1852 = ORIENTED_EDGE ( 'NONE', *, *, #4794, .T. ) ;
#1853 = CARTESIAN_POINT ( 'NONE',  ( 0.5168805657015596022, 0.7599999999999995648, 1.495735846669839164 ) ) ;
#1854 = CARTESIAN_POINT ( 'NONE',  ( 1.237969179866603264, 0.7599999999999997868, 1.504611529083253352 ) ) ;
#1855 = EDGE_LOOP ( 'NONE', ( #2728, #3353, #2593, #867 ) ) ;
#1856 = CARTESIAN_POINT ( 'NONE',  ( 1.320008182439484479, 0.7699999999999997957, 1.411941921835430769 ) ) ;
#1857 = VECTOR ( 'NONE', #4174, 1000.000000000000000 ) ;
#1858 = CARTESIAN_POINT ( 'NONE',  ( -1.495932705747291980, 0.7599999999999997868, -1.079905975674296137 ) ) ;
#1859 = ORIENTED_EDGE ( 'NONE', *, *, #5029, .F. ) ;
#1860 = CARTESIAN_POINT ( 'NONE',  ( -0.4118354771941905579, 0.7699999999999997957, 1.230425988178434960 ) ) ;
#1861 = CARTESIAN_POINT ( 'NONE',  ( 2.593223304703364374, 0.6767766952966357552, 2.600000000000000089 ) ) ;
#1862 = CARTESIAN_POINT ( 'NONE',  ( 0.6249237804878051694, 0.7699999999999997957, 0.6878048780487805436 ) ) ;
#1863 = EDGE_LOOP ( 'NONE', ( #90, #3175, #5271, #944 ) ) ;
#1864 = CARTESIAN_POINT ( 'NONE',  ( 1.309108473865310485, 0.7599999999999997868, 0.6881232890242920952 ) ) ;
#1865 = CARTESIAN_POINT ( 'NONE',  ( 0.4613168942917295068, 0.7699999999999997957, 1.245949426989632958 ) ) ;
#1866 = ADVANCED_BREP_SHAPE_REPRESENTATION ( 'PEWK 3920-5mΩ', ( #3229, #5259, #5192, #1328 ), #1605 ) ;
#1867 = ORIENTED_EDGE ( 'NONE', *, *, #2174, .T. ) ;
#1868 = VERTEX_POINT ( 'NONE', #3665 ) ;
#1870 = CARTESIAN_POINT ( 'NONE',  ( -2.450000000000001066, 0.4999999999999997780, 2.600000000000000089 ) ) ;
#1869 = CARTESIAN_POINT ( 'NONE',  ( 1.547193434481601182, 0.7699999999999997957, 1.359695648085031294 ) ) ;
#1871 = AXIS2_PLACEMENT_3D ( 'NONE', #2691, #1231, #3524 ) ;
#1872 = CARTESIAN_POINT ( 'NONE',  ( -0.5226026010214606110, 0.7599999999999997868, 1.450025666713160355 ) ) ;
#1873 = CARTESIAN_POINT ( 'NONE',  ( 1.322560975609756051, 0.7699999999999997957, 0.5890243902439027401 ) ) ;
#1874 = VERTEX_POINT ( 'NONE', #2731 ) ;
#1875 = DIRECTION ( 'NONE',  ( -0.000000000000000000, -1.000000000000000000, -0.000000000000000000 ) ) ;
#1876 = VECTOR ( 'NONE', #303, 1000.000000000000000 ) ;
#1877 = DIRECTION ( 'NONE',  ( -2.609620241562207705E-14, 0.000000000000000000, 1.000000000000000000 ) ) ;
#1878 = CARTESIAN_POINT ( 'NONE',  ( 0.5009748782750979013, 0.7699999999999997957, 0.7597213549554092671 ) ) ;
#1879 = CARTESIAN_POINT ( 'NONE',  ( 0.7925398050050659338, 0.7599999999999997868, 1.443968577453645930 ) ) ;
#1880 = CARTESIAN_POINT ( 'NONE',  ( -0.9274390243902435049, 0.7699999999999997957, 1.365548780487805258 ) ) ;
#1881 = CARTESIAN_POINT ( 'NONE',  ( -0.7631478658536581250, 0.7699999999999997957, 1.050000000000000488 ) ) ;
#1882 = CIRCLE ( 'NONE', #4962, 0.4808357018628978685 ) ;
#1883 = ORIENTED_EDGE ( 'NONE', *, *, #5552, .F. ) ;
#1884 = CARTESIAN_POINT ( 'NONE',  ( 0.4891172258395556915, 0.7599999999999995648, 1.483274102444261056 ) ) ;
#1885 = CARTESIAN_POINT ( 'NONE',  ( -5.000000000000000000, 0.2699999999999987965, 2.600000000000000089 ) ) ;
#1886 = ORIENTED_EDGE ( 'NONE', *, *, #2545, .F. ) ;
#1887 = CARTESIAN_POINT ( 'NONE',  ( 1.481347935278823913, 0.7699999999999997957, 1.176356560645834826 ) ) ;
#1888 = CARTESIAN_POINT ( 'NONE',  ( 1.045321974992190261, 0.7699999999999997957, 0.8180046116497664555 ) ) ;
#1889 = B_SPLINE_CURVE_WITH_KNOTS ( 'NONE', 3,
 ( #5286, #4352, #1170, #3384, #5706, #2533, #1117, #2959, #666, #2504, #3895, #5764, #1624, #3470, #3014, #581, #2428, #2598, #2170 ),
 .UNSPECIFIED., .F., .F.,
 ( 4, 1, 1, 1, 1, 1, 1, 1, 1, 1, 1, 1, 1, 1, 1, 1, 4 ),
 ( 0.000000000000000000, 0.04801005732536415410, 0.09376792031107412939, 0.1383995575639646314, 0.1832329916563014138, 0.2286731167418772637, 0.2760741692364252486, 0.3265609897890615620, 0.3807746706440630069, 0.4393867364743087034, 0.5025738687973746455, 0.5709712500516577194, 0.6451456935240450496, 0.7245249646182785330, 0.8101810242241386240, 0.9022224124648043908, 1.000000000000000000 ),
 .UNSPECIFIED. ) ;
#1890 = VERTEX_POINT ( 'NONE', #5511 ) ;
#1891 = CARTESIAN_POINT ( 'NONE',  ( -0.4996595183055417833, 0.7699999999999997957, 1.431302995125624866 ) ) ;
#1892 = VECTOR ( 'NONE', #323, 999.9999999999998863 ) ;
#1893 = CARTESIAN_POINT ( 'NONE',  ( 0.1766575670847883583, 0.7599999999999997868, -1.199375013914542487 ) ) ;
#1894 = EDGE_CURVE ( 'NONE', #2073, #1570, #1780, .T. ) ;
#1895 = LINE ( 'NONE', #5154, #3817 ) ;
#1896 = ORIENTED_EDGE ( 'NONE', *, *, #3819, .F. ) ;
#1897 = CARTESIAN_POINT ( 'NONE',  ( -0.7012046067965155283, 0.7599999999999997868, 1.510354349983501931 ) ) ;
#1898 = DIRECTION ( 'NONE',  ( 0.000000000000000000, -1.000000000000000000, 0.000000000000000000 ) ) ;
#1899 = EDGE_CURVE ( 'NONE', #5339, #2152, #1545, .T. ) ;
#1900 = ORIENTED_EDGE ( 'NONE', *, *, #3820, .T. ) ;
#1902 = DIRECTION ( 'NONE',  ( -0.000000000000000000, 1.000000000000000000, -0.000000000000000000 ) ) ;
#1901 = CARTESIAN_POINT ( 'NONE',  ( 1.370507074821618820, 0.7599999999999997868, 1.504112681236899007 ) ) ;
#1903 = EDGE_CURVE ( 'NONE', #5657, #3643, #5007, .T. ) ;
#1904 = CARTESIAN_POINT ( 'NONE',  ( -0.6340973503378045661, 0.7599999999999997868, 1.500180174338724859 ) ) ;
#1905 = CARTESIAN_POINT ( 'NONE',  ( 1.286791031695675214, 0.7599999999999992317, 0.5900135335349343535 ) ) ;
#1906 = VECTOR ( 'NONE', #3477, 1000.000000000000000 ) ;
#1907 = ORIENTED_EDGE ( 'NONE', *, *, #1317, .T. ) ;
#1908 = DIRECTION ( 'NONE',  ( -1.000000000000000000, 0.000000000000000000, 0.000000000000000000 ) ) ;
#1909 = VECTOR ( 'NONE', #356, 1000.000000000000000 ) ;
#1910 = LINE ( 'NONE', #2261, #1809 ) ;
#1911 = CARTESIAN_POINT ( 'NONE',  ( 0.4469057006297367240, 0.7699999999999997957, 0.9752258162901517036 ) ) ;
#1912 = CARTESIAN_POINT ( 'NONE',  ( 0.5633684634102782418, 0.7699999999999997957, 0.7005178147430811686 ) ) ;
#1913 = FACE_OUTER_BOUND ( 'NONE', #1413, .T. ) ;
#1914 = CARTESIAN_POINT ( 'NONE',  ( 1.279714504865973490, 0.7599999999999997868, -0.4839251295229604621 ) ) ;
#1915 = ORIENTED_EDGE ( 'NONE', *, *, #5380, .T. ) ;
#1916 = CARTESIAN_POINT ( 'NONE',  ( 0.3278181400210381513, 0.7699999999999997957, 1.168417697036874703 ) ) ;
#1917 = CARTESIAN_POINT ( 'NONE',  ( 0.6038424021324606539, 0.7599999999999997868, -1.503873276446034968 ) ) ;
#1918 = CARTESIAN_POINT ( 'NONE',  ( 1.597237227009393967, 0.7699999999999997957, 1.199658049349824784 ) ) ;
#1919 = VECTOR ( 'NONE', #5390, 1000.000000000000000 ) ;
#1920 = CARTESIAN_POINT ( 'NONE',  ( 1.137376608803542410, 0.7699999999999997957, 0.6570535513085227208 ) ) ;
#1921 = EDGE_CURVE ( 'NONE', #3826, #4051, #1138, .T. ) ;
#1922 = ORIENTED_EDGE ( 'NONE', *, *, #5756, .T. ) ;
#1923 = CARTESIAN_POINT ( 'NONE',  ( 1.316387195121951681, 0.7599999999999997868, 0.6878048780487814318 ) ) ;
#1924 = CARTESIAN_POINT ( 'NONE',  ( 2.449999999999999289, 0.7699999999999997957, -7.507433137598514605 ) ) ;
#1925 = EDGE_CURVE ( 'NONE', #211, #884, #3301, .T. ) ;
#1926 = CARTESIAN_POINT ( 'NONE',  ( -1.103048780487803970, 0.7699999999999997957, 1.006097560975610206 ) ) ;
#1927 = ORIENTED_EDGE ( 'NONE', *, *, #368, .T. ) ;
#1928 = EDGE_CURVE ( 'NONE', #112, #1712, #4807, .T. ) ;
#1929 = CARTESIAN_POINT ( 'NONE',  ( -0.4123255538533944775, 0.7599999999999997868, 1.251288130277212973 ) ) ;
#1930 = ADVANCED_FACE ( 'NONE', ( #980 ), #640, .T. ) ;
#1931 = VERTEX_POINT ( 'NONE', #2830 ) ;
#1933 = FACE_OUTER_BOUND ( 'NONE', #652, .T. ) ;
#1932 = LINE ( 'NONE', #540, #3153 ) ;
#1934 = CARTESIAN_POINT ( 'NONE',  ( 0.9916545292830794001, 0.7599999999999997868, -0.8930402112659507896 ) ) ;
#1935 = FACE_OUTER_BOUND ( 'NONE', #4371, .T. ) ;
#1936 = ORIENTED_EDGE ( 'NONE', *, *, #4327, .F. ) ;
#1937 = CARTESIAN_POINT ( 'NONE',  ( 0.6176450592311639731, 0.7599999999999997868, 0.6881232890242917621 ) ) ;
#1938 = CARTESIAN_POINT ( 'NONE',  ( 1.487195121951219834, 0.7699999999999997957, 1.056173780487805303 ) ) ;
#1939 = CARTESIAN_POINT ( 'NONE',  ( 1.274051455466975069, 0.7599999999999997868, 0.6930163764281568328 ) ) ;
#1940 = CARTESIAN_POINT ( 'NONE',  ( 0.4446391585009633052, 0.7699999999999997957, 1.046910941819221730 ) ) ;
#1941 = FACE_OUTER_BOUND ( 'NONE', #3015, .T. ) ;
#1942 = DIRECTION ( 'NONE',  ( 0.000000000000000000, -0.000000000000000000, -1.000000000000000000 ) ) ;
#1943 = ORIENTED_EDGE ( 'NONE', *, *, #376, .T. ) ;
#1944 = EDGE_CURVE ( 'NONE', #594, #3335, #4667, .T. ) ;
#1945 = CARTESIAN_POINT ( 'NONE',  ( 0.3419862031399526492, 0.7599999999999995648, 1.257593086080182054 ) ) ;
#1946 = DIRECTION ( 'NONE',  ( 0.000000000000000000, 0.000000000000000000, 1.000000000000000000 ) ) ;
#1947 = LOCAL_TIME ( 13, 33, 6.000000000000000000, #5731 ) ;
#1948 = CARTESIAN_POINT ( 'NONE',  ( 0.6310975609756100946, 0.7699999999999997957, 0.5890243902439025181 ) ) ;
#1949 = ORIENTED_EDGE ( 'NONE', *, *, #4696, .T. ) ;
#1950 = CARTESIAN_POINT ( 'NONE',  ( 1.356395879282533246, 0.7599999999999997868, 0.6931663305137711895 ) ) ;
#1951 = EDGE_CURVE ( 'NONE', #2429, #3497, #3870, .T. ) ;
#1952 = FACE_OUTER_BOUND ( 'NONE', #1542, .T. ) ;
#1953 = B_SPLINE_CURVE_WITH_KNOTS ( 'NONE', 3,
 ( #420, #4946, #5434, #1260, #4914, #2200, #4039, #806, #5849, #1294, #4072 ),
 .UNSPECIFIED., .F., .F.,
 ( 4, 1, 1, 1, 1, 1, 1, 1, 4 ),
 ( 0.000000000000000000, 0.1309358380231058494, 0.2594327946845366717, 0.3854061982065380976, 0.5098206671632206088, 0.6333687008232710136, 0.7554461200736289905, 0.8775267625327229926, 1.000000000000000000 ),
 .UNSPECIFIED. ) ;
#1954 = DIRECTION ( 'NONE',  ( 0.000000000000000000, 0.000000000000000000, 1.000000000000000000 ) ) ;
#1955 = ORIENTED_EDGE ( 'NONE', *, *, #5936, .F. ) ;
#1956 = CARTESIAN_POINT ( 'NONE',  ( -0.5463637575834227045, 0.7699999999999997957, 1.302697930808077942 ) ) ;
#1957 = EDGE_CURVE ( 'NONE', #2019, #1085, #5879, .T. ) ;
#1958 = ORIENTED_EDGE ( 'NONE', *, *, #679, .F. ) ;
#1960 = LINE ( 'NONE', #1505, #1110 ) ;
#1959 = CARTESIAN_POINT ( 'NONE',  ( -0.8478366664899465999, 0.7599999999999997868, 1.502611307798314533 ) ) ;
#1961 = CARTESIAN_POINT ( 'NONE',  ( 1.305790133706092204, 0.7599999999999997868, 1.411947437607837363 ) ) ;
#1962 = CARTESIAN_POINT ( 'NONE',  ( -0.8433192445419670502, 0.7699999999999997957, 1.051676394770146850 ) ) ;
#1963 = EDGE_LOOP ( 'NONE', ( #3896, #2705, #4666, #5038 ) ) ;
#1964 = ORIENTED_EDGE ( 'NONE', *, *, #2568, .T. ) ;
#1965 = CARTESIAN_POINT ( 'NONE',  ( 0.4783331304587190025, 0.7599999999999997868, 0.8066749532839275760 ) ) ;
#1966 = SHAPE_DEFINITION_REPRESENTATION ( #397, #1866 ) ;
#1967 = EDGE_CURVE ( 'NONE', #1585, #5080, #2877, .T. ) ;
#1968 = CARTESIAN_POINT ( 'NONE',  ( 0.6977081585743125647, 0.7699999999999997957, 0.5955939372084153582 ) ) ;
#1969 = CARTESIAN_POINT ( 'NONE',  ( -2.450000000000001066, 0.7699999999999997957, -2.600000000000000089 ) ) ;
#1970 = CARTESIAN_POINT ( 'NONE',  ( -0.5661145253622513751, 0.7699999999999997957, 1.122127141342211365 ) ) ;
#1971 = CARTESIAN_POINT ( 'NONE',  ( -2.941421356237309492, 0.3285786437626893597, 2.600000000000000089 ) ) ;
#1972 = ORIENTED_EDGE ( 'NONE', *, *, #5504, .T. ) ;
#1973 = CARTESIAN_POINT ( 'NONE',  ( 0.3512998121464835921, 0.7699999999999997957, -1.025179901899914370 ) ) ;
#1974 = AXIS2_PLACEMENT_3D ( 'NONE', #4482, #2242, #1275 ) ;
#1975 = ADVANCED_FACE ( 'NONE', ( #3228 ), #545, .F. ) ;
#1976 = CARTESIAN_POINT ( 'NONE',  ( -0.8356212379100083076, 0.7599999999999997868, 1.400714614025498683 ) ) ;
#1977 = LINE ( 'NONE', #3446, #1489 ) ;
#1978 = CARTESIAN_POINT ( 'NONE',  ( 0.4598611446829223293, 0.7599999999999997868, -1.025179901899862855 ) ) ;
#1979 = CARTESIAN_POINT ( 'NONE',  ( 1.323332223625660831, 0.7599999999999997868, 0.6880172914037875342 ) ) ;
#1980 = CARTESIAN_POINT ( 'NONE',  ( 0.4989897085298541923, 0.7599999999999997868, 0.6187485234774021681 ) ) ;
#1981 = DIRECTION ( 'NONE',  ( 1.000000000000000000, 0.000000000000000000, -1.406633197919747087E-14 ) ) ;
#1982 = EDGE_LOOP ( 'NONE', ( #1536, #3324, #270, #1388, #4944, #3089, #2973, #4122, #3850, #621, #4804, #4258, #4492, #430 ) ) ;
#1983 = VECTOR ( 'NONE', #4541, 1000.000000000000000 ) ;
#1984 = DIRECTION ( 'NONE',  ( -0.000000000000000000, -1.000000000000000000, -0.000000000000000000 ) ) ;
#1985 = AXIS2_PLACEMENT_3D ( 'NONE', #730, #1100, #4280 ) ;
#1986 = VERTEX_POINT ( 'NONE', #5530 ) ;
#1988 = CARTESIAN_POINT ( 'NONE',  ( -0.8706853166100846364, 0.7699999999999997957, 1.497629708507291824 ) ) ;
#1987 = CARTESIAN_POINT ( 'NONE',  ( 1.607926829268292890, 0.7599999999999997868, 1.046227134146341831 ) ) ;
#1989 = EDGE_CURVE ( 'NONE', #5011, #5612, #2848, .T. ) ;
#1990 = DIRECTION ( 'NONE',  ( 0.000000000000000000, 0.000000000000000000, 1.000000000000000000 ) ) ;
#1991 = CARTESIAN_POINT ( 'NONE',  ( 0.3512998121464835921, 0.7699999999999997957, -1.025179901899914370 ) ) ;
#1992 = ORIENTED_EDGE ( 'NONE', *, *, #4866, .T. ) ;
#1993 = ORIENTED_EDGE ( 'NONE', *, *, #1012, .T. ) ;
#1994 = CARTESIAN_POINT ( 'NONE',  ( 0.9163157398265776576, 0.7599999999999997868, 1.027756078840880605 ) ) ;
#1995 = PERSON_AND_ORGANIZATION ( #4016, #2818 ) ;
#1996 = B_SPLINE_SURFACE_WITH_KNOTS ( 'NONE', 3, 1, ( 
 ( #495, #16 ),
 ( #3234, #2334 ),
 ( #3722, #4175 ),
 ( #2367, #2758 ),
 ( #5567, #1425 ),
 ( #5763, #243 ),
 ( #214, #3894 ),
 ( #2563, #2988 ),
 ( #2026, #692 ),
 ( #2477, #2053 ),
 ( #4403, #162 ),
 ( #4323, #1623 ),
 ( #3469, #2532 ),
 ( #4376, #5228 ),
 ( #3411, #3864 ),
 ( #5285, #2906 ),
 ( #4852, #1116 ),
 ( #665, #3383 ),
 ( #2958, #1146 ) ),
 .UNSPECIFIED., .F., .F., .F.,
 ( 4, 1, 1, 1, 1, 1, 1, 1, 1, 1, 1, 1, 1, 1, 1, 1, 4 ),
 ( 2, 2 ),
 ( 0.000000000000000000, 0.05677612330904502347, 0.1104620989074520665, 0.1623374698710229325, 0.2130921036254048717, 0.2634136308021917117, 0.3145053870210915425, 0.3671017355053141085, 0.4220415053420480955, 0.4797969225561189432, 0.5407343493434555448, 0.6055229352869633264, 0.6746089815322446892, 0.7483118182538677221, 0.8269991233303967126, 0.9106513749637106248, 1.000000000000000000 ),
 ( 0.000000000000000000, 1.000000000000000000 ),
 .UNSPECIFIED. ) ;
#1997 = CARTESIAN_POINT ( 'NONE',  ( 0.6249237804878051694, 0.7699999999999997957, 0.6878048780487805436 ) ) ;
#1998 = LINE ( 'NONE', #1088, #2326 ) ;
#1999 = CARTESIAN_POINT ( 'NONE',  ( 0.7933182561593609128, 0.7599999999999997868, 1.138776230506280962 ) ) ;
#2000 = VECTOR ( 'NONE', #246, 1000.000000000000000 ) ;
#2001 = ORIENTED_EDGE ( 'NONE', *, *, #432, .T. ) ;
#2002 = CARTESIAN_POINT ( 'NONE',  ( -0.5876117935463109898, 0.7599999999999997868, -0.4839251295228553240 ) ) ;
#2003 = CARTESIAN_POINT ( 'NONE',  ( 1.336862274363114444, 0.7699999999999997957, 0.6884311073397508807 ) ) ;
#2004 = VECTOR ( 'NONE', #4687, 1000.000000000000000 ) ;
#2005 = LINE ( 'NONE', #2432, #807 ) ;
#2006 = DIRECTION ( 'NONE',  ( -0.000000000000000000, 1.000000000000000000, -0.000000000000000000 ) ) ;
#2007 = CARTESIAN_POINT ( 'NONE',  ( -5.000000000000000000, 0.000000000000000000, -2.600000000000000089 ) ) ;
#2008 = VECTOR ( 'NONE', #5817, 1000.000000000000000 ) ;
#2009 = CARTESIAN_POINT ( 'NONE',  ( 2.941421356237309492, 0.3285786437626894707, -2.600000000000000089 ) ) ;
#2010 = CARTESIAN_POINT ( 'NONE',  ( -0.6451109458838982791, 0.7599999999999997868, 1.067782313632539948 ) ) ;
#2011 = VERTEX_POINT ( 'NONE', #5166 ) ;
#2012 = DIRECTION ( 'NONE',  ( 0.000000000000000000, 0.000000000000000000, 1.000000000000000000 ) ) ;
#2013 = ADVANCED_FACE ( 'NONE', ( #2394 ), #2330, .T. ) ;
#2014 = AXIS2_PLACEMENT_3D ( 'NONE', #4783, #3847, #196 ) ;
#2015 = ORIENTED_EDGE ( 'NONE', *, *, #4035, .F. ) ;
#2016 = CARTESIAN_POINT ( 'NONE',  ( 0.5997484167568540858, 0.7699999999999997957, 1.510679795626614919 ) ) ;
#2017 = CARTESIAN_POINT ( 'NONE',  ( -0.5356048335593457388, 0.7699999999999997957, 1.266768873394477080 ) ) ;
#2018 = FACE_OUTER_BOUND ( 'NONE', #4821, .T. ) ;
#2019 = VERTEX_POINT ( 'NONE', #41 ) ;
#2020 = ORIENTED_EDGE ( 'NONE', *, *, #1205, .F. ) ;
#2022 = CARTESIAN_POINT ( 'NONE',  ( -0.7115183308094508163, 0.7599999999999997868, 0.9513724040018487482 ) ) ;
#2021 = CARTESIAN_POINT ( 'NONE',  ( 1.043800676999203647, 0.7599999999999997868, 1.297374240035442217 ) ) ;
#2023 = DATE_TIME_ROLE ( 'creation_date' ) ;
#2024 = DIRECTION ( 'NONE',  ( -0.7054242694071958253, 0.000000000000000000, 0.7087852990372500717 ) ) ;
#2025 = AXIS2_PLACEMENT_3D ( 'NONE', #5198, #3347, #1451 ) ;
#2026 = CARTESIAN_POINT ( 'NONE',  ( 0.4224855284706036107, 0.7599999999999997868, 0.6816808932241339436 ) ) ;
#2027 = CARTESIAN_POINT ( 'NONE',  ( -1.293224430140339054, 0.7599999999999997868, -0.3052017748453165757 ) ) ;
#2028 = EDGE_LOOP ( 'NONE', ( #5645, #3691, #4496, #3661 ) ) ;
#2029 = CARTESIAN_POINT ( 'NONE',  ( -1.103048780487803970, 0.7699999999999997957, 1.104878048780488120 ) ) ;
#2030 = EDGE_CURVE ( 'NONE', #5809, #4114, #5073, .T. ) ;
#2031 = DIRECTION ( 'NONE',  ( 0.000000000000000000, 0.000000000000000000, -1.000000000000000000 ) ) ;
#2032 = CARTESIAN_POINT ( 'NONE',  ( 0.6376500961620604757, 0.7599999999999997868, -1.199375013914682153 ) ) ;
#2033 = CIRCLE ( 'NONE', #5694, 0.2781274262561416744 ) ;
#2034 = ORIENTED_EDGE ( 'NONE', *, *, #1925, .T. ) ;
#2035 = B_SPLINE_CURVE_WITH_KNOTS ( 'NONE', 3,
 ( #274, #300, #4949, #5853, #3496, #5792, #2140, #2627, #3950, #3979, #5822, #2112, #3070, #845, #3588, #2232, #809, #2660, #1683 ),
 .UNSPECIFIED., .F., .F.,
 ( 4, 1, 1, 1, 1, 1, 1, 1, 1, 1, 1, 1, 1, 1, 1, 1, 4 ),
 ( 0.000000000000000000, 0.05696610313175429208, 0.1106808249741720179, 0.1623723878776359986, 0.2124209432994137725, 0.2621323069151829666, 0.3122980277330255072, 0.3639289310324155258, 0.4176938466618647650, 0.4749267193454759228, 0.5352485232984102170, 0.6001814274956243089, 0.6697271381174330074, 0.7440974927715360288, 0.8237570515317579334, 0.9090063553331508839, 1.000000000000000000 ),
 .UNSPECIFIED. ) ;
#2036 = CARTESIAN_POINT ( 'NONE',  ( 0.2050376051931377119, 0.7699999999999997957, -1.503873276446153762 ) ) ;
#2037 = ADVANCED_FACE ( 'NONE', ( #4234 ), #4628, .T. ) ;
#2038 = DIRECTION ( 'NONE',  ( 0.07326583197257104108, 0.000000000000000000, -0.9973124474633647818 ) ) ;
#2039 = PLANE ( 'NONE',  #1736 ) ;
#2040 = CARTESIAN_POINT ( 'NONE',  ( -0.7542245620812718654, 0.7599999999999997868, 1.050106282565048010 ) ) ;
#2041 = ORIENTED_EDGE ( 'NONE', *, *, #5303, .T. ) ;
#2042 = LINE ( 'NONE', #2096, #4803 ) ;
#2043 = VERTEX_POINT ( 'NONE', #576 ) ;
#2044 = DIRECTION ( 'NONE',  ( -0.000000000000000000, 1.000000000000000000, -0.000000000000000000 ) ) ;
#2045 = LINE ( 'NONE', #4842, #3926 ) ;
#2046 = VECTOR ( 'NONE', #2476, 1000.000000000000000 ) ;
#2047 = DIRECTION ( 'NONE',  ( 0.7127916838673933331, 0.000000000000000000, -0.7013758018419841145 ) ) ;
#2048 = ORIENTED_EDGE ( 'NONE', *, *, #1989, .F. ) ;
#2049 = ORIENTED_EDGE ( 'NONE', *, *, #138, .F. ) ;
#2051 = CARTESIAN_POINT ( 'NONE',  ( -0.5936554385584250637, 0.7599999999999997868, 0.9683237404887772293 ) ) ;
#2050 = DIRECTION ( 'NONE',  ( 0.000000000000000000, 0.000000000000000000, 1.000000000000000000 ) ) ;
#2052 = PERSON_AND_ORGANIZATION_ROLE ( 'creator' ) ;
#2053 = CARTESIAN_POINT ( 'NONE',  ( 0.4018441952349754431, 0.7699999999999997957, 0.7104623967784283733 ) ) ;
#2054 = DIRECTION ( 'NONE',  ( 0.7010649426062544043, 0.000000000000000000, 0.7130974311049571579 ) ) ;
#2055 = ORIENTED_EDGE ( 'NONE', *, *, #266, .T. ) ;
#2056 = DIRECTION ( 'NONE',  ( -0.000000000000000000, -1.000000000000000000, -0.000000000000000000 ) ) ;
#2057 = LINE ( 'NONE', #4380, #3219 ) ;
#2058 = CARTESIAN_POINT ( 'NONE',  ( -0.2607345472303137512, 0.7699999999999997957, -0.8930402112659507896 ) ) ;
#2059 = CARTESIAN_POINT ( 'NONE',  ( -1.293224430140063719, 0.7599999999999997868, -1.559704639558324502 ) ) ;
#2060 = VECTOR ( 'NONE', #608, 1000.000000000000000 ) ;
#2061 = DIRECTION ( 'NONE',  ( 0.9973124474633648928, -0.000000000000000000, 0.07326583197257105495 ) ) ;
#2062 = FACE_OUTER_BOUND ( 'NONE', #3298, .T. ) ;
#2063 = CARTESIAN_POINT ( 'NONE',  ( -1.081097560975608385, 0.7699999999999997957, 0.6000000000000005329 ) ) ;
#2064 = ORIENTED_EDGE ( 'NONE', *, *, #5284, .T. ) ;
#2065 = DIRECTION ( 'NONE',  ( -0.000000000000000000, 1.000000000000000000, -0.000000000000000000 ) ) ;
#2066 = ORIENTED_EDGE ( 'NONE', *, *, #1957, .T. ) ;
#2067 = CARTESIAN_POINT ( 'NONE',  ( 0.7282563981945593401, 0.7599999999999997868, 1.362032257151438053 ) ) ;
#2068 = CARTESIAN_POINT ( 'NONE',  ( -0.2140243902439023238, 0.7699999999999997957, 1.500000000000000444 ) ) ;
#2069 = EDGE_CURVE ( 'NONE', #5150, #1503, #3585, .T. ) ;
#2070 = CARTESIAN_POINT ( 'NONE',  ( 1.236977675911675956, 0.7599999999999997868, 0.7108169158841716184 ) ) ;
#2071 = B_SPLINE_CURVE_WITH_KNOTS ( 'NONE', 3,
 ( #3525, #358, #810, #301, #2599, #5374, #5408, #751, #781, #3556, #3071, #1781, #3102, #4919, #4469, #328, #2205, #4442, #2260 ),
 .UNSPECIFIED., .F., .F.,
 ( 4, 1, 1, 1, 1, 1, 1, 1, 1, 1, 1, 1, 1, 1, 1, 1, 4 ),
 ( 0.000000000000000000, 0.09697942603676404372, 0.1881792242325920905, 0.2729478490636775834, 0.3518960118323618547, 0.4254998963396902645, 0.4932977494323596002, 0.5564930178660324467, 0.6144896589205335324, 0.6688315566574661863, 0.7193994760383194409, 0.7674305292249515853, 0.8133638072036849520, 0.8583580849957380687, 0.9039393915510371968, 0.9508273802187597878, 0.9999999999999998890 ),
 .UNSPECIFIED. ) ;
#2072 = CARTESIAN_POINT ( 'NONE',  ( 1.015243902439024737, 0.7599999999999992317, 1.067492378048780832 ) ) ;
#2073 = VERTEX_POINT ( 'NONE', #2447 ) ;
#2074 = EDGE_LOOP ( 'NONE', ( #803, #3513, #3683, #3078 ) ) ;
#2076 = CARTESIAN_POINT ( 'NONE',  ( 0.8527055422691242059, 0.7599999999999997868, -0.3052017748453723645 ) ) ;
#2075 = CARTESIAN_POINT ( 'NONE',  ( 1.015947368980053112, 0.7599999999999995648, 1.118990199611845426 ) ) ;
#2077 = APPROVAL_ROLE ( '' ) ;
#2078 = EDGE_CURVE ( 'NONE', #4184, #2248, #519, .T. ) ;
#2079 = DIRECTION ( 'NONE',  ( 1.000000000000000000, 0.000000000000000000, -1.402124967903882077E-14 ) ) ;
#2080 = CARTESIAN_POINT ( 'NONE',  ( -0.8067073170731702270, 0.7699999999999997957, 0.9546493902439029400 ) ) ;
#2081 = EDGE_LOOP ( 'NONE', ( #1014, #744, #1479, #370 ) ) ;
#2082 = CYLINDRICAL_SURFACE ( 'NONE', #1700, 0.09389007349559774784 ) ;
#2083 = DIRECTION ( 'NONE',  ( -0.000000000000000000, -1.000000000000000000, -0.000000000000000000 ) ) ;
#2084 = ORIENTED_EDGE ( 'NONE', *, *, #5521, .T. ) ;
#2085 = VECTOR ( 'NONE', #3450, 1000.000000000000000 ) ;
#2086 = FACE_OUTER_BOUND ( 'NONE', #5391, .T. ) ;
#2087 = CARTESIAN_POINT ( 'NONE',  ( -0.9164634146341458232, 0.7699999999999997957, 1.057545731707317582 ) ) ;
#2088 = EDGE_CURVE ( 'NONE', #2866, #4874, #996, .T. ) ;
#2089 = DIRECTION ( 'NONE',  ( -0.000000000000000000, 1.000000000000000000, -0.000000000000000000 ) ) ;
#2090 = VECTOR ( 'NONE', #1588, 1000.000000000000000 ) ;
#2091 = DIRECTION ( 'NONE',  ( -0.000000000000000000, 0.000000000000000000, -1.000000000000000000 ) ) ;
#2092 = EDGE_CURVE ( 'NONE', #4340, #3095, #1510, .T. ) ;
#2093 = FACE_BOUND ( 'NONE', #1591, .T. ) ;
#2094 = ORIENTED_EDGE ( 'NONE', *, *, #52, .T. ) ;
#2095 = VECTOR ( 'NONE', #1612, 1000.000000000000114 ) ;
#2096 = CARTESIAN_POINT ( 'NONE',  ( -2.450000000000001066, 0.4999999999999997780, 2.600000000000000089 ) ) ;
#2097 = CARTESIAN_POINT ( 'NONE',  ( 1.507204303924984945, 0.7599999999999997868, 1.419454016432457832 ) ) ;
#2098 = ADVANCED_FACE ( 'NONE', ( #3717 ), #5226, .T. ) ;
#2099 = ORIENTED_EDGE ( 'NONE', *, *, #4915, .F. ) ;
#2100 = CARTESIAN_POINT ( 'NONE',  ( 0.7957317073170734334, 0.7699999999999997957, 1.056173780487804859 ) ) ;
#2101 = ADVANCED_FACE ( 'NONE', ( #4834 ), #3051, .T. ) ;
#2102 = CARTESIAN_POINT ( 'NONE',  ( -0.5324570246286612907, 0.7599999999999997868, 1.233966404223329372 ) ) ;
#2103 = CARTESIAN_POINT ( 'NONE',  ( 0.8271066901824266626, 0.7600000000000000089, 0.6763580223664809044 ) ) ;
#2104 = ADVANCED_FACE ( 'NONE', ( #2062 ), #2039, .F. ) ;
#2105 = CARTESIAN_POINT ( 'NONE',  ( 1.136102573135109317, 0.7699999999999997957, 1.046910941819221508 ) ) ;
#2106 = AXIS2_PLACEMENT_3D ( 'NONE', #5833, #2091, #338 ) ;
#2107 = ORIENTED_EDGE ( 'NONE', *, *, #1894, .F. ) ;
#2108 = ORIENTED_EDGE ( 'NONE', *, *, #631, .T. ) ;
#2110 = CARTESIAN_POINT ( 'NONE',  ( 0.6651579454439657813, 0.7599999999999997868, 0.5898206575037093780 ) ) ;
#2109 = LINE ( 'NONE', #3552, #2295 ) ;
#2111 = CARTESIAN_POINT ( 'NONE',  ( -5.000000000000000000, 0.000000000000000000, 2.600000000000000089 ) ) ;
#2112 = CARTESIAN_POINT ( 'NONE',  ( 0.8771432751259746752, 0.7699999999999997957, 0.7682479757975683166 ) ) ;
#2113 = VERTEX_POINT ( 'NONE', #5690 ) ;
#2114 = CARTESIAN_POINT ( 'NONE',  ( -0.2800876308487951216, 0.7599999999999997868, -0.7123193697668176450 ) ) ;
#2115 = CARTESIAN_POINT ( 'NONE',  ( -0.8706853166100846364, 0.7699999999999997957, 1.497629708507291824 ) ) ;
#2116 = CARTESIAN_POINT ( 'NONE',  ( 1.252603942230680056, 0.7699999999999997957, 1.400397734626948498 ) ) ;
#2117 = CARTESIAN_POINT ( 'NONE',  ( 0.6214939024390246924, 0.7699999999999997957, 1.412195121951219656 ) ) ;
#2118 = EDGE_CURVE ( 'NONE', #2773, #5011, #3878, .T. ) ;
#2119 = LINE ( 'NONE', #2007, #4624 ) ;
#2120 = ADVANCED_FACE ( 'NONE', ( #4785, #1210 ), #4360, .T. ) ;
#2121 = CARTESIAN_POINT ( 'NONE',  ( -0.8828506097560970822, 0.7699999999999997957, 0.6000000000000005329 ) ) ;
#2122 = CARTESIAN_POINT ( 'NONE',  ( 1.590675501332365904, 0.7699999999999997957, 0.8471464229908021171 ) ) ;
#2123 = CARTESIAN_POINT ( 'NONE',  ( 0.6649324646483871781, 0.7599999999999997868, 0.6931663305137710784 ) ) ;
#2124 = CARTESIAN_POINT ( 'NONE',  ( -1.421341463414633077, 0.7699999999999997957, 1.104878048780488120 ) ) ;
#2125 = EDGE_LOOP ( 'NONE', ( #1419, #2641, #5308, #340 ) ) ;
#2126 = CARTESIAN_POINT ( 'NONE',  ( -1.293224430140339054, 0.7599999999999997868, -0.3052017748453165757 ) ) ;
#2127 = ORIENTED_EDGE ( 'NONE', *, *, #2174, .F. ) ;
#2128 = ADVANCED_FACE ( 'NONE', ( #5715 ), #3422, .F. ) ;
#2129 = CARTESIAN_POINT ( 'NONE',  ( 1.487195121951219834, 0.7699999999999997957, 1.056173780487805303 ) ) ;
#2130 = ORIENTED_EDGE ( 'NONE', *, *, #1054, .F. ) ;
#2131 = CARTESIAN_POINT ( 'NONE',  ( 0.7139729578131260856, 0.7599999999999997868, 1.377547199774412867 ) ) ;
#2132 = DIRECTION ( 'NONE',  ( 0.000000000000000000, 0.000000000000000000, -1.000000000000000000 ) ) ;
#2133 = CARTESIAN_POINT ( 'NONE',  ( 0.7822284249975499648, 0.7699999999999997957, 0.6330019528771935189 ) ) ;
#2134 = CARTESIAN_POINT ( 'NONE',  ( 0.4469057006297367240, 0.7599999999999997868, 0.9752258162901517036 ) ) ;
#2135 = ORIENTED_EDGE ( 'NONE', *, *, #4994, .F. ) ;
#2136 = ORIENTED_EDGE ( 'NONE', *, *, #1311, .F. ) ;
#2138 = DIRECTION ( 'NONE',  ( -1.000000000000000000, 0.000000000000000000, 1.591416883062486049E-14 ) ) ;
#2137 = CARTESIAN_POINT ( 'NONE',  ( 2.449999999999999289, 0.000000000000000000, -2.600000000000000089 ) ) ;
#2139 = CARTESIAN_POINT ( 'NONE',  ( 0.4778784840287146340, 0.7699999999999997957, 1.300824508769389043 ) ) ;
#2140 = CARTESIAN_POINT ( 'NONE',  ( 0.7822284249975499648, 0.7699999999999997957, 0.6330019528771935189 ) ) ;
#2141 = DIRECTION ( 'NONE',  ( -0.7071067811865463515, 0.7071067811865487940, 0.000000000000000000 ) ) ;
#2142 = CARTESIAN_POINT ( 'NONE',  ( 0.6456056118040206515, 0.7699999999999997957, 1.509965406928573284 ) ) ;
#2143 = CARTESIAN_POINT ( 'NONE',  ( 1.146764791002065076, 0.7699999999999997957, 1.214420153770696453 ) ) ;
#2144 = CARTESIAN_POINT ( 'NONE',  ( 0.4469607915844184265, 0.7699999999999997957, 1.143231155084991402 ) ) ;
#2145 = CARTESIAN_POINT ( 'NONE',  ( 5.000000000000000000, 0.000000000000000000, -2.600000000000000089 ) ) ;
#2146 = ORIENTED_EDGE ( 'NONE', *, *, #4915, .T. ) ;
#2147 = CARTESIAN_POINT ( 'NONE',  ( -0.6719748125986642062, 0.7699999999999997957, -0.7789723031679439691 ) ) ;
#2148 = EDGE_CURVE ( 'NONE', #3191, #3617, #5296, .T. ) ;
#2149 = CARTESIAN_POINT ( 'NONE',  ( 1.334134628621195029, 0.7699999999999997957, 0.5892949603244590495 ) ) ;
#2150 = DIRECTION ( 'NONE',  ( 0.000000000000000000, 0.000000000000000000, 1.000000000000000000 ) ) ;
#2151 = FACE_OUTER_BOUND ( 'NONE', #2793, .T. ) ;
#2152 = VERTEX_POINT ( 'NONE', #701 ) ;
#2153 = DIRECTION ( 'NONE',  ( -1.000000000000000000, 0.000000000000000000, 0.000000000000000000 ) ) ;
#2154 = ORIENTED_EDGE ( 'NONE', *, *, #2255, .F. ) ;
#2155 = AXIS2_PLACEMENT_3D ( 'NONE', #4404, #749, #3555 ) ;
#2156 = CARTESIAN_POINT ( 'NONE',  ( 1.146764791002065076, 0.7599999999999997868, 1.214420153770696453 ) ) ;
#2157 = VECTOR ( 'NONE', #3558, 1000.000000000000000 ) ;
#2158 = VERTEX_POINT ( 'NONE', #1632 ) ;
#2159 = LINE ( 'NONE', #1673, #5276 ) ;
#2160 = CARTESIAN_POINT ( 'NONE',  ( 0.7901147325431602253, 0.7699999999999997957, 0.9318680891461760263 ) ) ;
#2161 = DIRECTION ( 'NONE',  ( -0.000000000000000000, 1.000000000000000000, -0.000000000000000000 ) ) ;
#2162 = CARTESIAN_POINT ( 'NONE',  ( 0.9057738123752475667, 0.7599999999999994538, 1.199658049349824784 ) ) ;
#2163 = ORIENTED_EDGE ( 'NONE', *, *, #3283, .F. ) ;
#2164 = ORIENTED_EDGE ( 'NONE', *, *, #4892, .F. ) ;
#2166 = CARTESIAN_POINT ( 'NONE',  ( 0.2614037892791999385, 0.7599999999999997868, -0.3883414372125759684 ) ) ;
#2165 = CARTESIAN_POINT ( 'NONE',  ( 1.071862640297585934, 0.7599999999999995648, 1.367369651798794994 ) ) ;
#2167 = EDGE_CURVE ( 'NONE', #2322, #4706, #433, .T. ) ;
#2168 = AXIS2_PLACEMENT_3D ( 'NONE', #2325, #452, #2812 ) ;
#2169 = CARTESIAN_POINT ( 'NONE',  ( 0.5437941398346135546, 0.7699999999999997957, 1.390530598095980119 ) ) ;
#2170 = CARTESIAN_POINT ( 'NONE',  ( 1.487195121951219612, 0.7599999999999997868, 1.056173780487805081 ) ) ;
#2171 = LINE ( 'NONE', #5885, #2670 ) ;
#2172 = EDGE_CURVE ( 'NONE', #5898, #1396, #2439, .T. ) ;
#2173 = CARTESIAN_POINT ( 'NONE',  ( 0.4397368032010574024, 0.7599999999999997868, 1.447344517896008043 ) ) ;
#2174 = EDGE_CURVE ( 'NONE', #1828, #4170, #2635, .T. ) ;
#2175 = CARTESIAN_POINT ( 'NONE',  ( 1.235257554468759178, 0.7599999999999997868, 1.390530598095980119 ) ) ;
#2176 = CARTESIAN_POINT ( 'NONE',  ( 0.4613168942917295068, 0.7600000000000001199, 1.245949426989632958 ) ) ;
#2177 = EDGE_CURVE ( 'NONE', #2429, #5125, #1273, .T. ) ;
#2178 = CARTESIAN_POINT ( 'NONE',  ( 1.456428610911929544, 0.7699999999999997957, -0.4857519260323993615 ) ) ;
#2179 = ORIENTED_EDGE ( 'NONE', *, *, #1053, .T. ) ;
#2180 = CARTESIAN_POINT ( 'NONE',  ( -0.7542245620812718654, 0.7699999999999997957, 1.050106282565048010 ) ) ;
#2181 = DIRECTION ( 'NONE',  ( 0.000000000000000000, 0.000000000000000000, 1.000000000000000000 ) ) ;
#2182 = PLANE ( 'NONE',  #3937 ) ;
#2183 = CARTESIAN_POINT ( 'NONE',  ( 0.4598611446829223293, 0.7599999999999997868, -1.025179901899862855 ) ) ;
#2184 = EDGE_LOOP ( 'NONE', ( #5288, #921, #1646, #5908 ) ) ;
#2185 = LINE ( 'NONE', #3569, #4716 ) ;
#2186 = ORIENTED_EDGE ( 'NONE', *, *, #4029, .T. ) ;
#2187 = DIRECTION ( 'NONE',  ( 1.000000000000000000, 0.000000000000000000, 0.000000000000000000 ) ) ;
#2188 = DIRECTION ( 'NONE',  ( 0.000000000000000000, 1.000000000000000000, 0.000000000000000000 ) ) ;
#2189 = AXIS2_PLACEMENT_3D ( 'NONE', #2087, #2061, #2038 ) ;
#2190 = VECTOR ( 'NONE', #5281, 1000.000000000000000 ) ;
#2191 = CARTESIAN_POINT ( 'NONE',  ( 0.7933182561593609128, 0.7699999999999997957, 1.138776230506280962 ) ) ;
#2192 = DIRECTION ( 'NONE',  ( -1.136517116611334999E-14, 0.000000000000000000, -1.000000000000000000 ) ) ;
#2193 = EDGE_LOOP ( 'NONE', ( #2710, #3833, #250, #4208 ) ) ;
#2194 = CARTESIAN_POINT ( 'NONE',  ( -0.6972178139255774676, 0.7599999999999997868, 1.409464610833116804 ) ) ;
#2195 = CARTESIAN_POINT ( 'NONE',  ( 0.9164634146341466003, 0.7599999999999994538, 1.046227134146341387 ) ) ;
#2196 = EDGE_CURVE ( 'NONE', #3329, #1194, #3143, .T. ) ;
#2197 = ORIENTED_EDGE ( 'NONE', *, *, #3852, .T. ) ;
#2198 = ORIENTED_EDGE ( 'NONE', *, *, #4500, .T. ) ;
#2200 = CARTESIAN_POINT ( 'NONE',  ( -0.8356212379100083076, 0.7699999999999997957, 1.400714614025498683 ) ) ;
#2199 = LINE ( 'NONE', #1227, #4995 ) ;
#2201 = CIRCLE ( 'NONE', #4028, 0.2500000000000002220 ) ;
#2202 = ADVANCED_FACE ( 'NONE', ( #4083 ), #4960, .T. ) ;
#2203 = CARTESIAN_POINT ( 'NONE',  ( 0.5611405275965332118, 0.7699999999999997957, 1.400397734626948054 ) ) ;
#2204 = LINE ( 'NONE', #5884, #4190 ) ;
#2205 = CARTESIAN_POINT ( 'NONE',  ( 0.6003253500545988608, 0.7599999999999997868, 1.411463576694295119 ) ) ;
#2206 = CARTESIAN_POINT ( 'NONE',  ( 0.8368918229910771167, 0.7699999999999997957, 1.391319280114061696 ) ) ;
#2207 = CARTESIAN_POINT ( 'NONE',  ( 1.191430586586939233, 0.7599999999999997868, 1.344887391077261629 ) ) ;
#2208 = CARTESIAN_POINT ( 'NONE',  ( 0.5437941398346135546, 0.7600000000000001199, 1.390530598095980119 ) ) ;
#2209 = CARTESIAN_POINT ( 'NONE',  ( -0.7542245620812718654, 0.7599999999999997868, 1.050106282565048010 ) ) ;
#2210 = VERTEX_POINT ( 'NONE', #5023 ) ;
#2211 = DIRECTION ( 'NONE',  ( 0.000000000000000000, 0.000000000000000000, 1.000000000000000000 ) ) ;
#2212 = EDGE_CURVE ( 'NONE', #767, #2769, #3206, .T. ) ;
#2213 = CARTESIAN_POINT ( 'NONE',  ( 1.015243902439024959, 0.7599999999999997868, 1.067492378048781276 ) ) ;
#2214 = CARTESIAN_POINT ( 'NONE',  ( 1.146764791002065076, 0.7699999999999997957, 1.214420153770696453 ) ) ;
#2215 = CARTESIAN_POINT ( 'NONE',  ( 1.169443403010012927, 0.7599999999999997868, -1.056587774214004849 ) ) ;
#2216 = EDGE_LOOP ( 'NONE', ( #4551, #5021, #1104, #714 ) ) ;
#2217 = B_SPLINE_SURFACE_WITH_KNOTS ( 'NONE', 3, 1, ( 
 ( #293, #3462 ),
 ( #108, #578 ),
 ( #1189, #3942 ),
 ( #2879, #4908 ),
 ( #4266, #4368 ),
 ( #3806, #739 ),
 ( #5784, #2587 ),
 ( #3969, #2524 ),
 ( #3517, #1028 ),
 ( #5624, #4395 ),
 ( #2103, #4877 ),
 ( #3349, #771 ),
 ( #1643, #2133 ),
 ( #3488, #712 ),
 ( #5201, #235 ),
 ( #1483, #1968 ),
 ( #5305, #3006 ),
 ( #2617, #1163 ),
 ( #4432, #3320 ) ),
 .UNSPECIFIED., .F., .F., .F.,
 ( 4, 1, 1, 1, 1, 1, 1, 1, 1, 1, 1, 1, 1, 1, 1, 1, 4 ),
 ( 2, 2 ),
 ( 0.000000000000000000, 0.09099364466684911612, 0.1762429484682420666, 0.2559025072284639712, 0.3302728618825669926, 0.3998185725043756911, 0.4647514767015897830, 0.5250732806545240772, 0.5823061533381352906, 0.6360710689675844742, 0.6877019722669744928, 0.7378676930848170334, 0.7875790567005862552, 0.8376276121223640292, 0.8893191750258280237, 0.9430338968682456802, 1.000000000000000000 ),
 ( 0.000000000000000000, 1.000000000000000000 ),
 .UNSPECIFIED. ) ;
#2218 = CARTESIAN_POINT ( 'NONE',  ( 3.103553390593273953, 0.2499999999999997780, 2.600000000000000089 ) ) ;
#2219 = ORIENTED_EDGE ( 'NONE', *, *, #1758, .T. ) ;
#2220 = DIRECTION ( 'NONE',  ( 0.7130974311049572689, 0.000000000000000000, -0.7010649426062544043 ) ) ;
#2221 = CARTESIAN_POINT ( 'NONE',  ( 1.481578147177306404, 0.7599999999999995648, 0.9318680891461761373 ) ) ;
#2222 = ADVANCED_FACE ( 'NONE', ( #1691 ), #1791, .T. ) ;
#2223 = LINE ( 'NONE', #3575, #723 ) ;
#2224 = ORIENTED_EDGE ( 'NONE', *, *, #177, .F. ) ;
#2225 = CARTESIAN_POINT ( 'NONE',  ( -0.7340463036990148016, 0.7599999999999997868, 1.412006846150904105 ) ) ;
#2226 = CARTESIAN_POINT ( 'NONE',  ( 0.7399762402442791043, 0.7699999999999997957, 1.481776778436066255 ) ) ;
#2227 = EDGE_LOOP ( 'NONE', ( #3537, #4675, #290, #837 ) ) ;
#2228 = VERTEX_POINT ( 'NONE', #4546 ) ;
#2229 = ORIENTED_EDGE ( 'NONE', *, *, #5547, .T. ) ;
#2231 = PLANE ( 'NONE',  #66 ) ;
#2230 = CARTESIAN_POINT ( 'NONE',  ( 1.577328745522045494, 0.7599999999999997868, 1.286265459232918129 ) ) ;
#2232 = CARTESIAN_POINT ( 'NONE',  ( 0.9124227455454579916, 0.7699999999999997957, 0.9401460629065306884 ) ) ;
#2233 = DIRECTION ( 'NONE',  ( -1.000000000000000000, 0.000000000000000000, 8.557733870429801020E-15 ) ) ;
#2234 = CARTESIAN_POINT ( 'NONE',  ( 0.3652120275795618931, 0.7599999999999997868, 1.333933062788915436 ) ) ;
#2235 = CARTESIAN_POINT ( 'NONE',  ( 1.136097700822253920, 0.7699999999999997957, 1.076127118445245001 ) ) ;
#2236 = CARTESIAN_POINT ( 'NONE',  ( 0.4778784840287146340, 0.7600000000000001199, 1.300824508769389043 ) ) ;
#2237 = DIRECTION ( 'NONE',  ( -0.000000000000000000, -1.000000000000000000, -0.000000000000000000 ) ) ;
#2238 = EDGE_LOOP ( 'NONE', ( #2715, #636, #5118, #5367 ) ) ;
#2239 = PLANE ( 'NONE',  #4312 ) ;
#2240 = CARTESIAN_POINT ( 'NONE',  ( 1.286791031695675214, 0.7599999999999997868, 0.5900135335349343535 ) ) ;
#2241 = CARTESIAN_POINT ( 'NONE',  ( 1.191430586586939233, 0.7699999999999997957, 1.344887391077261629 ) ) ;
#2242 = DIRECTION ( 'NONE',  ( -0.9614689872837377527, 0.000000000000000000, 0.2749134163542836795 ) ) ;
#2243 = CARTESIAN_POINT ( 'NONE',  ( -0.5876117935463109898, 0.7599999999999997868, -0.4839251295228553240 ) ) ;
#2244 = ORIENTED_EDGE ( 'NONE', *, *, #4278, .F. ) ;
#2245 = CARTESIAN_POINT ( 'NONE',  ( -0.4748712839718012835, 0.7599999999999996758, 1.039856568521047242 ) ) ;
#2246 = CARTESIAN_POINT ( 'NONE',  ( 1.356395879282533246, 0.7699999999999997957, 0.6931663305137711895 ) ) ;
#2247 = DIRECTION ( 'NONE',  ( 0.000000000000000000, -0.000000000000000000, -1.000000000000000000 ) ) ;
#2248 = VERTEX_POINT ( 'NONE', #3989 ) ;
#2249 = CARTESIAN_POINT ( 'NONE',  ( -1.293224430140339054, 0.7699999999999997957, -0.3052017748453165757 ) ) ;
#2250 = CARTESIAN_POINT ( 'NONE',  ( 0.7925398050050659338, 0.7599999999999994538, 1.443968577453645930 ) ) ;
#2251 = AXIS2_PLACEMENT_3D ( 'NONE', #5834, #4928, #3536 ) ;
#2252 = ORIENTED_EDGE ( 'NONE', *, *, #811, .F. ) ;
#2253 = VECTOR ( 'NONE', #5568, 1000.000000000000000 ) ;
#2254 = ORIENTED_EDGE ( 'NONE', *, *, #1921, .T. ) ;
#2255 = EDGE_CURVE ( 'NONE', #5835, #1695, #5864, .T. ) ;
#2256 = ORIENTED_EDGE ( 'NONE', *, *, #1475, .F. ) ;
#2258 = LINE ( 'NONE', #3553, #1405 ) ;
#2257 = CARTESIAN_POINT ( 'NONE',  ( 1.154804676165228194, 0.7699999999999997957, 1.467228091517889910 ) ) ;
#2259 = CARTESIAN_POINT ( 'NONE',  ( -0.6667238358217077998, 0.7599999999999997868, 1.506546967184491770 ) ) ;
#2260 = CARTESIAN_POINT ( 'NONE',  ( 0.6214939024390246924, 0.7599999999999998979, 1.412195121951219656 ) ) ;
#2261 = CARTESIAN_POINT ( 'NONE',  ( -2.450000000000001066, 0.4999999999999997780, -2.600000000000000089 ) ) ;
#2262 = ADVANCED_FACE ( 'NONE', ( #1726 ), #5383, .T. ) ;
#2263 = CLOSED_SHELL ( 'NONE', ( #3874, #2128, #1844, #5290, #3165, #2363, #5135, #219, #595, #127, #4063, #3190, #2917, #1930, #3242, #2789, #423, #2013, #1460, #2037, #1132, #5820, #479, #4510, #2782, #842, #5732, #4885, #5725, #5108, #3698, #2222, #4742, #1209, #4506, #5056, #704, #2202, #3293, #5661, #2372, #1511, #2262, #3796, #405, #5306, #901, #3356, #2722, #2850, #225, #78, #2098, #2536, #2475, #5683, #2561, #4339, #4671, #3948, #3613, #4673, #3641, #2101, #1150, #1622, #1582, #655, #597, #4057, #2104, #3381, #1480, #2918, #5060, #5082, #4355, #3652, #3188, #2562, #3605, #1380, #1471, #5498, #1778, #3397, #4686, #1975, #1693, #4092, #1496, #4299, #5584, #611, #853, #5914, #877, #3252, #3457, #3072, #4402, #5588, #398, #3615, #1477, #870, #5602, #1266, #5480, #3269, #57, #4430, #4971, #5742, #50, #1235, #2120, #2733, #920, #506, #591, #3361 ) ) ;
#2264 = FACE_OUTER_BOUND ( 'NONE', #1064, .T. ) ;
#2265 = CARTESIAN_POINT ( 'NONE',  ( 0.5825880408328288906, 0.7699999999999997957, 0.6930163764281567218 ) ) ;
#2266 = DIRECTION ( 'NONE',  ( 0.000000000000000000, 0.000000000000000000, -1.000000000000000000 ) ) ;
#2267 = CARTESIAN_POINT ( 'NONE',  ( 1.484781670793507313, 0.7599999999999995648, 1.138776230506281184 ) ) ;
#2268 = ORIENTED_EDGE ( 'NONE', *, *, #202, .T. ) ;
#2269 = CARTESIAN_POINT ( 'NONE',  ( -0.5554895051656116856, 0.7699999999999997957, 1.136658147351559789 ) ) ;
#2270 = VECTOR ( 'NONE', #173, 1000.000000000000000 ) ;
#2271 = DIRECTION ( 'NONE',  ( 1.000000000000000000, 0.000000000000000000, -0.000000000000000000 ) ) ;
#2272 = ORIENTED_EDGE ( 'NONE', *, *, #3798, .T. ) ;
#2273 = CARTESIAN_POINT ( 'NONE',  ( 1.271508376361146109, 0.7699999999999997957, 1.407211200787210847 ) ) ;
#2274 = CARTESIAN_POINT ( 'NONE',  ( 0.4598611446829223293, 0.7699999999999997957, -1.025179901899862855 ) ) ;
#2275 = LINE ( 'NONE', #1214, #3164 ) ;
#2276 = ORIENTED_EDGE ( 'NONE', *, *, #4002, .F. ) ;
#2277 = CARTESIAN_POINT ( 'NONE',  ( -0.7115183308094508163, 0.7599999999999996758, 0.9513724040018487482 ) ) ;
#2278 = EDGE_CURVE ( 'NONE', #217, #2516, #1241, .T. ) ;
#2279 = CARTESIAN_POINT ( 'NONE',  ( 1.406974101688835521, 0.7699999999999997957, 0.7237744651909925331 ) ) ;
#2280 = CARTESIAN_POINT ( 'NONE',  ( 0.7722979666162598233, 0.7699999999999997957, 0.8323696326485687802 ) ) ;
#2281 = ORIENTED_EDGE ( 'NONE', *, *, #2069, .F. ) ;
#2282 = CARTESIAN_POINT ( 'NONE',  ( -0.5646711590968089833, 0.7599999999999997868, 1.334407774212510001 ) ) ;
#2283 = CARTESIAN_POINT ( 'NONE',  ( 0.8971268522886813868, 0.7599999999999994538, 1.244611501610420889 ) ) ;
#2284 = VECTOR ( 'NONE', #5318, 1000.000000000000000 ) ;
#2285 = EDGE_CURVE ( 'NONE', #1585, #3086, #1709, .T. ) ;
#2286 = ADVANCED_FACE ( 'NONE', ( #2730 ), #2668, .T. ) ;
#2287 = ORIENTED_EDGE ( 'NONE', *, *, #458, .F. ) ;
#2288 = ORIENTED_EDGE ( 'NONE', *, *, #3326, .F. ) ;
#2289 = EDGE_CURVE ( 'NONE', #3038, #3841, #1592, .T. ) ;
#2290 = ORIENTED_EDGE ( 'NONE', *, *, #3374, .T. ) ;
#2291 = ORIENTED_EDGE ( 'NONE', *, *, #1501, .F. ) ;
#2293 = CARTESIAN_POINT ( 'NONE',  ( 1.302324695121951592, 0.7699999999999997957, 1.510975609756098015 ) ) ;
#2292 = LINE ( 'NONE', #3649, #5855 ) ;
#2294 = VECTOR ( 'NONE', #3775, 1000.000000000000000 ) ;
#2295 = VECTOR ( 'NONE', #1649, 1000.000000000000000 ) ;
#2296 = CARTESIAN_POINT ( 'NONE',  ( -0.6033729083962452444, 0.7699999999999997957, 1.491488736588248543 ) ) ;
#2297 = CARTESIAN_POINT ( 'NONE',  ( -0.9047503845797499888, 0.7699999999999997957, 1.056392184487506603 ) ) ;
#2298 = ORIENTED_EDGE ( 'NONE', *, *, #565, .F. ) ;
#2299 = CARTESIAN_POINT ( 'NONE',  ( -0.7417111280487800329, 0.7699999999999997957, 1.412195121951219878 ) ) ;
#2300 = DIRECTION ( 'NONE',  ( -0.000000000000000000, -1.000000000000000000, -0.000000000000000000 ) ) ;
#2301 = CARTESIAN_POINT ( 'NONE',  ( 0.6033587134956925890, 0.7599999999999997868, 0.6887482517233334267 ) ) ;
#2302 = CARTESIAN_POINT ( 'NONE',  ( -0.5323170731707311809, 0.7599999999999997868, 1.227153201219512768 ) ) ;
#2303 = CARTESIAN_POINT ( 'NONE',  ( 1.389651832969569289, 0.7699999999999997957, 1.390302060497695447 ) ) ;
#2304 = ORIENTED_EDGE ( 'NONE', *, *, #1829, .T. ) ;
#2305 = VECTOR ( 'NONE', #1238, 1000.000000000000000 ) ;
#2306 = CARTESIAN_POINT ( 'NONE',  ( 0.3523372623650575242, 0.7699999999999997957, 1.297374240035441773 ) ) ;
#2307 = CARTESIAN_POINT ( 'NONE',  ( -0.7580682802109789398, 0.7699999999999997957, -0.3732802074747250676 ) ) ;
#2308 = ORIENTED_EDGE ( 'NONE', *, *, #1012, .F. ) ;
#2309 = DIRECTION ( 'NONE',  ( 1.000000000000000000, 0.000000000000000000, -1.363542059411715667E-14 ) ) ;
#2310 = CARTESIAN_POINT ( 'NONE',  ( 0.3243598654554780691, 0.7699999999999997957, 1.011410105044662888 ) ) ;
#2311 = CARTESIAN_POINT ( 'NONE',  ( 1.419576592193250164, 0.7699999999999997957, 0.6043087540839103822 ) ) ;
#2312 = ORIENTED_EDGE ( 'NONE', *, *, #2346, .T. ) ;
#2313 = CARTESIAN_POINT ( 'NONE',  ( -0.5162874725351594973, 0.7599999999999996758, 1.004744540578431433 ) ) ;
#2314 = CARTESIAN_POINT ( 'NONE',  ( -2.450000000000001066, 0.7699999999999997957, -7.507433137598514605 ) ) ;
#2315 = EDGE_CURVE ( 'NONE', #1430, #5898, #5384, .T. ) ;
#2316 = CARTESIAN_POINT ( 'NONE',  ( -0.8067073170731702270, 0.7599999999999997868, 0.9546493902439032730 ) ) ;
#2317 = ORIENTED_EDGE ( 'NONE', *, *, #99, .T. ) ;
#2318 = LINE ( 'NONE', #4191, #3651 ) ;
#2319 = VECTOR ( 'NONE', #4264, 1000.000000000000000 ) ;
#2320 = DIRECTION ( 'NONE',  ( 1.000000000000000000, -0.000000000000000000, 0.000000000000000000 ) ) ;
#2321 = LINE ( 'NONE', #3587, #2963 ) ;
#2322 = VERTEX_POINT ( 'NONE', #2373 ) ;
#2323 = ORIENTED_EDGE ( 'NONE', *, *, #4713, .F. ) ;
#2325 = CARTESIAN_POINT ( 'NONE',  ( -1.293224430140064829, 0.7599999999999997868, -1.649203034048186467 ) ) ;
#2324 = CARTESIAN_POINT ( 'NONE',  ( 1.528355237625223406, 0.7599999999999997868, 1.391319280114061696 ) ) ;
#2326 = VECTOR ( 'NONE', #4801, 1000.000000000000000 ) ;
#2327 = CARTESIAN_POINT ( 'NONE',  ( -0.4331989661347759868, 0.7699999999999997957, 1.338109448132784873 ) ) ;
#2328 = CARTESIAN_POINT ( 'NONE',  ( 0.8527055422691242059, 0.7599999999999997868, -0.3052017748453723645 ) ) ;
#2329 = VERTEX_POINT ( 'NONE', #1885 ) ;
#2330 = PLANE ( 'NONE',  #2502 ) ;
#2331 = CARTESIAN_POINT ( 'NONE',  ( -0.7472015846278812212, 0.7699999999999997957, 1.510898223666639062 ) ) ;
#2332 = CARTESIAN_POINT ( 'NONE',  ( -0.4554878048780482969, 0.7699999999999997957, 0.6987804878048785584 ) ) ;
#2333 = CARTESIAN_POINT ( 'NONE',  ( 5.000000000000000000, 0.2699999999999987965, -2.600000000000000089 ) ) ;
#2334 = CARTESIAN_POINT ( 'NONE',  ( 0.6189539330447030308, 0.7699999999999997957, 0.5893601969794538542 ) ) ;
#2335 = PLANE ( 'NONE',  #3410 ) ;
#2336 = EDGE_CURVE ( 'NONE', #884, #3749, #3694, .T. ) ;
#2337 = ORIENTED_EDGE ( 'NONE', *, *, #2285, .T. ) ;
#2338 = CARTESIAN_POINT ( 'NONE',  ( 0.3338303354689522995, 0.7599999999999995648, 1.214617812700073518 ) ) ;
#2339 = DIRECTION ( 'NONE',  ( 0.000000000000000000, 1.000000000000000000, 0.000000000000000000 ) ) ;
#2340 = ORIENTED_EDGE ( 'NONE', *, *, #1339, .F. ) ;
#2341 = CARTESIAN_POINT ( 'NONE',  ( 2.449999999999999289, 0.000000000000000000, 2.600000000000000089 ) ) ;
#2342 = VECTOR ( 'NONE', #2024, 1000.000000000000114 ) ;
#2343 = CARTESIAN_POINT ( 'NONE',  ( 0.3427391402800833986, 0.7699999999999997957, 0.8610008260708160721 ) ) ;
#2344 = VERTEX_POINT ( 'NONE', #1917 ) ;
#2345 = CARTESIAN_POINT ( 'NONE',  ( 1.433857313424169444, 0.7599999999999997868, 0.7585873518488023270 ) ) ;
#2346 = EDGE_CURVE ( 'NONE', #4958, #1712, #5539, .T. ) ;
#2347 = LINE ( 'NONE', #1924, #5538 ) ;
#2348 = EDGE_CURVE ( 'NONE', #286, #2485, #5083, .T. ) ;
#2349 = CARTESIAN_POINT ( 'NONE',  ( -0.09329268292682915686, 0.7699999999999997957, 1.401219512195122530 ) ) ;
#2350 = VERTEX_POINT ( 'NONE', #85 ) ;
#2351 = CARTESIAN_POINT ( 'NONE',  ( 1.294822128129838656, 0.7699999999999997957, 0.6887482517233337598 ) ) ;
#2352 = CARTESIAN_POINT ( 'NONE',  ( -2.450000000000001066, 0.7599999999999997868, -7.507433137598514605 ) ) ;
#2353 = ORIENTED_EDGE ( 'NONE', *, *, #3825, .T. ) ;
#2354 = ORIENTED_EDGE ( 'NONE', *, *, #1177, .F. ) ;
#2356 = FACE_OUTER_BOUND ( 'NONE', #1963, .T. ) ;
#2355 = DIRECTION ( 'NONE',  ( -0.000000000000000000, 1.000000000000000000, -0.000000000000000000 ) ) ;
#2357 = VECTOR ( 'NONE', #153, 1000.000000000000000 ) ;
#2358 = CARTESIAN_POINT ( 'NONE',  ( -0.4123255538533944775, 0.7599999999999997868, 1.251288130277212973 ) ) ;
#2359 = CARTESIAN_POINT ( 'NONE',  ( 1.162631612880145715, 0.7599999999999992317, 0.6357928102497442113 ) ) ;
#2360 = EDGE_LOOP ( 'NONE', ( #2592, #5712, #1972, #928 ) ) ;
#2361 = DIRECTION ( 'NONE',  ( 1.000000000000000000, 0.000000000000000000, 0.000000000000000000 ) ) ;
#2362 = VECTOR ( 'NONE', #1423, 1000.000000000000000 ) ;
#2363 = ADVANCED_FACE ( 'NONE', ( #528 ), #4349, .T. ) ;
#2364 = CARTESIAN_POINT ( 'NONE',  ( 3.103553390593273953, -2.322477269963798012E-16, 2.600000000000000089 ) ) ;
#2365 = LINE ( 'NONE', #2723, #1816 ) ;
#2366 = CARTESIAN_POINT ( 'NONE',  ( 0.5633684634102782418, 0.7599999999999997868, 0.7005178147430811686 ) ) ;
#2367 = CARTESIAN_POINT ( 'NONE',  ( 0.5610185120179576046, 0.7599999999999997868, 0.5958635433812360382 ) ) ;
#2368 = CARTESIAN_POINT ( 'NONE',  ( 1.432887929965031892, 0.7699999999999997957, 1.343928308114218151 ) ) ;
#2369 = VERTEX_POINT ( 'NONE', #2796 ) ;
#2370 = CARTESIAN_POINT ( 'NONE',  ( 0.3419862031399526492, 0.7699999999999997957, 1.257593086080182054 ) ) ;
#2371 = EDGE_CURVE ( 'NONE', #3482, #2521, #3406, .T. ) ;
#2372 = ADVANCED_FACE ( 'NONE', ( #1143 ), #2500, .T. ) ;
#2373 = CARTESIAN_POINT ( 'NONE',  ( 1.023936363573030306, 0.7599999999999997868, -0.7123193697668354085 ) ) ;
#2374 = CARTESIAN_POINT ( 'NONE',  ( -0.7417111280487800329, 0.7599999999999997868, 1.412195121951219656 ) ) ;
#2375 = FACE_OUTER_BOUND ( 'NONE', #2472, .T. ) ;
#2376 = EDGE_CURVE ( 'NONE', #963, #4789, #3640, .T. ) ;
#2377 = EDGE_LOOP ( 'NONE', ( #1509, #3570, #5667, #657 ) ) ;
#2378 = CARTESIAN_POINT ( 'NONE',  ( -0.7369092987804872763, 0.7699999999999997957, 1.510975609756098015 ) ) ;
#2379 = AXIS2_PLACEMENT_3D ( 'NONE', #4006, #298, #2138 ) ;
#2380 = CARTESIAN_POINT ( 'NONE',  ( 1.312957317073170982, 0.7699999999999997957, 1.412195121951219656 ) ) ;
#2381 = CARTESIAN_POINT ( 'NONE',  ( 0.6376500961620604757, 0.7599999999999997868, -1.344444174494791033 ) ) ;
#2382 = VERTEX_POINT ( 'NONE', #2307 ) ;
#2383 = CARTESIAN_POINT ( 'NONE',  ( -0.5323170731707311809, 0.7699999999999997957, 1.227153201219512768 ) ) ;
#2384 = ORIENTED_EDGE ( 'NONE', *, *, #1026, .T. ) ;
#2386 = LINE ( 'NONE', #4589, #1049 ) ;
#2385 = CARTESIAN_POINT ( 'NONE',  ( 0.5465057652324567528, 0.7699999999999997957, 1.504611529083252464 ) ) ;
#2387 = AXIS2_PLACEMENT_3D ( 'NONE', #4514, #3563, #2211 ) ;
#2388 = EDGE_CURVE ( 'NONE', #5939, #3600, #1608, .T. ) ;
#2389 = CARTESIAN_POINT ( 'NONE',  ( -0.9274390243902435049, 0.7599999999999997868, 1.365548780487805258 ) ) ;
#2390 = CARTESIAN_POINT ( 'NONE',  ( 1.113948943104750233, 0.7699999999999997957, 0.6816808932241341656 ) ) ;
#2391 = AXIS2_PLACEMENT_3D ( 'NONE', #2849, #1877, #5074 ) ;
#2392 = ORIENTED_EDGE ( 'NONE', *, *, #27, .F. ) ;
#2393 = B_SPLINE_CURVE_WITH_KNOTS ( 'NONE', 3,
 ( #1696, #3539, #5057, #4608, #2311, #470, #4153, #919, #2768, #24, #5513, #3667, #1372, #3210, #462, #4725, #4600, #5173, #5535 ),
 .UNSPECIFIED., .F., .F.,
 ( 4, 1, 1, 1, 1, 1, 1, 1, 1, 1, 1, 1, 1, 1, 1, 1, 4 ),
 ( 0.000000000000000000, 0.05696610313175461127, 0.1106808249741721289, 0.1623723878776362484, 0.2124209432994139946, 0.2621323069151828555, 0.3122980277330256738, 0.3639289310324154147, 0.4176938466618645984, 0.4749267193454758118, 0.5352485232984099950, 0.6001814274956239759, 0.6697271381174326743, 0.7440974927715356957, 0.8237570515317577113, 0.9090063553331505508, 1.000000000000000000 ),
 .UNSPECIFIED. ) ;
#2394 = FACE_OUTER_BOUND ( 'NONE', #1291, .T. ) ;
#2395 = CARTESIAN_POINT ( 'NONE',  ( -1.495932705746873648, 0.7599999999999997868, -1.649203034048184691 ) ) ;
#2396 = VECTOR ( 'NONE', #4791, 1000.000000000000000 ) ;
#2397 = CARTESIAN_POINT ( 'NONE',  ( -0.8828506097560970822, 0.7699999999999997957, 0.6000000000000005329 ) ) ;
#2398 = EDGE_CURVE ( 'NONE', #5339, #237, #2487, .T. ) ;
#2399 = PLANE ( 'NONE',  #2624 ) ;
#2400 = CARTESIAN_POINT ( 'NONE',  ( -0.5782464905995039484, 0.7599999999999997868, 1.108370100759486165 ) ) ;
#2401 = LINE ( 'NONE', #1914, #4375 ) ;
#2402 = ORIENTED_EDGE ( 'NONE', *, *, #5845, .T. ) ;
#2403 = CARTESIAN_POINT ( 'NONE',  ( 0.5997484167568540858, 0.7599999999999995648, 1.510679795626614919 ) ) ;
#2404 = CARTESIAN_POINT ( 'NONE',  ( -2.450000000000001066, 0.7599999999999997868, 0.6987804878048793356 ) ) ;
#2405 = CARTESIAN_POINT ( 'NONE',  ( 1.607722288519435105, 0.7699999999999997957, 1.064469353966157161 ) ) ;
#2406 = VECTOR ( 'NONE', #2735, 1000.000000000000000 ) ;
#2407 = CARTESIAN_POINT ( 'NONE',  ( 0.3239778070150207134, 0.7699999999999997957, 1.048392383769221281 ) ) ;
#2408 = ORIENTED_EDGE ( 'NONE', *, *, #2531, .T. ) ;
#2409 = CARTESIAN_POINT ( 'NONE',  ( -0.4455443046470929369, 0.7699999999999997957, 1.363974623253687790 ) ) ;
#2410 = EDGE_CURVE ( 'NONE', #3204, #407, #1429, .T. ) ;
#2411 = VECTOR ( 'NONE', #1384, 1000.000000000000000 ) ;
#2412 = CARTESIAN_POINT ( 'NONE',  ( -0.2563660438559349775, 0.7699999999999997957, -1.330211751212927673 ) ) ;
#2413 = LINE ( 'NONE', #2837, #248 ) ;
#2414 = ORIENTED_EDGE ( 'NONE', *, *, #1928, .F. ) ;
#2415 = CARTESIAN_POINT ( 'NONE',  ( -0.5764128195753335238, 0.7699999999999997957, 1.348772636336544428 ) ) ;
#2416 = EDGE_CURVE ( 'NONE', #5699, #5556, #2199, .T. ) ;
#2417 = ORIENTED_EDGE ( 'NONE', *, *, #3409, .F. ) ;
#2419 = CARTESIAN_POINT ( 'NONE',  ( 0.2469512195121951748, 0.7699999999999997957, 1.500000000000000444 ) ) ;
#2418 = CARTESIAN_POINT ( 'NONE',  ( -0.9219449491822953036, 0.7599999999999997868, 1.478674185882440151 ) ) ;
#2420 = CARTESIAN_POINT ( 'NONE',  ( -3.082842712474619162, 0.4699999999999988631, 2.600000000000000089 ) ) ;
#2421 = CARTESIAN_POINT ( 'NONE',  ( 1.058821000777594890, 0.7599999999999992317, 0.7785722335076150635 ) ) ;
#2422 = VERTEX_POINT ( 'NONE', #689 ) ;
#2423 = CARTESIAN_POINT ( 'NONE',  ( 0.4693426150574091515, 0.7599999999999997868, 0.8346021721491954093 ) ) ;
#2424 = APPROVAL_STATUS ( 'not_yet_approved' ) ;
#2425 = CARTESIAN_POINT ( 'NONE',  ( 1.153136732609185033, 0.7599999999999997868, 0.8653775929079338125 ) ) ;
#2426 = FACE_OUTER_BOUND ( 'NONE', #3435, .T. ) ;
#2427 = FACE_OUTER_BOUND ( 'NONE', #5442, .T. ) ;
#2428 = CARTESIAN_POINT ( 'NONE',  ( 1.486825452789038549, 0.7599999999999997868, 1.098383957097402774 ) ) ;
#2429 = VERTEX_POINT ( 'NONE', #5433 ) ;
#2430 = CARTESIAN_POINT ( 'NONE',  ( 0.3244839543459067666, 0.7699999999999997957, 1.118990199611845426 ) ) ;
#2431 = CARTESIAN_POINT ( 'NONE',  ( 1.476990698476938757, 0.7699999999999997957, 0.8958051436348142271 ) ) ;
#2432 = CARTESIAN_POINT ( 'NONE',  ( 0.7774231610645325752, 0.7599999999999997868, -0.3817094831572565017 ) ) ;
#2433 = ORIENTED_EDGE ( 'NONE', *, *, #2968, .F. ) ;
#2434 = CARTESIAN_POINT ( 'NONE',  ( -0.6033729083962452444, 0.7699999999999997957, 1.491488736588248543 ) ) ;
#2435 = CARTESIAN_POINT ( 'NONE',  ( 0.1766575670847883583, 0.7699999999999997957, -1.199375013914542487 ) ) ;
#2436 = FACE_OUTER_BOUND ( 'NONE', #3466, .T. ) ;
#2437 = VERTEX_POINT ( 'NONE', #1293 ) ;
#2438 = CARTESIAN_POINT ( 'NONE',  ( -0.4233149974703652174, 0.7599999999999997868, 1.310798369004404496 ) ) ;
#2439 = B_SPLINE_CURVE_WITH_KNOTS ( 'NONE', 3,
 ( #2213, #789, #5831, #2699, #821, #5956, #366, #3177, #401, #3564, #4053, #4926, #2764, #5893, #5475, #1823, #2240, #4603, #1759 ),
 .UNSPECIFIED., .F., .F.,
 ( 4, 1, 1, 1, 1, 1, 1, 1, 1, 1, 1, 1, 1, 1, 1, 1, 4 ),
 ( 0.000000000000000000, 0.08934862503628904218, 0.1730008766696033151, 0.2516881817461323334, 0.3253910184677554773, 0.3944770647130367291, 0.4592656506565445107, 0.5202030774438812788, 0.5779584946579520155, 0.6328982644946861136, 0.6854946129789087905, 0.7365863691978086214, 0.7869078963745953503, 0.8376625301289772896, 0.8895379010925481555, 0.9432238766909551986, 1.000000000000000000 ),
 .UNSPECIFIED. ) ;
#2440 = ORIENTED_EDGE ( 'NONE', *, *, #2512, .F. ) ;
#2442 = LINE ( 'NONE', #3052, #4237 ) ;
#2441 = FACE_OUTER_BOUND ( 'NONE', #2377, .T. ) ;
#2443 = CARTESIAN_POINT ( 'NONE',  ( 1.136334606762554378, 0.7599999999999997868, 1.103530555674705482 ) ) ;
#2444 = CARTESIAN_POINT ( 'NONE',  ( 1.045321974992190261, 0.7599999999999992317, 0.8180046116497664555 ) ) ;
#2445 = ORIENTED_EDGE ( 'NONE', *, *, #5552, .T. ) ;
#2446 = ORIENTED_EDGE ( 'NONE', *, *, #5559, .T. ) ;
#2447 = CARTESIAN_POINT ( 'NONE',  ( 1.607926829268292890, 0.7699999999999997957, 1.046227134146341831 ) ) ;
#2448 = PERSON_AND_ORGANIZATION ( #4016, #2818 ) ;
#2449 = CIRCLE ( 'NONE', #1385, 0.2500000000000002220 ) ;
#2450 = LINE ( 'NONE', #3350, #216 ) ;
#2451 = CARTESIAN_POINT ( 'NONE',  ( 3.082842712474619162, 0.4699999999999988631, -2.600000000000000089 ) ) ;
#2452 = CARTESIAN_POINT ( 'NONE',  ( 1.272779648922131024, 0.7599999999999997868, -0.3052017748453783041 ) ) ;
#2453 = ORIENTED_EDGE ( 'NONE', *, *, #5752, .F. ) ;
#2454 = CARTESIAN_POINT ( 'NONE',  ( -0.4161586046540788897, 0.7699999999999997957, 1.160056088506455696 ) ) ;
#2455 = AXIS2_PLACEMENT_3D ( 'NONE', #5177, #2507, #5738 ) ;
#2456 = EDGE_CURVE ( 'NONE', #1472, #5663, #805, .T. ) ;
#2457 = CARTESIAN_POINT ( 'NONE',  ( 1.486850855328111454, 0.7699999999999997957, 1.012533269798478353 ) ) ;
#2458 = CARTESIAN_POINT ( 'NONE',  ( -2.450000000000001066, 0.4999999999999997780, 2.600000000000000089 ) ) ;
#2459 = CARTESIAN_POINT ( 'NONE',  ( 0.9916545292830794001, 0.7599999999999997868, -0.8930402112659507896 ) ) ;
#2460 = CARTESIAN_POINT ( 'NONE',  ( 0.7527477505777150357, 0.7699999999999997957, 1.322746769008860790 ) ) ;
#2461 = LINE ( 'NONE', #2121, #4606 ) ;
#2462 = LINE ( 'NONE', #145, #531 ) ;
#2463 = ORIENTED_EDGE ( 'NONE', *, *, #849, .F. ) ;
#2464 = CARTESIAN_POINT ( 'NONE',  ( 1.136348450677449051, 0.7599999999999997868, 1.017680584132084176 ) ) ;
#2465 = ORIENTED_EDGE ( 'NONE', *, *, #1553, .T. ) ;
#2467 = CARTESIAN_POINT ( 'NONE',  ( 0.7423938987900238207, 0.7599999999999997868, 0.7585873518488026601 ) ) ;
#2466 = CARTESIAN_POINT ( 'NONE',  ( 2.926776695296636976, 0.07322330470336310682, 2.600000000000000089 ) ) ;
#2468 = CARTESIAN_POINT ( 'NONE',  ( -0.6972178139255774676, 0.7599999999999997868, 1.409464610833116804 ) ) ;
#2469 = EDGE_CURVE ( 'NONE', #2505, #5699, #992, .T. ) ;
#2470 = CARTESIAN_POINT ( 'NONE',  ( -0.9164634146341457122, 0.7599999999999997868, 1.057545731707318026 ) ) ;
#2471 = ORIENTED_EDGE ( 'NONE', *, *, #202, .F. ) ;
#2472 = EDGE_LOOP ( 'NONE', ( #761, #2666, #3368, #3192 ) ) ;
#2473 = CARTESIAN_POINT ( 'NONE',  ( -0.4115853658536580140, 0.7599999999999997868, 1.219778963414634099 ) ) ;
#2474 = CALENDAR_DATE ( 2023, 1, 11 ) ;
#2475 = ADVANCED_FACE ( 'NONE', ( #3582 ), #4308, .T. ) ;
#2476 = DIRECTION ( 'NONE',  ( -1.000000000000000000, -0.000000000000000000, -0.000000000000000000 ) ) ;
#2477 = CARTESIAN_POINT ( 'NONE',  ( 0.4018441952349754431, 0.7599999999999997868, 0.7104623967784283733 ) ) ;
#2478 = CARTESIAN_POINT ( 'NONE',  ( 0.7853832330778289794, 0.7599999999999997868, 1.211187042981139328 ) ) ;
#2479 = AXIS2_PLACEMENT_3D ( 'NONE', #4503, #1264, #2141 ) ;
#2480 = ORIENTED_EDGE ( 'NONE', *, *, #3091, .T. ) ;
#2481 = CARTESIAN_POINT ( 'NONE',  ( -0.4434271011388504213, 0.7699999999999997957, 1.082532946252666495 ) ) ;
#2482 = VECTOR ( 'NONE', #185, 1000.000000000000000 ) ;
#2483 = CARTESIAN_POINT ( 'NONE',  ( 1.563473698393551992, 0.7699999999999997957, 1.324600227924192408 ) ) ;
#2484 = LINE ( 'NONE', #3388, #5055 ) ;
#2485 = VERTEX_POINT ( 'NONE', #4945 ) ;
#2486 = DIRECTION ( 'NONE',  ( 0.000000000000000000, 0.000000000000000000, 1.000000000000000000 ) ) ;
#2487 = CIRCLE ( 'NONE', #4613, 0.2500000000000002220 ) ;
#2488 = DIRECTION ( 'NONE',  ( 0.9991543195835282942, 0.000000000000000000, -0.04111746171125637422 ) ) ;
#2489 = DIRECTION ( 'NONE',  ( 0.000000000000000000, 1.000000000000000000, 0.000000000000000000 ) ) ;
#2490 = VECTOR ( 'NONE', #732, 1000.000000000000000 ) ;
#2491 = CARTESIAN_POINT ( 'NONE',  ( -2.450000000000001066, 0.4999999999999997780, 2.600000000000000089 ) ) ;
#2492 = VERTEX_POINT ( 'NONE', #4005 ) ;
#2493 = CARTESIAN_POINT ( 'NONE',  ( 1.138369115263882625, 0.7699999999999997957, 0.9752258162901519256 ) ) ;
#2494 = ORIENTED_EDGE ( 'NONE', *, *, #5336, .T. ) ;
#2495 = CARTESIAN_POINT ( 'NONE',  ( -0.7417111280487800329, 0.7699999999999997957, 1.412195121951219878 ) ) ;
#2496 = CARTESIAN_POINT ( 'NONE',  ( -0.6569658014791084355, 0.7699999999999997957, 1.399814810590809699 ) ) ;
#2497 = DIRECTION ( 'NONE',  ( 1.000000000000000000, 0.000000000000000000, 0.000000000000000000 ) ) ;
#2498 = VERTEX_POINT ( 'NONE', #1713 ) ;
#2499 = ORIENTED_EDGE ( 'NONE', *, *, #886, .T. ) ;
#2501 = CARTESIAN_POINT ( 'NONE',  ( -0.4226931561142197591, 0.7599999999999997868, 1.132474037345835738 ) ) ;
#2500 = PLANE ( 'NONE',  #4126 ) ;
#2502 = AXIS2_PLACEMENT_3D ( 'NONE', #3750, #5595, #2361 ) ;
#2503 = DIRECTION ( 'NONE',  ( -1.000000000000000000, 0.000000000000000000, 0.000000000000000000 ) ) ;
#2504 = CARTESIAN_POINT ( 'NONE',  ( 1.444211165211860992, 0.7599999999999997868, 1.322746769008861012 ) ) ;
#2505 = VERTEX_POINT ( 'NONE', #4399 ) ;
#2506 = CARTESIAN_POINT ( 'NONE',  ( -0.7115183308094508163, 0.7699999999999997957, 0.9513724040018487482 ) ) ;
#2507 = DIRECTION ( 'NONE',  ( 1.932927468457599532E-14, 0.000000000000000000, -1.000000000000000000 ) ) ;
#2508 = ORIENTED_EDGE ( 'NONE', *, *, #2118, .T. ) ;
#2509 = EDGE_CURVE ( 'NONE', #4815, #5368, #2109, .T. ) ;
#2510 = PLANE ( 'NONE',  #3064 ) ;
#2511 = CARTESIAN_POINT ( 'NONE',  ( -0.8067073170731702270, 0.7599999999999997868, 0.9546493902439029400 ) ) ;
#2512 = EDGE_CURVE ( 'NONE', #1666, #963, #3493, .T. ) ;
#2513 = PRODUCT_DEFINITION_FORMATION_WITH_SPECIFIED_SOURCE ( '任何', '', #812, .NOT_KNOWN. ) ;
#2514 = CARTESIAN_POINT ( 'NONE',  ( -1.014160713550104953, 0.7599999999999997868, -1.168135470357039685 ) ) ;
#2515 = CARTESIAN_POINT ( 'NONE',  ( -0.5926760687519609938, 0.7599999999999997868, 1.096282916716385225 ) ) ;
#2516 = VERTEX_POINT ( 'NONE', #5068 ) ;
#2517 = EDGE_CURVE ( 'NONE', #5428, #3125, #2292, .T. ) ;
#2518 = CARTESIAN_POINT ( 'NONE',  ( -3.103553390593273953, 0.2499999999999997780, 2.600000000000000089 ) ) ;
#2519 = B_SPLINE_CURVE_WITH_KNOTS ( 'NONE', 3,
 ( #5341, #2022, #1196, #3041, #3012, #2051, #3890, #4771, #3862, #4848, #3407, #630, #5702, #4823, #2501, #3920, #3835, #240, #2473 ),
 .UNSPECIFIED., .F., .F.,
 ( 4, 1, 1, 1, 1, 1, 1, 1, 1, 1, 1, 1, 1, 1, 1, 1, 4 ),
 ( 0.000000000000000000, 0.07616744472239830865, 0.1482655110254590403, 0.2165949782654783273, 0.2823424859150617250, 0.3452843053920682248, 0.4059909421777435634, 0.4652211230521785534, 0.5239984890663605954, 0.5817566311794192258, 0.6384569613935704435, 0.6947682521830328417, 0.7516829061230481113, 0.8101961495168552574, 0.8706817703241035433, 0.9337298896598215103, 1.000000000000000000 ),
 .UNSPECIFIED. ) ;
#2520 = EDGE_CURVE ( 'NONE', #1570, #995, #1193, .T. ) ;
#2521 = VERTEX_POINT ( 'NONE', #1414 ) ;
#2522 = CARTESIAN_POINT ( 'NONE',  ( 0.6285447678053383003, 0.7699999999999997957, 1.411941921835430547 ) ) ;
#2523 = CARTESIAN_POINT ( 'NONE',  ( -0.5899387081906799501, 0.7699999999999997957, 1.361864076966912362 ) ) ;
#2524 = CARTESIAN_POINT ( 'NONE',  ( 0.8771432751259746752, 0.7699999999999997957, 0.7682479757975683166 ) ) ;
#2525 = CARTESIAN_POINT ( 'NONE',  ( 1.274051455466975069, 0.7699999999999997957, 0.6930163764281568328 ) ) ;
#2526 = ORIENTED_EDGE ( 'NONE', *, *, #3791, .F. ) ;
#2527 = VERTEX_POINT ( 'NONE', #1356 ) ;
#2529 = LINE ( 'NONE', #3468, #1701 ) ;
#2528 = CARTESIAN_POINT ( 'NONE',  ( 1.056675442213708127, 0.7599999999999995648, 1.333933062788915436 ) ) ;
#2530 = COORDINATED_UNIVERSAL_TIME_OFFSET ( 8, 0, .AHEAD. ) ;
#2531 = EDGE_CURVE ( 'NONE', #2043, #157, #964, .T. ) ;
#2532 = CARTESIAN_POINT ( 'NONE',  ( 0.3538585603580438610, 0.7699999999999997957, 0.8180046116497661224 ) ) ;
#2533 = CARTESIAN_POINT ( 'NONE',  ( 1.389651832969569289, 0.7599999999999997868, 1.390302060497695447 ) ) ;
#2534 = ORIENTED_EDGE ( 'NONE', *, *, #520, .T. ) ;
#2535 = LINE ( 'NONE', #4379, #2000 ) ;
#2536 = ADVANCED_FACE ( 'NONE', ( #68 ), #2703, .T. ) ;
#2537 = PLANE ( 'NONE',  #3986 ) ;
#2538 = ORIENTED_EDGE ( 'NONE', *, *, #4982, .F. ) ;
#2539 = CARTESIAN_POINT ( 'NONE',  ( 0.6214939024390246924, 0.7699999999999999067, 1.412195121951219656 ) ) ;
#2540 = CC_DESIGN_DATE_AND_TIME_ASSIGNMENT ( #1027, #2904, ( #3865 ) ) ;
#2541 = AXIS2_PLACEMENT_3D ( 'NONE', #2420, #1990, #4873 ) ;
#2542 = CARTESIAN_POINT ( 'NONE',  ( 2.926776695296636976, 0.07322330470336313457, 2.600000000000000089 ) ) ;
#2543 = EDGE_CURVE ( 'NONE', #5919, #4051, #5668, .T. ) ;
#2544 = CARTESIAN_POINT ( 'NONE',  ( -1.014160713550104953, 0.7599999999999997868, -1.168135470357039685 ) ) ;
#2545 = EDGE_CURVE ( 'NONE', #2228, #4270, #4225, .T. ) ;
#2546 = CARTESIAN_POINT ( 'NONE',  ( -0.7116121143663569626, 0.7599999999999997868, 1.052643708258060418 ) ) ;
#2547 = ORIENTED_EDGE ( 'NONE', *, *, #5294, .T. ) ;
#2548 = LINE ( 'NONE', #1075, #3261 ) ;
#2549 = CARTESIAN_POINT ( 'NONE',  ( 1.588590266922826899, 0.7599999999999997868, 1.244611501610420889 ) ) ;
#2550 = ORIENTED_EDGE ( 'NONE', *, *, #42, .T. ) ;
#2551 = CARTESIAN_POINT ( 'NONE',  ( 0.6623100917029141055, 0.7699999999999997957, 1.407269830831566093 ) ) ;
#2552 = VECTOR ( 'NONE', #1152, 1000.000000000000000 ) ;
#2553 = CARTESIAN_POINT ( 'NONE',  ( -0.5324570246286612907, 0.7699999999999997957, 1.233966404223329372 ) ) ;
#2554 = CARTESIAN_POINT ( 'NONE',  ( 1.309108473865310485, 0.7599999999999997868, 0.6881232890242920952 ) ) ;
#2555 = VECTOR ( 'NONE', #4361, 1000.000000000000000 ) ;
#2556 = CARTESIAN_POINT ( 'NONE',  ( 1.153136732609185033, 0.7699999999999997957, 0.8653775929079338125 ) ) ;
#2557 = ORIENTED_EDGE ( 'NONE', *, *, #5394, .T. ) ;
#2558 = EDGE_LOOP ( 'NONE', ( #59, #399, #5235, #720, #902, #518, #4754, #1522, #4663, #178, #5179, #896, #4348, #4634 ) ) ;
#2560 = CARTESIAN_POINT ( 'NONE',  ( -0.2607345472303137512, 0.7699999999999997957, -0.8930402112659507896 ) ) ;
#2559 = CARTESIAN_POINT ( 'NONE',  ( 1.237969179866603264, 0.7599999999999995648, 1.504611529083253352 ) ) ;
#2561 = ADVANCED_FACE ( 'NONE', ( #4711, #3338 ), #2870, .T. ) ;
#2562 = ADVANCED_FACE ( 'NONE', ( #4679 ), #4341, .F. ) ;
#2563 = CARTESIAN_POINT ( 'NONE',  ( 0.4459131941693963430, 0.7599999999999997868, 0.6570535513085223878 ) ) ;
#2564 = FACE_OUTER_BOUND ( 'NONE', #3284, .T. ) ;
#2565 = ORIENTED_EDGE ( 'NONE', *, *, #3803, .T. ) ;
#2566 = FACE_OUTER_BOUND ( 'NONE', #4641, .T. ) ;
#2567 = CARTESIAN_POINT ( 'NONE',  ( 0.5465057652324567528, 0.7599999999999997868, 1.504611529083252464 ) ) ;
#2568 = EDGE_CURVE ( 'NONE', #2228, #2382, #5640, .T. ) ;
#2569 = DIRECTION ( 'NONE',  ( 0.7054242694072448971, 0.000000000000000000, -0.7087852990372013329 ) ) ;
#2570 = CARTESIAN_POINT ( 'NONE',  ( 0.6143267190719461368, 0.7600000000000001199, 1.411947437607837141 ) ) ;
#2571 = VECTOR ( 'NONE', #3016, 1000.000000000000000 ) ;
#2572 = CYLINDRICAL_SURFACE ( 'NONE', #186, 0.4808357018628978685 ) ;
#2573 = FACE_OUTER_BOUND ( 'NONE', #4604, .T. ) ;
#2574 = CARTESIAN_POINT ( 'NONE',  ( 1.389171573208458632, 0.7599999999999994538, 0.5955939372084155803 ) ) ;
#2575 = VECTOR ( 'NONE', #4142, 1000.000000000000000 ) ;
#2576 = CARTESIAN_POINT ( 'NONE',  ( 0.7957317073170734334, 0.7599999999999997868, 1.056173780487805081 ) ) ;
#2577 = CARTESIAN_POINT ( 'NONE',  ( -1.421341463414633077, 0.7599999999999997868, 1.006097560975610650 ) ) ;
#2578 = ORIENTED_EDGE ( 'NONE', *, *, #4839, .T. ) ;
#2579 = VECTOR ( 'NONE', #1005, 1000.000000000000000 ) ;
#2580 = EDGE_CURVE ( 'NONE', #2521, #4808, #4107, .T. ) ;
#2581 = CARTESIAN_POINT ( 'NONE',  ( 1.136348450677449051, 0.7699999999999997957, 1.017680584132084176 ) ) ;
#2582 = EDGE_LOOP ( 'NONE', ( #4378, #2146, #4463, #3185 ) ) ;
#2583 = CARTESIAN_POINT ( 'NONE',  ( 1.487195121951219834, 0.7599999999999995648, 1.056173780487805303 ) ) ;
#2584 = EDGE_LOOP ( 'NONE', ( #1312, #1058, #558, #3308 ) ) ;
#2585 = CARTESIAN_POINT ( 'NONE',  ( 0.1766575670847883583, 0.7599999999999997868, -1.199375013914542487 ) ) ;
#2586 = DIRECTION ( 'NONE',  ( -0.000000000000000000, -1.000000000000000000, -0.000000000000000000 ) ) ;
#2587 = CARTESIAN_POINT ( 'NONE',  ( 0.8895072196967481748, 0.7699999999999997957, 0.8058493928861508726 ) ) ;
#2588 = AXIS2_PLACEMENT_3D ( 'NONE', #1614, #684, #1707 ) ;
#2589 = CARTESIAN_POINT ( 'NONE',  ( 0.4553922707762041444, 0.7699999999999997957, 0.8990562859968449505 ) ) ;
#2590 = VECTOR ( 'NONE', #1523, 1000.000000000000000 ) ;
#2591 = AXIS2_PLACEMENT_3D ( 'NONE', #3110, #4516, #2309 ) ;
#2592 = ORIENTED_EDGE ( 'NONE', *, *, #2509, .F. ) ;
#2593 = ORIENTED_EDGE ( 'NONE', *, *, #2410, .F. ) ;
#2595 = CARTESIAN_POINT ( 'NONE',  ( 0.9124227455454579916, 0.7599999999999997868, 0.9401460629065306884 ) ) ;
#2594 = CARTESIAN_POINT ( 'NONE',  ( 1.269537367876957701, 0.7599999999999995648, 1.510102841502850124 ) ) ;
#2596 = ADVANCED_FACE ( 'NONE', ( #2441 ), #5722, .F. ) ;
#2597 = CARTESIAN_POINT ( 'NONE',  ( 0.6214939024390246924, 0.7699999999999999067, 1.412195121951219656 ) ) ;
#2598 = CARTESIAN_POINT ( 'NONE',  ( 1.487069441176567697, 0.7599999999999997868, 1.070524470881337509 ) ) ;
#2599 = CARTESIAN_POINT ( 'NONE',  ( 0.4502394553777958608, 0.7599999999999997868, 1.180220503743218519 ) ) ;
#2600 = CARTESIAN_POINT ( 'NONE',  ( 0.6108612804878053026, 0.7699999999999997957, 1.510975609756097793 ) ) ;
#2601 = CARTESIAN_POINT ( 'NONE',  ( 1.235257554468759178, 0.7699999999999997957, 1.390530598095980119 ) ) ;
#2602 = CARTESIAN_POINT ( 'NONE',  ( 0.6214939024390246924, 0.7600000000000001199, 1.412195121951219656 ) ) ;
#2603 = CARTESIAN_POINT ( 'NONE',  ( -0.2140243902439023238, 0.7699999999999997957, 1.500000000000000444 ) ) ;
#2604 = DIRECTION ( 'NONE',  ( 0.000000000000000000, -0.000000000000000000, -1.000000000000000000 ) ) ;
#2605 = DIRECTION ( 'NONE',  ( 1.363888835598852450E-14, 0.000000000000000000, 1.000000000000000000 ) ) ;
#2606 = VECTOR ( 'NONE', #607, 1000.000000000000114 ) ;
#2607 = CARTESIAN_POINT ( 'NONE',  ( 0.7537065608373648695, 0.7599999999999997868, 0.7803492590744699475 ) ) ;
#2608 = CARTESIAN_POINT ( 'NONE',  ( -0.1006876842073865796, 0.7599999999999997868, -0.4839251295228619854 ) ) ;
#2609 = ORIENTED_EDGE ( 'NONE', *, *, #4327, .T. ) ;
#2610 = LINE ( 'NONE', #4024, #2406 ) ;
#2611 = ORIENTED_EDGE ( 'NONE', *, *, #2196, .T. ) ;
#2612 = CARTESIAN_POINT ( 'NONE',  ( 0.1766575670847862767, 0.7699999999999997957, -1.330211751212933668 ) ) ;
#2613 = EDGE_CURVE ( 'NONE', #5058, #5387, #3768, .T. ) ;
#2614 = EDGE_LOOP ( 'NONE', ( #2534, #899, #3519, #4094, #4362, #4213, #5507, #1353, #3997, #4584, #3310, #1319, #2268, #4846 ) ) ;
#2615 = CARTESIAN_POINT ( 'NONE',  ( 0.7792719650637232043, 0.7599999999999997868, 1.243208928491642329 ) ) ;
#2616 = CARTESIAN_POINT ( 'NONE',  ( 1.607926829268293334, 0.7599999999999997868, 1.046227134146341831 ) ) ;
#2617 = CARTESIAN_POINT ( 'NONE',  ( 0.6426712139870486284, 0.7600000000000000089, 0.5892949603244586054 ) ) ;
#2618 = CARTESIAN_POINT ( 'NONE',  ( -1.081097560975608385, 0.7599999999999997868, 0.5999999999999998668 ) ) ;
#2619 = ADVANCED_FACE ( 'NONE', ( #4764 ), #990, .F. ) ;
#2620 = VERTEX_POINT ( 'NONE', #2466 ) ;
#2621 = EDGE_LOOP ( 'NONE', ( #763, #5067, #5450, #5957 ) ) ;
#2623 = DIRECTION ( 'NONE',  ( 0.000000000000000000, 0.000000000000000000, -1.000000000000000000 ) ) ;
#2622 = CARTESIAN_POINT ( 'NONE',  ( 1.154804676165228194, 0.7699999999999997957, 1.467228091517889910 ) ) ;
#2624 = AXIS2_PLACEMENT_3D ( 'NONE', #4294, #5227, #3321 ) ;
#2625 = EDGE_CURVE ( 'NONE', #5536, #743, #1932, .T. ) ;
#2626 = CARTESIAN_POINT ( 'NONE',  ( 0.5800449617270002634, 0.7699999999999997957, 1.407211200787210625 ) ) ;
#2627 = CARTESIAN_POINT ( 'NONE',  ( 0.8056211552241945295, 0.7699999999999997957, 0.6531183107083951001 ) ) ;
#2628 = DIRECTION ( 'NONE',  ( 0.7256928108524836052, 0.000000000000000000, 0.6880188545941321454 ) ) ;
#2629 = CARTESIAN_POINT ( 'NONE',  ( -1.103048780487803970, 0.7599999999999997868, -7.507433137598514605 ) ) ;
#2630 = CARTESIAN_POINT ( 'NONE',  ( 1.305790133706092204, 0.7599999999999997868, 1.411947437607837363 ) ) ;
#2631 = DIRECTION ( 'NONE',  ( -0.7054242694070468334, 0.000000000000000000, 0.7087852990373982864 ) ) ;
#2632 = CARTESIAN_POINT ( 'NONE',  ( 0.000000000000000000, 0.000000000000000000, -2.600000000000000089 ) ) ;
#2633 = ORIENTED_EDGE ( 'NONE', *, *, #383, .T. ) ;
#2634 = CARTESIAN_POINT ( 'NONE',  ( -0.5661145253622513751, 0.7699999999999997957, 1.122127141342211365 ) ) ;
#2635 = LINE ( 'NONE', #4572, #3856 ) ;
#2636 = DIRECTION ( 'NONE',  ( -0.000000000000000000, 0.000000000000000000, 1.000000000000000000 ) ) ;
#2637 = FACE_OUTER_BOUND ( 'NONE', #2125, .T. ) ;
#2638 = EDGE_CURVE ( 'NONE', #3191, #5781, #3285, .T. ) ;
#2639 = ORIENTED_EDGE ( 'NONE', *, *, #5168, .T. ) ;
#2640 = CARTESIAN_POINT ( 'NONE',  ( -2.450000000000001066, 0.7599999999999997868, 1.401219512195121863 ) ) ;
#2641 = ORIENTED_EDGE ( 'NONE', *, *, #1630, .F. ) ;
#2642 = VECTOR ( 'NONE', #1011, 1000.000000000000000 ) ;
#2643 = CARTESIAN_POINT ( 'NONE',  ( -1.495932705747281322, 0.7599999999999997868, -0.3052017748453138002 ) ) ;
#2644 = CARTESIAN_POINT ( 'NONE',  ( 1.323332223625660831, 0.7599999999999995648, 0.6880172914037875342 ) ) ;
#2645 = AXIS2_PLACEMENT_3D ( 'NONE', #547, #1361, #13 ) ;
#2646 = EDGE_LOOP ( 'NONE', ( #5345, #1130, #3562, #5217 ) ) ;
#2647 = CARTESIAN_POINT ( 'NONE',  ( 0.7139729578131260856, 0.7699999999999997957, 1.377547199774412867 ) ) ;
#2648 = CARTESIAN_POINT ( 'NONE',  ( 0.7155106870546892317, 0.7699999999999997957, 0.7237744651909922000 ) ) ;
#2649 = DIRECTION ( 'NONE',  ( 0.7013758018418791984, 0.000000000000000000, 0.7127916838674964728 ) ) ;
#2650 = CARTESIAN_POINT ( 'NONE',  ( 0.9120549160978663750, 0.7599999999999994538, 1.151442428464634737 ) ) ;
#2651 = VECTOR ( 'NONE', #2834, 999.9999999999998863 ) ;
#2652 = B_SPLINE_SURFACE_WITH_KNOTS ( 'NONE', 3, 1, ( 
 ( #234, #1080 ),
 ( #2102, #2553 ),
 ( #3033, #654 ),
 ( #4766, #2017 ),
 ( #1642, #4817 ),
 ( #3913, #1587 ),
 ( #682, #5273 ),
 ( #626, #3005 ),
 ( #1613, #5697 ),
 ( #1107, #2523 ),
 ( #3487, #5332 ),
 ( #4393, #5723 ),
 ( #3432, #292 ),
 ( #3885, #2496 ),
 ( #4876, #4342 ),
 ( #2468, #1559 ),
 ( #1188, #4367 ),
 ( #5753, #1135 ),
 ( #3461, #5304 ) ),
 .UNSPECIFIED., .F., .F., .F.,
 ( 4, 1, 1, 1, 1, 1, 1, 1, 1, 1, 1, 1, 1, 1, 1, 1, 4 ),
 ( 2, 2 ),
 ( 0.000000000000000000, 0.06493900865693402746, 0.1271639567122265779, 0.1872006204596773360, 0.2458471552355092626, 0.3038796799661461767, 0.3617994006014284558, 0.4203012949354079097, 0.4804492637477660866, 0.5409913266616032113, 0.6017930702343001759, 0.6634830443728430005, 0.7259582997137837834, 0.7906657224460618139, 0.8572836374002943405, 0.9268890213601909123, 1.000000000000000000 ),
 ( 0.000000000000000000, 1.000000000000000000 ),
 .UNSPECIFIED. ) ;
#2653 = VERTEX_POINT ( 'NONE', #4259 ) ;
#2654 = ORIENTED_EDGE ( 'NONE', *, *, #2289, .F. ) ;
#2656 = DIRECTION ( 'NONE',  ( -0.000000000000000000, -1.000000000000000000, -0.000000000000000000 ) ) ;
#2655 = CARTESIAN_POINT ( 'NONE',  ( 1.025293750103097867, 0.7599999999999995648, 1.214617812700073074 ) ) ;
#2657 = EDGE_CURVE ( 'NONE', #1305, #2810, #4187, .T. ) ;
#2658 = VECTOR ( 'NONE', #3650, 1000.000000000000000 ) ;
#2659 = LINE ( 'NONE', #4501, #1909 ) ;
#2660 = CARTESIAN_POINT ( 'NONE',  ( 0.9163157398265776576, 0.7699999999999997957, 1.027756078840880605 ) ) ;
#2661 = DIRECTION ( 'NONE',  ( -0.000000000000000000, -1.000000000000000000, -0.000000000000000000 ) ) ;
#2662 = DIRECTION ( 'NONE',  ( -0.7054242694070468334, 0.000000000000000000, 0.7087852990373982864 ) ) ;
#2663 = CARTESIAN_POINT ( 'NONE',  ( 1.152780308925875685, 0.7699999999999997957, 1.245949426989633180 ) ) ;
#2664 = CARTESIAN_POINT ( 'NONE',  ( 0.5129937356729090681, 0.7600000000000001199, 1.363010028256776307 ) ) ;
#2665 = CARTESIAN_POINT ( 'NONE',  ( -0.6878615709252049459, 0.7699999999999997957, 1.056121088764265137 ) ) ;
#2666 = ORIENTED_EDGE ( 'NONE', *, *, #205, .F. ) ;
#2667 = PLANE ( 'NONE',  #2872 ) ;
#2668 = CYLINDRICAL_SURFACE ( 'NONE', #4890, 0.2500000000000002220 ) ;
#2669 = CARTESIAN_POINT ( 'NONE',  ( 1.444211165211860992, 0.7699999999999997957, 1.322746769008861012 ) ) ;
#2670 = VECTOR ( 'NONE', #4108, 1000.000000000000000 ) ;
#2671 = LINE ( 'NONE', #860, #4849 ) ;
#2672 = ORIENTED_EDGE ( 'NONE', *, *, #1710, .T. ) ;
#2673 = CARTESIAN_POINT ( 'NONE',  ( 0.3512998121464835921, 0.7599999999999997868, -1.364542048095912063 ) ) ;
#2674 = EDGE_LOOP ( 'NONE', ( #4189, #5084, #1883, #18 ) ) ;
#2675 = CARTESIAN_POINT ( 'NONE',  ( -0.7233612804878045699, 0.7599999999999996758, 0.9512195121951225740 ) ) ;
#2676 = DIRECTION ( 'NONE',  ( -1.136517116611334999E-14, 0.000000000000000000, -1.000000000000000000 ) ) ;
#2677 = AXIS2_PLACEMENT_3D ( 'NONE', #3133, #4985, #879 ) ;
#2678 = VECTOR ( 'NONE', #4552, 1000.000000000000000 ) ;
#2679 = AXIS2_PLACEMENT_3D ( 'NONE', #2585, #5425, #3574 ) ;
#2680 = CARTESIAN_POINT ( 'NONE',  ( 0.7855272838427930227, 0.7699999999999997957, 0.8958051436348142271 ) ) ;
#2681 = ORIENTED_EDGE ( 'NONE', *, *, #2707, .T. ) ;
#2682 = CARTESIAN_POINT ( 'NONE',  ( 0.7297201132584003602, 0.7699999999999997957, 0.7396667916856040081 ) ) ;
#2683 = DIRECTION ( 'NONE',  ( 0.000000000000000000, 0.000000000000000000, 1.000000000000000000 ) ) ;
#2684 = EDGE_LOOP ( 'NONE', ( #4290, #5544, #229, #5400, #989, #5679, #2433, #2276, #5330, #21 ) ) ;
#2685 = ORIENTED_EDGE ( 'NONE', *, *, #3333, .F. ) ;
#2686 = ORIENTED_EDGE ( 'NONE', *, *, #4862, .F. ) ;
#2688 = CARTESIAN_POINT ( 'NONE',  ( -2.450000000000001066, 0.7699999999999997957, -2.600000000000000089 ) ) ;
#2687 = CARTESIAN_POINT ( 'NONE',  ( 1.208343980335706336, 0.7699999999999997957, 1.495735846669839608 ) ) ;
#2689 = VECTOR ( 'NONE', #762, 1000.000000000000000 ) ;
#2690 = DIRECTION ( 'NONE',  ( -0.000000000000000000, -1.000000000000000000, -0.000000000000000000 ) ) ;
#2691 = CARTESIAN_POINT ( 'NONE',  ( 2.413866051317461014, 0.3032912362079215329, 2.600000000000000089 ) ) ;
#2692 = CARTESIAN_POINT ( 'NONE',  ( 0.3512998121464835921, 0.7599999999999997868, -1.364542048095912063 ) ) ;
#2693 = CARTESIAN_POINT ( 'NONE',  ( -0.8915712272086910861, 0.7699999999999997957, 1.491658890457732145 ) ) ;
#2694 = CARTESIAN_POINT ( 'NONE',  ( 0.5212253049132753446, 0.7599999999999997868, -0.1242909593553395142 ) ) ;
#2695 = LINE ( 'NONE', #4411, #1983 ) ;
#2696 = PLANE ( 'NONE',  #1048 ) ;
#2697 = ORIENTED_EDGE ( 'NONE', *, *, #3170, .T. ) ;
#2698 = CARTESIAN_POINT ( 'NONE',  ( -0.5470393391602383915, 0.7699999999999997957, 1.152575034076662730 ) ) ;
#2699 = CARTESIAN_POINT ( 'NONE',  ( 1.019698025088904059, 0.7599999999999997868, 0.9577215403777638025 ) ) ;
#2700 = CARTESIAN_POINT ( 'NONE',  ( 1.179574201693892155, 0.7699999999999997957, 1.324290092696827514 ) ) ;
#2701 = CARTESIAN_POINT ( 'NONE',  ( -2.450000000000001066, 0.4999999999999997780, -2.600000000000000089 ) ) ;
#2702 = VERTEX_POINT ( 'NONE', #1251 ) ;
#2703 = B_SPLINE_SURFACE_WITH_KNOTS ( 'NONE', 3, 1, ( 
 ( #1383, #5100 ),
 ( #2749, #4622 ),
 ( #3162, #386 ),
 ( #1901, #1807 ),
 ( #5039, #451 ),
 ( #2811, #36 ),
 ( #3710, #3223 ),
 ( #931, #2780 ),
 ( #482, #5590 ),
 ( #2324, #4980 ),
 ( #4165, #1869 ),
 ( #5557, #838 ),
 ( #2230, #4071 ),
 ( #4651, #5909 ),
 ( #5013, #1776 ),
 ( #5460, #875 ),
 ( #2717, #4562 ),
 ( #3827, #101 ),
 ( #1987, #124 ) ),
 .UNSPECIFIED., .F., .F., .F.,
 ( 4, 1, 1, 1, 1, 1, 1, 1, 1, 1, 1, 1, 1, 1, 1, 1, 4 ),
 ( 2, 2 ),
 ( 0.000000000000000000, 0.05626024550121244694, 0.1101888465836364794, 0.1622142950642351256, 0.2132457486123434665, 0.2641976702788326747, 0.3159887361148761009, 0.3696828699762143566, 0.4256433014053899733, 0.4843914996778075910, 0.5458132689358980993, 0.6108320863119904853, 0.6795733954109584030, 0.7524521107402442066, 0.8301237238864855872, 0.9125582863300498726, 1.000000000000000000 ),
 ( 0.000000000000000000, 1.000000000000000000 ),
 .UNSPECIFIED. ) ;
#2704 = LINE ( 'NONE', #793, #2971 ) ;
#2705 = ORIENTED_EDGE ( 'NONE', *, *, #2177, .F. ) ;
#2706 = CARTESIAN_POINT ( 'NONE',  ( -0.4581059576621213103, 0.7599999999999996758, 1.060511065528261909 ) ) ;
#2707 = EDGE_CURVE ( 'NONE', #407, #5428, #4816, .T. ) ;
#2708 = CARTESIAN_POINT ( 'NONE',  ( 1.316387195121951681, 0.7699999999999997957, 0.6878048780487808767 ) ) ;
#2709 = CARTESIAN_POINT ( 'NONE',  ( 0.7855272838427930227, 0.7599999999999997868, 0.8958051436348142271 ) ) ;
#2710 = ORIENTED_EDGE ( 'NONE', *, *, #1550, .F. ) ;
#2711 = CARTESIAN_POINT ( 'NONE',  ( 0.6376500961620604757, 0.7599999999999997868, -1.344444174494791033 ) ) ;
#2712 = CARTESIAN_POINT ( 'NONE',  ( 0.9158615049492159210, 0.7599999999999994538, 1.099909194300613180 ) ) ;
#2713 = ORIENTED_EDGE ( 'NONE', *, *, #2410, .T. ) ;
#2714 = EDGE_CURVE ( 'NONE', #5012, #5066, #2159, .T. ) ;
#2715 = ORIENTED_EDGE ( 'NONE', *, *, #1656, .T. ) ;
#2716 = VERTEX_POINT ( 'NONE', #3912 ) ;
#2718 = FACE_OUTER_BOUND ( 'NONE', #1855, .T. ) ;
#2717 = CARTESIAN_POINT ( 'NONE',  ( 1.607324919583361655, 0.7599999999999997868, 1.099909194300613846 ) ) ;
#2719 = CARTESIAN_POINT ( 'NONE',  ( -0.7417111280487800329, 0.7599999999999997868, 1.412195121951219878 ) ) ;
#2720 = PLANE ( 'NONE',  #5950 ) ;
#2721 = DIRECTION ( 'NONE',  ( -0.2749134163543398013, 0.000000000000000000, -0.9614689872837216544 ) ) ;
#2722 = ADVANCED_FACE ( 'NONE', ( #4841 ), #1782, .T. ) ;
#2723 = CARTESIAN_POINT ( 'NONE',  ( 0.3237804878048783919, 0.7699999999999997957, 1.067492378048780610 ) ) ;
#2724 = CARTESIAN_POINT ( 'NONE',  ( 0.4693426150574091515, 0.7599999999999997868, 0.8346021721491954093 ) ) ;
#2725 = B_SPLINE_CURVE_WITH_KNOTS ( 'NONE', 3,
 ( #4418, #4927, #5803, #4898, #759, #4450, #1988, #308, #3828, #1692, #3535 ),
 .UNSPECIFIED., .F., .F.,
 ( 4, 1, 1, 1, 1, 1, 1, 1, 4 ),
 ( 0.000000000000000000, 0.1577982071812359666, 0.3061917210691619262, 0.4436485036788491709, 0.5722006579886239619, 0.6915189310245573040, 0.8019275491415323032, 0.9051355876168549752, 0.9999999999999998890 ),
 .UNSPECIFIED. ) ;
#2726 = DIRECTION ( 'NONE',  ( 0.000000000000000000, 0.000000000000000000, 1.000000000000000000 ) ) ;
#2727 = EDGE_CURVE ( 'NONE', #3749, #4147, #3430, .T. ) ;
#2728 = ORIENTED_EDGE ( 'NONE', *, *, #2808, .T. ) ;
#2729 = CARTESIAN_POINT ( 'NONE',  ( -0.7631478658536581250, 0.7699999999999997957, 1.050000000000000488 ) ) ;
#2730 = FACE_OUTER_BOUND ( 'NONE', #3181, .T. ) ;
#2731 = CARTESIAN_POINT ( 'NONE',  ( -0.4554878048780484079, 0.7599999999999997868, 0.5999999999999998668 ) ) ;
#2732 = DIRECTION ( 'NONE',  ( -1.000000000000000000, 0.000000000000000000, 1.371514608929231637E-14 ) ) ;
#2733 = ADVANCED_FACE ( 'NONE', ( #315 ), #737, .T. ) ;
#2734 = APPROVAL ( #4800, '未指定' ) ;
#2735 = DIRECTION ( 'NONE',  ( -1.000000000000000000, 0.000000000000000000, 1.566985558428477550E-14 ) ) ;
#2736 = ORIENTED_EDGE ( 'NONE', *, *, #4682, .F. ) ;
#2737 = CARTESIAN_POINT ( 'NONE',  ( -0.5936554385584250637, 0.7599999999999996758, 0.9683237404887772293 ) ) ;
#2738 = EDGE_CURVE ( 'NONE', #497, #4065, #5872, .T. ) ;
#2739 = CARTESIAN_POINT ( 'NONE',  ( 0.3673575861434488776, 0.7599999999999997868, 0.7785722335076150635 ) ) ;
#2740 = EDGE_CURVE ( 'NONE', #3673, #1837, #1739, .T. ) ;
#2741 = LINE ( 'NONE', #5427, #4105 ) ;
#2742 = ORIENTED_EDGE ( 'NONE', *, *, #5785, .T. ) ;
#2743 = CYLINDRICAL_SURFACE ( 'NONE', #750, 0.4808357018628978685 ) ;
#2744 = FACE_OUTER_BOUND ( 'NONE', #5692, .T. ) ;
#2745 = VECTOR ( 'NONE', #4607, 1000.000000000000000 ) ;
#2746 = ORIENTED_EDGE ( 'NONE', *, *, #1404, .F. ) ;
#2747 = VERTEX_POINT ( 'NONE', #5783 ) ;
#2748 = ORIENTED_EDGE ( 'NONE', *, *, #4935, .T. ) ;
#2750 = PLANE ( 'NONE',  #2379 ) ;
#2749 = CARTESIAN_POINT ( 'NONE',  ( 1.314068373535224765, 0.7599999999999997868, 1.510634158454858156 ) ) ;
#2751 = CARTESIAN_POINT ( 'NONE',  ( -0.4788525076376887735, 0.7599999999999997868, 1.410700096952532512 ) ) ;
#2752 = CARTESIAN_POINT ( 'NONE',  ( -1.014160713550104953, 0.7699999999999997957, -1.446262896613181193 ) ) ;
#2753 = LINE ( 'NONE', #2364, #5665 ) ;
#2754 = EDGE_CURVE ( 'NONE', #2716, #1450, #208, .T. ) ;
#2755 = VECTOR ( 'NONE', #2631, 1000.000000000000114 ) ;
#2756 = CARTESIAN_POINT ( 'NONE',  ( -0.9274390243902435049, 0.7699999999999997957, 1.365548780487805258 ) ) ;
#2757 = CARTESIAN_POINT ( 'NONE',  ( -2.450000000000001066, 0.4999999999999997780, -7.507433137598514605 ) ) ;
#2758 = CARTESIAN_POINT ( 'NONE',  ( 0.5610185120179576046, 0.7699999999999997957, 0.5958635433812360382 ) ) ;
#2759 = LINE ( 'NONE', #1364, #4283 ) ;
#2760 = ORIENTED_EDGE ( 'NONE', *, *, #747, .T. ) ;
#2761 = DIRECTION ( 'NONE',  ( -1.000000000000000000, -0.000000000000000000, -0.000000000000000000 ) ) ;
#2762 = EDGE_CURVE ( 'NONE', #1697, #5047, #711, .T. ) ;
#2763 = VECTOR ( 'NONE', #5062, 1000.000000000000000 ) ;
#2764 = CARTESIAN_POINT ( 'NONE',  ( 1.162631612880145715, 0.7599999999999997868, 0.6357928102497442113 ) ) ;
#2765 = VERTEX_POINT ( 'NONE', #5811 ) ;
#2766 = CARTESIAN_POINT ( 'NONE',  ( -0.2140243902439024626, 0.7599999999999997868, 1.499999999999999556 ) ) ;
#2767 = LINE ( 'NONE', #5606, #58 ) ;
#2768 = CARTESIAN_POINT ( 'NONE',  ( 1.518570104816572730, 0.7699999999999997957, 0.6763580223664809044 ) ) ;
#2769 = VERTEX_POINT ( 'NONE', #2926 ) ;
#2770 = FACE_OUTER_BOUND ( 'NONE', #3149, .T. ) ;
#2771 = DIRECTION ( 'NONE',  ( 0.000000000000000000, -0.000000000000000000, 1.000000000000000000 ) ) ;
#2772 = CARTESIAN_POINT ( 'NONE',  ( 0.6318688089915143191, 0.7599999999999997868, 0.6880172914037872012 ) ) ;
#2773 = VERTEX_POINT ( 'NONE', #2977 ) ;
#2774 = CARTESIAN_POINT ( 'NONE',  ( -1.421341463414633077, 0.7699999999999997957, 1.104878048780488120 ) ) ;
#2775 = PLANE ( 'NONE',  #5254 ) ;
#2776 = VECTOR ( 'NONE', #4544, 1000.000000000000114 ) ;
#2777 = EDGE_LOOP ( 'NONE', ( #1804, #1409, #5072, #2048, #976, #4004, #1836, #3964, #1157, #1369, #4601, #3888, #4458, #1412, #3906, #4276, #350, #4871, #2392, #3695, #3845, #3510, #100, #413, #4281, #4241, #2953, #5695, #1655, #4556, #3804, #5268, #1352, #4497, #4627, #1271, #141, #4836, #4586, #4370, #416, #3059 ) ) ;
#2778 = ORIENTED_EDGE ( 'NONE', *, *, #3586, .F. ) ;
#2779 = VERTEX_POINT ( 'NONE', #3855 ) ;
#2781 = CARTESIAN_POINT ( 'NONE',  ( 2.449999999999999289, 0.4999999999999997780, -2.600000000000000089 ) ) ;
#2780 = CARTESIAN_POINT ( 'NONE',  ( 1.484003219639211890, 0.7699999999999997957, 1.443968577453645930 ) ) ;
#2782 = ADVANCED_FACE ( 'NONE', ( #4431 ), #2652, .T. ) ;
#2783 = AXIS2_PLACEMENT_3D ( 'NONE', #1019, #5245, #1078 ) ;
#2784 = CARTESIAN_POINT ( 'NONE',  ( -0.7496057053338414100, 0.7699999999999997957, 1.412079978315272211 ) ) ;
#2785 = CARTESIAN_POINT ( 'NONE',  ( 1.279714504865973490, 0.7599999999999997868, -0.4839251295229604621 ) ) ;
#2786 = ORIENTED_EDGE ( 'NONE', *, *, #5294, .F. ) ;
#2787 = CARTESIAN_POINT ( 'NONE',  ( 0.5009748782750979013, 0.7599999999999997868, 0.7597213549554092671 ) ) ;
#2788 = CARTESIAN_POINT ( 'NONE',  ( 3.103553390593273953, 0.2499999999999997780, 2.600000000000000089 ) ) ;
#2789 = ADVANCED_FACE ( 'NONE', ( #4311 ), #1162, .T. ) ;
#2790 = CARTESIAN_POINT ( 'NONE',  ( 0.5009748782750979013, 0.7699999999999997957, 0.7597213549554092671 ) ) ;
#2791 = CARTESIAN_POINT ( 'NONE',  ( 1.169443403010015148, 0.7599999999999997868, -0.8657939609684663917 ) ) ;
#2792 = CARTESIAN_POINT ( 'NONE',  ( 1.470735379697869716, 0.7599999999999995648, 1.243208928491642551 ) ) ;
#2793 = EDGE_LOOP ( 'NONE', ( #4003, #2611, #508, #969 ) ) ;
#2794 = AXIS2_PLACEMENT_3D ( 'NONE', #3364, #1071, #2914 ) ;
#2795 = CARTESIAN_POINT ( 'NONE',  ( 0.3237804878048783919, 0.7599999999999995648, 1.067492378048780610 ) ) ;
#2796 = CARTESIAN_POINT ( 'NONE',  ( 2.926776695296636976, 0.07322330470336310682, -2.600000000000000089 ) ) ;
#2797 = ORIENTED_EDGE ( 'NONE', *, *, #2078, .F. ) ;
#2798 = CARTESIAN_POINT ( 'NONE',  ( -3.082842712474619162, 0.2699999999999987965, 2.600000000000000089 ) ) ;
#2799 = CARTESIAN_POINT ( 'NONE',  ( -0.4306485298155332542, 0.7599999999999997868, -0.8557455865011125429 ) ) ;
#2800 = ORIENTED_EDGE ( 'NONE', *, *, #195, .T. ) ;
#2801 = CARTESIAN_POINT ( 'NONE',  ( -1.421341463414633077, 0.7699999999999997957, 1.500000000000000444 ) ) ;
#2802 = DIRECTION ( 'NONE',  ( 0.000000000000000000, 0.000000000000000000, 1.000000000000000000 ) ) ;
#2803 = DIRECTION ( 'NONE',  ( -0.000000000000000000, -1.000000000000000000, -0.000000000000000000 ) ) ;
#2804 = EDGE_LOOP ( 'NONE', ( #1009, #2130, #2686, #582 ) ) ;
#2805 = CARTESIAN_POINT ( 'NONE',  ( 1.205783743503096250, 0.7699999999999997957, 0.7405248105775111833 ) ) ;
#2806 = VECTOR ( 'NONE', #1308, 1000.000000000000000 ) ;
#2807 = CARTESIAN_POINT ( 'NONE',  ( -2.926776695296636976, 0.07322330470336310682, -2.600000000000000089 ) ) ;
#2808 = EDGE_CURVE ( 'NONE', #831, #5428, #2045, .T. ) ;
#2809 = ORIENTED_EDGE ( 'NONE', *, *, #1060, .F. ) ;
#2810 = VERTEX_POINT ( 'NONE', #3968 ) ;
#2812 = DIRECTION ( 'NONE',  ( -1.000000000000000000, 0.000000000000000000, 8.557733870429801020E-15 ) ) ;
#2811 = CARTESIAN_POINT ( 'NONE',  ( 1.431439654878425394, 0.7599999999999997868, 1.481776778436066255 ) ) ;
#2813 = AXIS2_PLACEMENT_3D ( 'NONE', #3322, #4268, #3689 ) ;
#2814 = EDGE_CURVE ( 'NONE', #1396, #1678, #1647, .T. ) ;
#2815 = CARTESIAN_POINT ( 'NONE',  ( -0.8588538019842208993, 0.7699999999999997957, 1.394262105301291577 ) ) ;
#2816 = EDGE_CURVE ( 'NONE', #448, #5781, #5031, .T. ) ;
#2817 = CARTESIAN_POINT ( 'NONE',  ( 1.220299678403480081, 0.7699999999999997957, 0.6051682785941018272 ) ) ;
#2818 = ORGANIZATION ( '未指定', '未指定', '' ) ;
#2819 = ORIENTED_EDGE ( 'NONE', *, *, #4851, .T. ) ;
#2820 = EDGE_CURVE ( 'NONE', #4420, #1806, #3036, .T. ) ;
#2821 = DIRECTION ( 'NONE',  ( 1.000000000000000000, 0.000000000000000000, -1.412752671426317870E-14 ) ) ;
#2822 = CARTESIAN_POINT ( 'NONE',  ( -0.8452613603706010670, 0.7599999999999997868, -0.6782251010014367365 ) ) ;
#2823 = CARTESIAN_POINT ( 'NONE',  ( -1.014160713550104953, 0.7599999999999997868, -1.168135470357039685 ) ) ;
#2824 = DIRECTION ( 'NONE',  ( 0.000000000000000000, 0.000000000000000000, 1.000000000000000000 ) ) ;
#2825 = CARTESIAN_POINT ( 'NONE',  ( 1.353773506337060839, 0.7699999999999997957, 1.407269830831566537 ) ) ;
#2826 = EDGE_LOOP ( 'NONE', ( #1246, #1468, #709, #1381 ) ) ;
#2827 = CARTESIAN_POINT ( 'NONE',  ( 1.456428610911932431, 0.7599999999999997868, -1.503873276446018314 ) ) ;
#2828 = CARTESIAN_POINT ( 'NONE',  ( 1.208343980335706336, 0.7599999999999997868, 1.495735846669839608 ) ) ;
#2829 = VERTEX_POINT ( 'NONE', #866 ) ;
#2830 = CARTESIAN_POINT ( 'NONE',  ( 0.3512998121464835921, 0.7599999999999997868, -1.025179901899914370 ) ) ;
#2831 = VECTOR ( 'NONE', #3777, 1000.000000000000114 ) ;
#2832 = CARTESIAN_POINT ( 'NONE',  ( 0.3237804878048783919, 0.7699999999999997957, 1.067492378048780610 ) ) ;
#2833 = ORIENTED_EDGE ( 'NONE', *, *, #3173, .T. ) ;
#2834 = DIRECTION ( 'NONE',  ( -0.07419174491480191869, 0.000000000000000000, 0.9972439947106711555 ) ) ;
#2835 = CARTESIAN_POINT ( 'NONE',  ( 0.5610185120179576046, 0.7599999999999997868, 0.5958635433812360382 ) ) ;
#2836 = EDGE_CURVE ( 'NONE', #733, #1355, #2223, .T. ) ;
#2837 = CARTESIAN_POINT ( 'NONE',  ( 0.6376500961620604757, 0.7699999999999997957, -1.199375013914682153 ) ) ;
#2838 = ORIENTED_EDGE ( 'NONE', *, *, #242, .T. ) ;
#2839 = CARTESIAN_POINT ( 'NONE',  ( -0.6667238358217077998, 0.7599999999999997868, 1.506546967184491770 ) ) ;
#2840 = EDGE_CURVE ( 'NONE', #1619, #2769, #2741, .T. ) ;
#2841 = EDGE_LOOP ( 'NONE', ( #5793, #2252, #3485, #5492 ) ) ;
#2843 = CARTESIAN_POINT ( 'NONE',  ( -1.495932705746873648, 0.7599999999999997868, -1.649203034048184691 ) ) ;
#2842 = CARTESIAN_POINT ( 'NONE',  ( -0.9104735774180996444, 0.7599999999999997868, 1.484634929151850802 ) ) ;
#2844 = CIRCLE ( 'NONE', #3982, 0.4808357018628978685 ) ;
#2845 = CARTESIAN_POINT ( 'NONE',  ( -0.9049090832775932292, 0.7699999999999997957, 1.376757525261209425 ) ) ;
#2846 = CARTESIAN_POINT ( 'NONE',  ( 1.190453123164000537, 0.7599999999999992317, 0.6187485234774025011 ) ) ;
#2847 = ORIENTED_EDGE ( 'NONE', *, *, #1925, .F. ) ;
#2848 = LINE ( 'NONE', #4685, #1539 ) ;
#2849 = CARTESIAN_POINT ( 'NONE',  ( 0.4598611446829223293, 0.7599999999999997868, -1.025179901899862855 ) ) ;
#2850 = ADVANCED_FACE ( 'NONE', ( #316 ), #1730, .T. ) ;
#2851 = CARTESIAN_POINT ( 'NONE',  ( 2.449999999999999289, 0.7699999999999997957, -2.600000000000000089 ) ) ;
#2852 = CARTESIAN_POINT ( 'NONE',  ( 0.5143203288689505159, 0.7599999999999997868, 0.7405248105775110723 ) ) ;
#2853 = CARTESIAN_POINT ( 'NONE',  ( -0.5324383211791375858, 0.7599999999999997868, 1.220337464806928063 ) ) ;
#2854 = CARTESIAN_POINT ( 'NONE',  ( 1.486825452789038549, 0.7599999999999995648, 1.098383957097402774 ) ) ;
#2855 = ORIENTED_EDGE ( 'NONE', *, *, #572, .T. ) ;
#2856 = CARTESIAN_POINT ( 'NONE',  ( 0.4633412615310821825, 0.7599999999999995648, 1.467228091517889910 ) ) ;
#2857 = CARTESIAN_POINT ( 'NONE',  ( 1.089560236352202338, 0.7599999999999997868, 1.397450393303448113 ) ) ;
#2858 = CARTESIAN_POINT ( 'NONE',  ( 1.487077850690338598, 0.7699999999999997957, 1.041308041637374560 ) ) ;
#2859 = DIRECTION ( 'NONE',  ( 0.000000000000000000, 1.000000000000000000, 0.000000000000000000 ) ) ;
#2860 = ORIENTED_EDGE ( 'NONE', *, *, #894, .F. ) ;
#2861 = CARTESIAN_POINT ( 'NONE',  ( -1.293224430140064829, 0.7599999999999997868, -1.649203034048186467 ) ) ;
#2862 = EDGE_CURVE ( 'NONE', #2913, #2773, #2413, .T. ) ;
#2863 = VECTOR ( 'NONE', #4812, 1000.000000000000000 ) ;
#2864 = CARTESIAN_POINT ( 'NONE',  ( -1.014160713550104953, 0.7699999999999997957, -1.168135470357039685 ) ) ;
#2865 = CARTESIAN_POINT ( 'NONE',  ( -5.000000000000000000, 0.000000000000000000, 2.600000000000000089 ) ) ;
#2866 = VERTEX_POINT ( 'NONE', #4614 ) ;
#2867 = CARTESIAN_POINT ( 'NONE',  ( -0.4455443046470929369, 0.7599999999999997868, 1.363974623253687790 ) ) ;
#2868 = B_SPLINE_CURVE_WITH_KNOTS ( 'NONE', 3,
 ( #3762, #1860, #5090, #5122, #26, #983, #2409, #504, #1403, #1891, #3305, #559, #588, #2434, #91, #3786, #533, #4702, #2378 ),
 .UNSPECIFIED., .F., .F.,
 ( 4, 1, 1, 1, 1, 1, 1, 1, 1, 1, 1, 1, 1, 1, 1, 1, 4 ),
 ( 0.000000000000000000, 0.06488527681657779711, 0.1271384161393487588, 0.1873270973904664349, 0.2461955700795510626, 0.3038706566704955647, 0.3616887795469060363, 0.4199839335589396483, 0.4796231941939221310, 0.5398249918547916026, 0.6002412912934530498, 0.6615031316206386736, 0.7239598388480764646, 0.7888282650204220259, 0.8559495557432337254, 0.9264211154567252304, 1.000000000000000000 ),
 .UNSPECIFIED. ) ;
#2869 = VERTEX_POINT ( 'NONE', #3764 ) ;
#2871 = LINE ( 'NONE', #965, #4778 ) ;
#2870 = PLANE ( 'NONE',  #92 ) ;
#2872 = AXIS2_PLACEMENT_3D ( 'NONE', #3176, #3629, #3662 ) ;
#2873 = CARTESIAN_POINT ( 'NONE',  ( 1.607926829268293334, 0.7599999999999997868, 1.046227134146341831 ) ) ;
#2874 = CARTESIAN_POINT ( 'NONE',  ( 1.074683726020972729, 0.7599999999999992317, 0.7426311483829046711 ) ) ;
#2875 = VECTOR ( 'NONE', #968, 1000.000000000000000 ) ;
#2876 = VERTEX_POINT ( 'NONE', #3702 ) ;
#2877 = LINE ( 'NONE', #4657, #2319 ) ;
#2878 = AXIS2_PLACEMENT_3D ( 'NONE', #948, #2339, #4180 ) ;
#2879 = CARTESIAN_POINT ( 'NONE',  ( 0.9124227455454579916, 0.7600000000000000089, 0.9401460629065306884 ) ) ;
#2880 = CARTESIAN_POINT ( 'NONE',  ( 0.6226049589010783647, 0.7599999999999994538, 1.510634158454857934 ) ) ;
#2881 = CARTESIAN_POINT ( 'NONE',  ( 0.4598611446829223293, 0.7599999999999997868, -1.352008014715327722 ) ) ;
#2882 = CARTESIAN_POINT ( 'NONE',  ( 1.444211165211860992, 0.7599999999999995648, 1.322746769008861012 ) ) ;
#2883 = ORIENTED_EDGE ( 'NONE', *, *, #4273, .F. ) ;
#2884 = DIRECTION ( 'NONE',  ( 1.000000000000000000, 0.000000000000000000, -0.000000000000000000 ) ) ;
#2885 = CARTESIAN_POINT ( 'NONE',  ( 0.000000000000000000, 0.7599999999999997868, -0.1256921763512657830 ) ) ;
#2886 = VECTOR ( 'NONE', #2065, 1000.000000000000000 ) ;
#2887 = CARTESIAN_POINT ( 'NONE',  ( -5.000000000000000000, 0.2699999999999987965, 2.600000000000000089 ) ) ;
#2888 = DIRECTION ( 'NONE',  ( -0.7054242694070469444, 0.000000000000000000, 0.7087852990373982864 ) ) ;
#2889 = CARTESIAN_POINT ( 'NONE',  ( 1.454981639498930557, 0.7599999999999997868, 0.8049979215760431073 ) ) ;
#2890 = VECTOR ( 'NONE', #5191, 1000.000000000000000 ) ;
#2891 = DIRECTION ( 'NONE',  ( 0.9991543195835282942, 0.000000000000000000, -0.04111746171125637422 ) ) ;
#2892 = PLANE ( 'NONE',  #5359 ) ;
#2893 = EDGE_LOOP ( 'NONE', ( #2685, #3810, #40, #1365 ) ) ;
#2894 = CARTESIAN_POINT ( 'NONE',  ( -0.4115853658536580140, 0.7599999999999997868, 1.219778963414634099 ) ) ;
#2895 = VERTEX_POINT ( 'NONE', #120 ) ;
#2897 = DIRECTION ( 'NONE',  ( -0.000000000000000000, -1.000000000000000000, -0.000000000000000000 ) ) ;
#2896 = DIRECTION ( 'NONE',  ( 1.000000000000000000, 0.000000000000000000, 0.000000000000000000 ) ) ;
#2898 = EDGE_CURVE ( 'NONE', #1503, #3646, #95, .T. ) ;
#2899 = CARTESIAN_POINT ( 'NONE',  ( -1.293224430140064829, 0.7599999999999997868, -1.649203034048186467 ) ) ;
#2900 = FACE_OUTER_BOUND ( 'NONE', #4248, .T. ) ;
#2901 = ORIENTED_EDGE ( 'NONE', *, *, #4172, .F. ) ;
#2902 = ORIENTED_EDGE ( 'NONE', *, *, #3007, .F. ) ;
#2903 = CARTESIAN_POINT ( 'NONE',  ( 0.4616733179750388549, 0.7599999999999997868, 0.8653775929079333684 ) ) ;
#2904 = DATE_TIME_ROLE ( 'classification_date' ) ;
#2905 = CARTESIAN_POINT ( 'NONE',  ( 3.000000000000000000, 0.2699999999999987965, 2.600000000000000089 ) ) ;
#2906 = CARTESIAN_POINT ( 'NONE',  ( 0.3282346104547580468, 0.7699999999999997957, 0.9577215403777634695 ) ) ;
#2907 = CC_DESIGN_SECURITY_CLASSIFICATION ( #3865, ( #2513 ) ) ;
#2908 = CARTESIAN_POINT ( 'NONE',  ( 0.7953620381548925922, 0.7599999999999997868, 1.098383957097402330 ) ) ;
#2909 = VERTEX_POINT ( 'NONE', #5611 ) ;
#2910 = LINE ( 'NONE', #5709, #2571 ) ;
#2911 = CARTESIAN_POINT ( 'NONE',  ( -0.8818607780649393435, 0.7599999999999997868, 1.386055698235000744 ) ) ;
#2912 = LINE ( 'NONE', #1203, #2157 ) ;
#2913 = VERTEX_POINT ( 'NONE', #3247 ) ;
#2914 = DIRECTION ( 'NONE',  ( -1.000000000000000000, 0.000000000000000000, 1.402124967903883024E-14 ) ) ;
#2915 = B_SPLINE_SURFACE_WITH_KNOTS ( 'NONE', 3, 1, ( 
 ( #4954, #3593 ),
 ( #5770, #1174 ),
 ( #5798, #1660 ),
 ( #725, #2144 ),
 ( #5349, #815 ),
 ( #4012, #1204 ),
 ( #2176, #5440 ),
 ( #304, #361 ),
 ( #2236, #4508 ),
 ( #3047, #332 ),
 ( #4894, #3528 ),
 ( #2664, #1303 ),
 ( #5412, #3984 ),
 ( #2208, #3137 ),
 ( #3076, #5858 ),
 ( #4048, #1687 ),
 ( #755, #4922 ),
 ( #2570, #4989 ),
 ( #2602, #2117 ) ),
 .UNSPECIFIED., .F., .F., .F.,
 ( 4, 1, 1, 1, 1, 1, 1, 1, 1, 1, 1, 1, 1, 1, 1, 1, 4 ),
 ( 2, 2 ),
 ( 0.000000000000000000, 0.09697942603676404372, 0.1881792242325920905, 0.2729478490636775834, 0.3518960118323618547, 0.4254998963396902645, 0.4932977494323596002, 0.5564930178660324467, 0.6144896589205335324, 0.6688315566574661863, 0.7193994760383194409, 0.7674305292249515853, 0.8133638072036849520, 0.8583580849957380687, 0.9039393915510371968, 0.9508273802187597878, 0.9999999999999998890 ),
 ( 0.000000000000000000, 1.000000000000000000 ),
 .UNSPECIFIED. ) ;
#2916 = LINE ( 'NONE', #5123, #2642 ) ;
#2917 = ADVANCED_FACE ( 'NONE', ( #2436 ), #1044, .T. ) ;
#2918 = ADVANCED_FACE ( 'NONE', ( #535 ), #2892, .T. ) ;
#2919 = CARTESIAN_POINT ( 'NONE',  ( 2.449999999999999289, 0.4999999999999997780, 2.600000000000000089 ) ) ;
#2920 = ORIENTED_EDGE ( 'NONE', *, *, #5680, .F. ) ;
#2921 = EDGE_CURVE ( 'NONE', #1733, #1679, #1467, .T. ) ;
#2922 = CARTESIAN_POINT ( 'NONE',  ( 1.136102573135109317, 0.7699999999999997957, 1.046910941819221508 ) ) ;
#2923 = ORIENTED_EDGE ( 'NONE', *, *, #4596, .F. ) ;
#2925 = FACE_OUTER_BOUND ( 'NONE', #1618, .T. ) ;
#2924 = DIRECTION ( 'NONE',  ( 0.000000000000000000, 0.000000000000000000, 1.000000000000000000 ) ) ;
#2926 = CARTESIAN_POINT ( 'NONE',  ( -0.4306485298155332542, 0.7699999999999997957, -0.8557455865011125429 ) ) ;
#2927 = CARTESIAN_POINT ( 'NONE',  ( 1.025756460060380348, 0.7699999999999997957, 0.9076161350652370841 ) ) ;
#2928 = VERTEX_POINT ( 'NONE', #62 ) ;
#2929 = ORIENTED_EDGE ( 'NONE', *, *, #4002, .T. ) ;
#2930 = DIRECTION ( 'NONE',  ( -0.000000000000000000, 1.000000000000000000, -0.000000000000000000 ) ) ;
#2931 = APPLICATION_PROTOCOL_DEFINITION ( 'international standard', 'config_control_design', 1994, #4413 ) ;
#2932 = VECTOR ( 'NONE', #17, 1000.000000000000114 ) ;
#2933 = CARTESIAN_POINT ( 'NONE',  ( 3.103553390593273953, 0.2499999999999997780, -2.600000000000000089 ) ) ;
#2934 = LINE ( 'NONE', #188, #1254 ) ;
#2935 = CARTESIAN_POINT ( 'NONE',  ( 0.7139729578131260856, 0.7599999999999997868, 1.377547199774412867 ) ) ;
#2936 = ORIENTED_EDGE ( 'NONE', *, *, #2987, .F. ) ;
#2937 = CARTESIAN_POINT ( 'NONE',  ( -0.5936554385584250637, 0.7699999999999997957, 0.9683237404887772293 ) ) ;
#2938 = VECTOR ( 'NONE', #5804, 1000.000000000000000 ) ;
#2939 = CARTESIAN_POINT ( 'NONE',  ( -0.9198821243910434431, 0.7599999999999997868, 1.369308371467011787 ) ) ;
#2940 = CARTESIAN_POINT ( 'NONE',  ( 5.000000000000000000, 0.2699999999999987965, 2.600000000000000089 ) ) ;
#2941 = ORIENTED_EDGE ( 'NONE', *, *, #4528, .T. ) ;
#2942 = CARTESIAN_POINT ( 'NONE',  ( 0.7853832330778289794, 0.7699999999999997957, 1.211187042981139328 ) ) ;
#2943 = LINE ( 'NONE', #4832, #1906 ) ;
#2944 = CARTESIAN_POINT ( 'NONE',  ( 1.322560975609756273, 0.7599999999999994538, 0.5890243902439028512 ) ) ;
#2945 = PLANE ( 'NONE',  #1985 ) ;
#2946 = ORIENTED_EDGE ( 'NONE', *, *, #5102, .T. ) ;
#2947 = CARTESIAN_POINT ( 'NONE',  ( 1.312957317073170982, 0.7699999999999997957, 1.412195121951219656 ) ) ;
#2948 = VECTOR ( 'NONE', #387, 1000.000000000000000 ) ;
#2949 = ORIENTED_EDGE ( 'NONE', *, *, #2613, .T. ) ;
#2950 = DIRECTION ( 'NONE',  ( 0.000000000000000000, -0.000000000000000000, 1.000000000000000000 ) ) ;
#2951 = DIRECTION ( 'NONE',  ( -1.000000000000000000, 0.000000000000000000, 0.000000000000000000 ) ) ;
#2952 = CARTESIAN_POINT ( 'NONE',  ( -0.9164634146341458232, 0.7699999999999997957, 1.057545731707317582 ) ) ;
#2953 = ORIENTED_EDGE ( 'NONE', *, *, #1229, .F. ) ;
#2954 = ORIENTED_EDGE ( 'NONE', *, *, #5282, .T. ) ;
#2956 = CARTESIAN_POINT ( 'NONE',  ( 0.3512998121464835921, 0.7699999999999997957, -1.364542048095912063 ) ) ;
#2955 = DIRECTION ( 'NONE',  ( -0.000000000000000000, 1.000000000000000000, -0.000000000000000000 ) ) ;
#2957 = EDGE_CURVE ( 'NONE', #3227, #4620, #3788, .T. ) ;
#2958 = CARTESIAN_POINT ( 'NONE',  ( 0.3237804878048783919, 0.7599999999999997868, 1.067492378048780610 ) ) ;
#2959 = CARTESIAN_POINT ( 'NONE',  ( 1.419719812828704741, 0.7599999999999997868, 1.362032257151438053 ) ) ;
#2960 = VECTOR ( 'NONE', #2884, 1000.000000000000000 ) ;
#2961 = ORIENTED_EDGE ( 'NONE', *, *, #4757, .F. ) ;
#2962 = CARTESIAN_POINT ( 'NONE',  ( -0.4118679351539875633, 0.7699999999999997957, 1.209478715188214260 ) ) ;
#2963 = VECTOR ( 'NONE', #4439, 1000.000000000000000 ) ;
#2964 = EDGE_CURVE ( 'NONE', #3345, #5130, #4188, .T. ) ;
#2965 = CARTESIAN_POINT ( 'NONE',  ( 1.310417347678849209, 0.7699999999999997957, 0.5893601969794540762 ) ) ;
#2966 = ORIENTED_EDGE ( 'NONE', *, *, #5138, .T. ) ;
#2967 = LINE ( 'NONE', #4809, #4137 ) ;
#2968 = EDGE_CURVE ( 'NONE', #824, #2779, #1895, .T. ) ;
#2969 = LINE ( 'NONE', #2542, #455 ) ;
#2970 = CARTESIAN_POINT ( 'NONE',  ( 1.607493127413496703, 0.7599999999999994538, 0.9919800281037857159 ) ) ;
#2971 = VECTOR ( 'NONE', #1313, 1000.000000000000000 ) ;
#2972 = CARTESIAN_POINT ( 'NONE',  ( -1.421341463414633077, 0.7599999999999997868, -7.507433137598514605 ) ) ;
#2973 = ORIENTED_EDGE ( 'NONE', *, *, #1903, .F. ) ;
#2974 = LINE ( 'NONE', #4814, #3748 ) ;
#2975 = ORIENTED_EDGE ( 'NONE', *, *, #2278, .F. ) ;
#2976 = CARTESIAN_POINT ( 'NONE',  ( 0.3237804878048783919, 0.7699999999999997957, 1.067492378048780610 ) ) ;
#2977 = CARTESIAN_POINT ( 'NONE',  ( 0.6376500961620604757, 0.7699999999999997957, -1.344444174494791033 ) ) ;
#2978 = CARTESIAN_POINT ( 'NONE',  ( 1.136102573135109317, 0.7599999999999997868, 1.046910941819221508 ) ) ;
#2979 = ADVANCED_FACE ( 'NONE', ( #4734 ), #5517, .F. ) ;
#2980 = CARTESIAN_POINT ( 'NONE',  ( 1.316387195121951681, 0.7699999999999997957, 0.6878048780487808767 ) ) ;
#2981 = ORIENTED_EDGE ( 'NONE', *, *, #2740, .T. ) ;
#2982 = VERTEX_POINT ( 'NONE', #5636 ) ;
#2984 = CARTESIAN_POINT ( 'NONE',  ( 0.7281131775591043187, 0.7599999999999997868, 0.6043087540839103822 ) ) ;
#2983 = DIRECTION ( 'NONE',  ( -1.000000000000000000, 0.000000000000000000, 0.000000000000000000 ) ) ;
#2985 = PERSON_AND_ORGANIZATION_ROLE ( 'design_supplier' ) ;
#2986 = APPROVAL ( #2424, '未指定' ) ;
#2987 = EDGE_CURVE ( 'NONE', #1570, #1430, #4674, .T. ) ;
#2988 = CARTESIAN_POINT ( 'NONE',  ( 0.4459131941693963430, 0.7699999999999997957, 0.6570535513085223878 ) ) ;
#2989 = CARTESIAN_POINT ( 'NONE',  ( 0.6623100917029141055, 0.7599999999999997868, 1.407269830831566093 ) ) ;
#2990 = ORIENTED_EDGE ( 'NONE', *, *, #1470, .F. ) ;
#2991 = EDGE_CURVE ( 'NONE', #3853, #872, #4253, .T. ) ;
#2992 = CARTESIAN_POINT ( 'NONE',  ( -0.6233411223813205559, 0.7699999999999997957, 0.9606536869915542898 ) ) ;
#2993 = CARTESIAN_POINT ( 'NONE',  ( -1.277363294386776094, 0.7599999999999997868, -1.258020211424588419 ) ) ;
#2994 = VERTEX_POINT ( 'NONE', #2316 ) ;
#2995 = CARTESIAN_POINT ( 'NONE',  ( -2.450000000000001066, 0.7599999999999997868, 0.6987804878048793356 ) ) ;
#2996 = PLANE ( 'NONE',  #3340 ) ;
#2997 = CARTESIAN_POINT ( 'NONE',  ( 1.590675501332365904, 0.7599999999999994538, 0.8471464229908021171 ) ) ;
#2998 = CARTESIAN_POINT ( 'NONE',  ( -0.5324383211791375858, 0.7599999999999997868, 1.220337464806928063 ) ) ;
#2999 = ORIENTED_EDGE ( 'NONE', *, *, #2255, .T. ) ;
#3000 = DIRECTION ( 'NONE',  ( 1.000000000000000000, 0.000000000000000000, 0.000000000000000000 ) ) ;
#3001 = CARTESIAN_POINT ( 'NONE',  ( 1.603518330732012442, 0.7599999999999997868, 1.151442428464635404 ) ) ;
#3002 = ADVANCED_FACE ( 'NONE', ( #3279 ), #5969, .F. ) ;
#3003 = ORIENTED_EDGE ( 'NONE', *, *, #99, .F. ) ;
#3004 = DIRECTION ( 'NONE',  ( -0.000000000000000000, 1.000000000000000000, -0.000000000000000000 ) ) ;
#3005 = CARTESIAN_POINT ( 'NONE',  ( -0.5646711590968089833, 0.7699999999999997957, 1.334407774212510001 ) ) ;
#3006 = CARTESIAN_POINT ( 'NONE',  ( 0.6651579454439657813, 0.7699999999999997957, 0.5898206575037093780 ) ) ;
#3007 = EDGE_CURVE ( 'NONE', #3107, #767, #1832, .T. ) ;
#3008 = CARTESIAN_POINT ( 'NONE',  ( 1.015441221649166836, 0.7599999999999992317, 1.048392383769221725 ) ) ;
#3009 = EDGE_LOOP ( 'NONE', ( #2099, #4759, #256, #2736, #2154, #3065, #694, #1762, #1402, #4929 ) ) ;
#3010 = ORIENTED_EDGE ( 'NONE', *, *, #1731, .T. ) ;
#3012 = CARTESIAN_POINT ( 'NONE',  ( -0.6233411223813205559, 0.7599999999999997868, 0.9606536869915542898 ) ) ;
#3011 = CARTESIAN_POINT ( 'NONE',  ( -0.8806091538170995880, 0.7599999999999997868, 1.054014657109898723 ) ) ;
#3013 = CARTESIAN_POINT ( 'NONE',  ( -1.293224430140345715, 0.7599999999999997868, -0.7765663011559551521 ) ) ;
#3014 = CARTESIAN_POINT ( 'NONE',  ( 1.481347935278823913, 0.7599999999999997868, 1.176356560645834826 ) ) ;
#3015 = EDGE_LOOP ( 'NONE', ( #2480, #2163, #4968, #4570 ) ) ;
#3016 = DIRECTION ( 'NONE',  ( -1.000000000000000000, 0.000000000000000000, -5.337216973513075420E-14 ) ) ;
#3017 = ADVANCED_FACE ( 'NONE', ( #562 ), #3214, .F. ) ;
#3018 = CARTESIAN_POINT ( 'NONE',  ( 1.169443403010012927, 0.7699999999999997957, -1.056587774214004849 ) ) ;
#3019 = DIRECTION ( 'NONE',  ( -1.000000000000000000, 0.000000000000000000, -5.337216973513076683E-14 ) ) ;
#3020 = LINE ( 'NONE', #1237, #5352 ) ;
#3021 = DIRECTION ( 'NONE',  ( 1.000000000000000000, -1.224646799147353207E-16, 0.000000000000000000 ) ) ;
#3022 = VECTOR ( 'NONE', #3083, 1000.000000000000000 ) ;
#3023 = CARTESIAN_POINT ( 'NONE',  ( 0.7776807936084675354, 0.7599999999999997868, -0.6355160981517656849 ) ) ;
#3024 = CARTESIAN_POINT ( 'NONE',  ( 1.598670780095252431, 0.7599999999999994538, 0.8918399474877636290 ) ) ;
#3025 = LINE ( 'NONE', #1727, #753 ) ;
#3026 = FACE_OUTER_BOUND ( 'NONE', #3945, .T. ) ;
#3027 = ORIENTED_EDGE ( 'NONE', *, *, #961, .F. ) ;
#3028 = EDGE_CURVE ( 'NONE', #5395, #2505, #4691, .T. ) ;
#3029 = LINE ( 'NONE', #5778, #2886 ) ;
#3030 = CYLINDRICAL_SURFACE ( 'NONE', #2541, 0.2000000000000000944 ) ;
#3031 = ORIENTED_EDGE ( 'NONE', *, *, #1082, .T. ) ;
#3032 = CARTESIAN_POINT ( 'NONE',  ( 0.5212253049132753446, 0.7599999999999997868, -0.1242909593553395142 ) ) ;
#3033 = CARTESIAN_POINT ( 'NONE',  ( -0.5327310784139914768, 0.7599999999999997868, 1.247308059258841251 ) ) ;
#3034 = CARTESIAN_POINT ( 'NONE',  ( 1.138369115263882625, 0.7599999999999997868, 0.9752258162901519256 ) ) ;
#3035 = CARTESIAN_POINT ( 'NONE',  ( 0.4448850360433024842, 0.7599999999999997868, 1.017680584132083510 ) ) ;
#3036 = CIRCLE ( 'NONE', #4389, 0.2000000000000000944 ) ;
#3037 = CARTESIAN_POINT ( 'NONE',  ( 1.138369115263882625, 0.7699999999999997957, 0.9752258162901519256 ) ) ;
#3038 = VERTEX_POINT ( 'NONE', #5716 ) ;
#3039 = VERTEX_POINT ( 'NONE', #2491 ) ;
#3041 = CARTESIAN_POINT ( 'NONE',  ( -0.6549516466759648381, 0.7599999999999997868, 0.9552615702967444111 ) ) ;
#3040 = CARTESIAN_POINT ( 'NONE',  ( 1.154804676165228194, 0.7599999999999995648, 1.467228091517889910 ) ) ;
#3042 = CARTESIAN_POINT ( 'NONE',  ( 0.4688124280607001704, 0.7699999999999997957, 1.274815124306817093 ) ) ;
#3043 = CARTESIAN_POINT ( 'NONE',  ( -0.7369092987804872763, 0.7599999999999997868, 1.510975609756098015 ) ) ;
#3044 = FACE_OUTER_BOUND ( 'NONE', #792, .T. ) ;
#3045 = CARTESIAN_POINT ( 'NONE',  ( -0.6677958863311638238, 0.7699999999999997957, -0.3052017748455423951 ) ) ;
#3046 = CARTESIAN_POINT ( 'NONE',  ( 1.138424206218564771, 0.7699999999999997957, 1.143231155084991402 ) ) ;
#3047 = CARTESIAN_POINT ( 'NONE',  ( 0.4881107870597464760, 0.7600000000000001199, 1.324290092696827736 ) ) ;
#3048 = VECTOR ( 'NONE', #252, 1000.000000000000000 ) ;
#3049 = CARTESIAN_POINT ( 'NONE',  ( 0.7139729578131260856, 0.7699999999999997957, 1.377547199774412867 ) ) ;
#3050 = PLANE ( 'NONE',  #5086 ) ;
#3051 = CYLINDRICAL_SURFACE ( 'NONE', #3075, 0.2781274262561416744 ) ;
#3052 = CARTESIAN_POINT ( 'NONE',  ( -2.450000000000001066, 0.7599999999999997868, 1.104878048780488342 ) ) ;
#3053 = CARTESIAN_POINT ( 'NONE',  ( 0.8527055422691242059, 0.7699999999999997957, -0.3052017748453723645 ) ) ;
#3054 = ORIENTED_EDGE ( 'NONE', *, *, #1448, .F. ) ;
#3055 = AXIS2_PLACEMENT_3D ( 'NONE', #5160, #1105, #2924 ) ;
#3056 = DIRECTION ( 'NONE',  ( 0.000000000000000000, 0.000000000000000000, 1.000000000000000000 ) ) ;
#3057 = ORIENTED_EDGE ( 'NONE', *, *, #205, .T. ) ;
#3058 = CARTESIAN_POINT ( 'NONE',  ( 1.370507074821618820, 0.7599999999999997868, 1.504112681236899007 ) ) ;
#3059 = ORIENTED_EDGE ( 'NONE', *, *, #3591, .F. ) ;
#3060 = CARTESIAN_POINT ( 'NONE',  ( 0.3278181400210381513, 0.7699999999999997957, 1.168417697036874703 ) ) ;
#3061 = CARTESIAN_POINT ( 'NONE',  ( 1.603886160179604614, 0.7599999999999997868, 0.9401460629065310215 ) ) ;
#3062 = CARTESIAN_POINT ( 'NONE',  ( -1.014160713550104953, 0.7599999999999997868, -1.648971172219937387 ) ) ;
#3063 = CARTESIAN_POINT ( 'NONE',  ( 0.7774231610645325752, 0.7599999999999997868, -0.3817094831572565017 ) ) ;
#3064 = AXIS2_PLACEMENT_3D ( 'NONE', #2059, #5236, #5264 ) ;
#3065 = ORIENTED_EDGE ( 'NONE', *, *, #1731, .F. ) ;
#3066 = ORIENTED_EDGE ( 'NONE', *, *, #4050, .F. ) ;
#3068 = FACE_OUTER_BOUND ( 'NONE', #2582, .T. ) ;
#3067 = CARTESIAN_POINT ( 'NONE',  ( -0.8039165193771489193, 0.7599999999999997868, 1.050319944766316071 ) ) ;
#3069 = CARTESIAN_POINT ( 'NONE',  ( -0.8452613603706011780, 0.7599999999999997868, -0.6782251010014370696 ) ) ;
#3070 = CARTESIAN_POINT ( 'NONE',  ( 0.8895072196967481748, 0.7699999999999997957, 0.8058493928861508726 ) ) ;
#3071 = CARTESIAN_POINT ( 'NONE',  ( 0.4999671719527928326, 0.7599999999999997868, 1.344887391077261407 ) ) ;
#3072 = ADVANCED_FACE ( 'NONE', ( #3394 ), #5325, .F. ) ;
#3073 = CARTESIAN_POINT ( 'NONE',  ( -0.8915712272086910861, 0.7599999999999997868, 1.491658890457732145 ) ) ;
#3074 = CARTESIAN_POINT ( 'NONE',  ( 1.271508376361146109, 0.7699999999999997957, 1.407211200787210847 ) ) ;
#3075 = AXIS2_PLACEMENT_3D ( 'NONE', #2544, #2089, #675 ) ;
#3076 = CARTESIAN_POINT ( 'NONE',  ( 0.5611405275965332118, 0.7600000000000001199, 1.400397734626948054 ) ) ;
#3077 = CARTESIAN_POINT ( 'NONE',  ( -2.555287407554770240, 0.4447125924452310919, -2.600000000000000089 ) ) ;
#3078 = ORIENTED_EDGE ( 'NONE', *, *, #1553, .F. ) ;
#3079 = CARTESIAN_POINT ( 'NONE',  ( 0.9916545292830794001, 0.7599999999999997868, -1.025179901899849089 ) ) ;
#3080 = CARTESIAN_POINT ( 'NONE',  ( 2.555287407554770684, 0.4447125924452307588, 2.600000000000000089 ) ) ;
#3081 = VECTOR ( 'NONE', #5860, 1000.000000000000000 ) ;
#3082 = CARTESIAN_POINT ( 'NONE',  ( 0.6249237804878053915, 0.7599999999999997868, 0.6878048780487814318 ) ) ;
#3083 = DIRECTION ( 'NONE',  ( 0.000000000000000000, 0.000000000000000000, -1.000000000000000000 ) ) ;
#3084 = ORIENTED_EDGE ( 'NONE', *, *, #945, .T. ) ;
#3085 = CARTESIAN_POINT ( 'NONE',  ( -0.1006876842073865796, 0.7599999999999997868, -0.4839251295228619854 ) ) ;
#3086 = VERTEX_POINT ( 'NONE', #228 ) ;
#3087 = CARTESIAN_POINT ( 'NONE',  ( -0.6549516466759648381, 0.7699999999999997957, 0.9552615702967444111 ) ) ;
#3088 = CARTESIAN_POINT ( 'NONE',  ( 1.484702488105762663, 0.7699999999999997957, 0.9707836246393393154 ) ) ;
#3089 = ORIENTED_EDGE ( 'NONE', *, *, #4732, .F. ) ;
#3090 = CARTESIAN_POINT ( 'NONE',  ( 0.3419862031399526492, 0.7699999999999997957, 1.257593086080182054 ) ) ;
#3091 = EDGE_CURVE ( 'NONE', #1148, #3345, #4786, .T. ) ;
#3092 = CARTESIAN_POINT ( 'NONE',  ( 0.6649324646483871781, 0.7599999999999997868, 0.6931663305137710784 ) ) ;
#3093 = DIRECTION ( 'NONE',  ( 0.000000000000000000, 0.000000000000000000, 1.000000000000000000 ) ) ;
#3094 = CARTESIAN_POINT ( 'NONE',  ( 0.8557300198474545594, 0.7599999999999994538, 1.359695648085031072 ) ) ;
#3095 = VERTEX_POINT ( 'NONE', #4868 ) ;
#3096 = ORIENTED_EDGE ( 'NONE', *, *, #2862, .T. ) ;
#3098 = LINE ( 'NONE', #3195, #1892 ) ;
#3097 = CARTESIAN_POINT ( 'NONE',  ( 1.269537367876957701, 0.7699999999999997957, 1.510102841502850124 ) ) ;
#3099 = VECTOR ( 'NONE', #3105, 1000.000000000000000 ) ;
#3100 = CARTESIAN_POINT ( 'NONE',  ( 0.4448711921284079773, 0.7699999999999997957, 1.103530555674704816 ) ) ;
#3101 = FACE_OUTER_BOUND ( 'NONE', #4056, .T. ) ;
#3102 = CARTESIAN_POINT ( 'NONE',  ( 0.5276136980831755974, 0.7599999999999997868, 1.378273464713891672 ) ) ;
#3103 = FACE_OUTER_BOUND ( 'NONE', #4840, .T. ) ;
#3104 = DIRECTION ( 'NONE',  ( -0.000000000000000000, 1.000000000000000000, -0.000000000000000000 ) ) ;
#3105 = DIRECTION ( 'NONE',  ( -0.6880188545942407252, 0.000000000000000000, 0.7256928108523805765 ) ) ;
#3106 = LINE ( 'NONE', #2178, #2305 ) ;
#3107 = VERTEX_POINT ( 'NONE', #5691 ) ;
#3108 = FACE_OUTER_BOUND ( 'NONE', #3716, .T. ) ;
#3109 = CARTESIAN_POINT ( 'NONE',  ( -2.450000000000001066, 0.7599999999999997868, 1.006097560975610650 ) ) ;
#3110 = CARTESIAN_POINT ( 'NONE',  ( -0.2800876308487951216, 0.7599999999999997868, -0.7123193697668176450 ) ) ;
#3111 = CARTESIAN_POINT ( 'NONE',  ( 0.6376500961620604757, 0.7599999999999997868, -1.344444174494791033 ) ) ;
#3112 = ORIENTED_EDGE ( 'NONE', *, *, #4255, .T. ) ;
#3113 = DIRECTION ( 'NONE',  ( 0.000000000000000000, 0.000000000000000000, 1.000000000000000000 ) ) ;
#3114 = VERTEX_POINT ( 'NONE', #1180 ) ;
#3115 = VECTOR ( 'NONE', #5839, 1000.000000000000000 ) ;
#3116 = CARTESIAN_POINT ( 'NONE',  ( -0.5402131145437586435, 0.7699999999999997957, 0.9905276037882311257 ) ) ;
#3117 = CARTESIAN_POINT ( 'NONE',  ( 1.481578147177306404, 0.7699999999999997957, 0.9318680891461761373 ) ) ;
#3118 = AXIS2_PLACEMENT_3D ( 'NONE', #3666, #918, #3760 ) ;
#3119 = CARTESIAN_POINT ( 'NONE',  ( 0.9164634146341466003, 0.7699999999999997957, 1.046227134146341387 ) ) ;
#3120 = CARTESIAN_POINT ( 'NONE',  ( 0.7957317073170735444, 0.7699999999999997957, 1.056173780487805081 ) ) ;
#3121 = ORIENTED_EDGE ( 'NONE', *, *, #3221, .T. ) ;
#3122 = CARTESIAN_POINT ( 'NONE',  ( 0.7956144360561920870, 0.7699999999999997957, 1.041308041637374560 ) ) ;
#3123 = CARTESIAN_POINT ( 'NONE',  ( 0.7673169957751974080, 0.7599999999999994538, 1.464817573644873860 ) ) ;
#3124 = B_SPLINE_SURFACE_WITH_KNOTS ( 'NONE', 3, 1, ( 
 ( #111, #4146 ),
 ( #975, #3235 ),
 ( #3723, #1031 ),
 ( #3690, #2825 ),
 ( #912, #5046 ),
 ( #3267, #2303 ),
 ( #5079, #5506 ),
 ( #4693, #5144 ),
 ( #524, #2368 ),
 ( #2882, #5600 ),
 ( #943, #1457 ),
 ( #5952, #4207 ),
 ( #2792, #4633 ),
 ( #81, #550 ),
 ( #3297, #1001 ),
 ( #2267, #4113 ),
 ( #2854, #5229 ),
 ( #4296, #5652 ),
 ( #4775, #1596 ) ),
 .UNSPECIFIED., .F., .F., .F.,
 ( 4, 1, 1, 1, 1, 1, 1, 1, 1, 1, 1, 1, 1, 1, 1, 1, 4 ),
 ( 2, 2 ),
 ( 0.000000000000000000, 0.04801005732536415410, 0.09376792031107412939, 0.1383995575639646314, 0.1832329916563014138, 0.2286731167418772637, 0.2760741692364252486, 0.3265609897890615620, 0.3807746706440630069, 0.4393867364743087034, 0.5025738687973746455, 0.5709712500516577194, 0.6451456935240450496, 0.7245249646182785330, 0.8101810242241386240, 0.9022224124648043908, 1.000000000000000000 ),
 ( 0.000000000000000000, 1.000000000000000000 ),
 .UNSPECIFIED. ) ;
#3125 = VERTEX_POINT ( 'NONE', #1606 ) ;
#3126 = ORIENTED_EDGE ( 'NONE', *, *, #5938, .T. ) ;
#3127 = ORIENTED_EDGE ( 'NONE', *, *, #1847, .F. ) ;
#3129 = CARTESIAN_POINT ( 'NONE',  ( -1.081097560975608385, 0.7699999999999997957, 0.6000000000000005329 ) ) ;
#3128 = CARTESIAN_POINT ( 'NONE',  ( 1.043800676999203647, 0.7699999999999997957, 1.297374240035442217 ) ) ;
#3130 = VECTOR ( 'NONE', #1474, 1000.000000000000000 ) ;
#3131 = CARTESIAN_POINT ( 'NONE',  ( 2.941421356237309492, 0.3285786437626893597, 2.600000000000000089 ) ) ;
#3132 = PLANE ( 'NONE',  #4762 ) ;
#3133 = CARTESIAN_POINT ( 'NONE',  ( 2.413866051317461014, 0.3032912362079215329, -2.600000000000000089 ) ) ;
#3134 = CARTESIAN_POINT ( 'NONE',  ( 0.5997484167568540858, 0.7599999999999997868, 1.510679795626614919 ) ) ;
#3135 = PLANE ( 'NONE',  #324 ) ;
#3136 = EDGE_CURVE ( 'NONE', #3095, #3329, #1156, .T. ) ;
#3137 = CARTESIAN_POINT ( 'NONE',  ( 0.5437941398346135546, 0.7699999999999997957, 1.390530598095980119 ) ) ;
#3138 = CARTESIAN_POINT ( 'NONE',  ( -0.6451109458838982791, 0.7599999999999997868, 1.067782313632539948 ) ) ;
#3139 = ORIENTED_EDGE ( 'NONE', *, *, #4075, .T. ) ;
#3140 = APPLICATION_CONTEXT ( 'configuration controlled 3d designs of mechanical parts and assemblies' ) ;
#3141 = CARTESIAN_POINT ( 'NONE',  ( 0.6249237804878053915, 0.7599999999999997868, 0.6878048780487814318 ) ) ;
#3142 = EDGE_CURVE ( 'NONE', #1133, #1666, #255, .T. ) ;
#3143 = LINE ( 'NONE', #3109, #198 ) ;
#3144 = CARTESIAN_POINT ( 'NONE',  ( 1.454587058114300557, 0.7699999999999997957, 1.299056863816489216 ) ) ;
#3145 = VECTOR ( 'NONE', #1154, 1000.000000000000000 ) ;
#3146 = PLANE ( 'NONE',  #1296 ) ;
#3147 = ORIENTED_EDGE ( 'NONE', *, *, #3713, .F. ) ;
#3148 = DIRECTION ( 'NONE',  ( 0.000000000000000000, 0.000000000000000000, -1.000000000000000000 ) ) ;
#3149 = EDGE_LOOP ( 'NONE', ( #900, #5316, #826, #5905 ) ) ;
#3150 = EDGE_CURVE ( 'NONE', #1427, #913, #649, .T. ) ;
#3151 = CARTESIAN_POINT ( 'NONE',  ( -0.4434271011388504213, 0.7599999999999996758, 1.082532946252666495 ) ) ;
#3152 = CARTESIAN_POINT ( 'NONE',  ( 1.476990698476938757, 0.7699999999999997957, 0.8958051436348142271 ) ) ;
#3153 = VECTOR ( 'NONE', #1558, 1000.000000000000000 ) ;
#3154 = CARTESIAN_POINT ( 'NONE',  ( 1.580970634330894242, 0.7599999999999997868, 0.8058493928861512057 ) ) ;
#3155 = ORIENTED_EDGE ( 'NONE', *, *, #432, .F. ) ;
#3156 = CARTESIAN_POINT ( 'NONE',  ( 0.7002156270776986879, 0.7699999999999997957, 0.7103779437168882271 ) ) ;
#3157 = CARTESIAN_POINT ( 'NONE',  ( 0.6226049589010783647, 0.7699999999999997957, 1.510634158454857934 ) ) ;
#3158 = ORIENTED_EDGE ( 'NONE', *, *, #664, .T. ) ;
#3159 = EDGE_CURVE ( 'NONE', #3581, #445, #5239, .T. ) ;
#3160 = EDGE_LOOP ( 'NONE', ( #5829, #4820, #5222, #863 ) ) ;
#3161 = ORIENTED_EDGE ( 'NONE', *, *, #836, .T. ) ;
#3163 = PLANE ( 'NONE',  #4204 ) ;
#3162 = CARTESIAN_POINT ( 'NONE',  ( 1.337069026438167052, 0.7599999999999997868, 1.509965406928573284 ) ) ;
#3164 = VECTOR ( 'NONE', #5836, 1000.000000000000000 ) ;
#3165 = ADVANCED_FACE ( 'NONE', ( #3454, #5213, #4835, #2093, #4758, #3026, #3934, #3481 ), #2945, .T. ) ;
#3166 = AXIS2_PLACEMENT_3D ( 'NONE', #5208, #529, #1946 ) ;
#3167 = DIRECTION ( 'NONE',  ( 1.000000000000000000, 0.000000000000000000, 0.000000000000000000 ) ) ;
#3168 = CARTESIAN_POINT ( 'NONE',  ( -3.000000000000000000, 0.2699999999999987965, 2.600000000000000089 ) ) ;
#3169 = EDGE_CURVE ( 'NONE', #3335, #157, #2462, .T. ) ;
#3170 = EDGE_CURVE ( 'NONE', #275, #3673, #1073, .T. ) ;
#3171 = CARTESIAN_POINT ( 'NONE',  ( 0.5825880408328288906, 0.7699999999999997957, 0.6930163764281567218 ) ) ;
#3172 = CARTESIAN_POINT ( 'NONE',  ( 0.4783331304587190025, 0.7599999999999997868, 0.8066749532839275760 ) ) ;
#3173 = EDGE_CURVE ( 'NONE', #1085, #2011, #5895, .T. ) ;
#3174 = LINE ( 'NONE', #1688, #1530 ) ;
#3175 = ORIENTED_EDGE ( 'NONE', *, *, #4994, .T. ) ;
#3176 = CARTESIAN_POINT ( 'NONE',  ( 2.449999999999999289, 0.7699999999999997957, -7.507433137598514605 ) ) ;
#3177 = CARTESIAN_POINT ( 'NONE',  ( 1.058821000777594890, 0.7599999999999997868, 0.7785722335076150635 ) ) ;
#3178 = CARTESIAN_POINT ( 'NONE',  ( 1.252603942230680056, 0.7699999999999997957, 1.400397734626948498 ) ) ;
#3179 = PLANE ( 'NONE',  #5543 ) ;
#3180 = DIRECTION ( 'NONE',  ( 1.000000000000000000, 0.000000000000000000, 0.000000000000000000 ) ) ;
#3181 = EDGE_LOOP ( 'NONE', ( #2015, #1239, #1111, #2901 ) ) ;
#3182 = DIRECTION ( 'NONE',  ( 0.7071067811865463515, -0.7071067811865487940, 0.000000000000000000 ) ) ;
#3183 = DIRECTION ( 'NONE',  ( -1.000000000000000000, 0.000000000000000000, 2.024313492015265834E-14 ) ) ;
#3184 = CARTESIAN_POINT ( 'NONE',  ( 1.554222721005923624, 0.7599999999999997868, 0.7340620972096606467 ) ) ;
#3185 = ORIENTED_EDGE ( 'NONE', *, *, #4216, .F. ) ;
#3186 = FACE_OUTER_BOUND ( 'NONE', #5414, .T. ) ;
#3187 = CARTESIAN_POINT ( 'NONE',  ( 0.8858653308878988719, 0.7699999999999997957, 1.286265459232917463 ) ) ;
#3188 = ADVANCED_FACE ( 'NONE', ( #5418 ), #4419, .F. ) ;
#3189 = ORIENTED_EDGE ( 'NONE', *, *, #3433, .T. ) ;
#3190 = ADVANCED_FACE ( 'NONE', ( #2151 ), #3179, .T. ) ;
#3191 = VERTEX_POINT ( 'NONE', #2215 ) ;
#3192 = ORIENTED_EDGE ( 'NONE', *, *, #4721, .F. ) ;
#3193 = ORIENTED_EDGE ( 'NONE', *, *, #4271, .T. ) ;
#3195 = CARTESIAN_POINT ( 'NONE',  ( 1.169443403010012927, 0.7699999999999997957, -1.056587774214004849 ) ) ;
#3194 = CARTESIAN_POINT ( 'NONE',  ( 1.019281554655184552, 0.7699999999999997957, 1.168417697036875369 ) ) ;
#3196 = EDGE_CURVE ( 'NONE', #4381, #2653, #3599, .T. ) ;
#3197 = CARTESIAN_POINT ( 'NONE',  ( -0.4165641175946411812, 0.7599999999999997868, 1.281782203283561294 ) ) ;
#3198 = DIRECTION ( 'NONE',  ( -0.000000000000000000, -1.000000000000000000, -0.000000000000000000 ) ) ;
#3199 = CARTESIAN_POINT ( 'NONE',  ( 1.019553266744817055, 0.7599999999999997868, -1.199375013914661947 ) ) ;
#3200 = DIRECTION ( 'NONE',  ( -1.000000000000000000, 0.000000000000000000, 0.000000000000000000 ) ) ;
#3201 = CARTESIAN_POINT ( 'NONE',  ( 0.5291573197651906479, 0.7599999999999997868, 0.7241448525850858742 ) ) ;
#3202 = CARTESIAN_POINT ( 'NONE',  ( 0.7953620381548925922, 0.7699999999999997957, 1.098383957097402330 ) ) ;
#3203 = CARTESIAN_POINT ( 'NONE',  ( 1.322560975609756273, 0.7699999999999997957, 0.5890243902439028512 ) ) ;
#3204 = VERTEX_POINT ( 'NONE', #3991 ) ;
#3205 = LINE ( 'NONE', #3079, #3739 ) ;
#3206 = LINE ( 'NONE', #4019, #3559 ) ;
#3207 = VERTEX_POINT ( 'NONE', #2701 ) ;
#3208 = FACE_OUTER_BOUND ( 'NONE', #1668, .T. ) ;
#3209 = CARTESIAN_POINT ( 'NONE',  ( 0.6189539330447030308, 0.7699999999999997957, 0.5893601969794538542 ) ) ;
#3210 = CARTESIAN_POINT ( 'NONE',  ( 1.590675501332365904, 0.7699999999999997957, 0.8471464229908021171 ) ) ;
#3211 = ORIENTED_EDGE ( 'NONE', *, *, #4864, .T. ) ;
#3212 = CARTESIAN_POINT ( 'NONE',  ( -0.5936554385584250637, 0.7699999999999997957, 0.9683237404887772293 ) ) ;
#3213 = CARTESIAN_POINT ( 'NONE',  ( -0.2607345472303137512, 0.7599999999999997868, -1.025179901899914370 ) ) ;
#3214 = PLANE ( 'NONE',  #5170 ) ;
#3215 = ORIENTED_EDGE ( 'NONE', *, *, #5943, .F. ) ;
#3216 = VECTOR ( 'NONE', #5462, 1000.000000000000114 ) ;
#3217 = CARTESIAN_POINT ( 'NONE',  ( 0.5171617500477552198, 0.7699999999999997957, -0.3737557984242693143 ) ) ;
#3218 = CARTESIAN_POINT ( 'NONE',  ( -2.413866051317460570, 0.3032912362079218660, 2.600000000000000089 ) ) ;
#3219 = VECTOR ( 'NONE', #5291, 1000.000000000000114 ) ;
#3220 = ORIENTED_EDGE ( 'NONE', *, *, #2762, .F. ) ;
#3221 = EDGE_CURVE ( 'NONE', #1724, #2019, #2671, .T. ) ;
#3222 = ORIENTED_EDGE ( 'NONE', *, *, #1644, .T. ) ;
#3224 = CARTESIAN_POINT ( 'NONE',  ( -0.4554878048780482969, 0.7699999999999997957, 0.6987804878048785584 ) ) ;
#3223 = CARTESIAN_POINT ( 'NONE',  ( 1.458780410409343586, 0.7699999999999997957, 1.464817573644874305 ) ) ;
#3225 = CARTESIAN_POINT ( 'NONE',  ( -0.7012046067965155283, 0.7699999999999997957, 1.510354349983501931 ) ) ;
#3226 = CARTESIAN_POINT ( 'NONE',  ( 1.456428610911929544, 0.7699999999999997957, -0.4857519260323993615 ) ) ;
#3227 = VERTEX_POINT ( 'NONE', #4963 ) ;
#3228 = FACE_OUTER_BOUND ( 'NONE', #5807, .T. ) ;
#3229 = MANIFOLD_SOLID_BREP ( '圆角4', #1197 ) ;
#3230 = DIRECTION ( 'NONE',  ( -1.000000000000000000, 0.000000000000000000, 0.000000000000000000 ) ) ;
#3231 = B_SPLINE_CURVE_WITH_KNOTS ( 'NONE', 3,
 ( #1645, #4879, #4396, #268, #1658, #1265, #4539, #359, #3499, #2206, #302, #330, #1719, #277, #4045, #5376, #2142, #1234, #2600 ),
 .UNSPECIFIED., .F., .F.,
 ( 4, 1, 1, 1, 1, 1, 1, 1, 1, 1, 1, 1, 1, 1, 1, 1, 4 ),
 ( 0.000000000000000000, 0.08744171366995015515, 0.1698762761135146349, 0.2475478892597560154, 0.3204266045890417636, 0.3891679136880097367, 0.4541867310641021782, 0.5156085003221925200, 0.5743566985946101378, 0.6303171300237858654, 0.6840112638851241211, 0.7358023297211674363, 0.7867542513876566446, 0.8377857049357649855, 0.8898111534163636316, 0.9437397544987875531, 1.000000000000000000 ),
 .UNSPECIFIED. ) ;
#3232 = CARTESIAN_POINT ( 'NONE',  ( 0.4446391585009633052, 0.7699999999999997957, 1.046910941819221730 ) ) ;
#3233 = DIRECTION ( 'NONE',  ( 0.000000000000000000, -1.000000000000000000, 0.000000000000000000 ) ) ;
#3234 = CARTESIAN_POINT ( 'NONE',  ( 0.6189539330447030308, 0.7599999999999997868, 0.5893601969794538542 ) ) ;
#3235 = CARTESIAN_POINT ( 'NONE',  ( 1.320008182439484479, 0.7699999999999997957, 1.411941921835430769 ) ) ;
#3236 = EDGE_LOOP ( 'NONE', ( #5759, #1548, #5925, #1112 ) ) ;
#3237 = CARTESIAN_POINT ( 'NONE',  ( 0.4633412615310821825, 0.7699999999999997957, 1.467228091517889910 ) ) ;
#3238 = CARTESIAN_POINT ( 'NONE',  ( 1.033449617774099050, 0.7599999999999997868, 1.257593086080182498 ) ) ;
#3239 = ORIENTED_EDGE ( 'NONE', *, *, #5504, .F. ) ;
#3240 = FACE_OUTER_BOUND ( 'NONE', #5601, .T. ) ;
#3241 = CARTESIAN_POINT ( 'NONE',  ( 1.162631612880145715, 0.7699999999999997957, 0.6357928102497442113 ) ) ;
#3242 = ADVANCED_FACE ( 'NONE', ( #1728 ), #369, .T. ) ;
#3243 = ORIENTED_EDGE ( 'NONE', *, *, #5153, .F. ) ;
#3244 = CARTESIAN_POINT ( 'NONE',  ( 1.487077850690338598, 0.7599999999999997868, 1.041308041637374560 ) ) ;
#3245 = LINE ( 'NONE', #1893, #3921 ) ;
#3246 = EDGE_CURVE ( 'NONE', #4594, #873, #3633, .T. ) ;
#3247 = CARTESIAN_POINT ( 'NONE',  ( 0.6376500961620604757, 0.7699999999999997957, -1.199375013914682153 ) ) ;
#3248 = ORIENTED_EDGE ( 'NONE', *, *, #5036, .T. ) ;
#3249 = CARTESIAN_POINT ( 'NONE',  ( 1.236977675911675956, 0.7699999999999997957, 0.7108169158841716184 ) ) ;
#3250 = VECTOR ( 'NONE', #2661, 1000.000000000000000 ) ;
#3251 = CARTESIAN_POINT ( 'NONE',  ( 0.5129937356729090681, 0.7699999999999997957, 1.363010028256776307 ) ) ;
#3252 = ADVANCED_FACE ( 'NONE', ( #2637 ), #1310, .F. ) ;
#3253 = AXIS2_PLACEMENT_3D ( 'NONE', #4162, #4535, #5097 ) ;
#3254 = ORIENTED_EDGE ( 'NONE', *, *, #1036, .T. ) ;
#3255 = ORIENTED_EDGE ( 'NONE', *, *, #2520, .F. ) ;
#3257 = DIRECTION ( 'NONE',  ( 0.000000000000000000, 0.000000000000000000, -1.000000000000000000 ) ) ;
#3256 = CARTESIAN_POINT ( 'NONE',  ( 1.056675442213708127, 0.7699999999999997957, 1.333933062788915436 ) ) ;
#3258 = VECTOR ( 'NONE', #4310, 1000.000000000000114 ) ;
#3259 = CARTESIAN_POINT ( 'NONE',  ( -0.4118354771941905579, 0.7599999999999997868, 1.230425988178434960 ) ) ;
#3260 = LINE ( 'NONE', #994, #4708 ) ;
#3261 = VECTOR ( 'NONE', #3456, 1000.000000000000000 ) ;
#3262 = ORIENTED_EDGE ( 'NONE', *, *, #2371, .F. ) ;
#3263 = CARTESIAN_POINT ( 'NONE',  ( 1.607779154460723836, 0.7599999999999994538, 1.027756078840881049 ) ) ;
#3264 = CARTESIAN_POINT ( 'NONE',  ( -1.421341463414633077, 0.7699999999999997957, 1.006097560975610206 ) ) ;
#3265 = CARTESIAN_POINT ( 'NONE',  ( 0.7399762402442791043, 0.7599999999999997868, 1.481776778436066255 ) ) ;
#3266 = CARTESIAN_POINT ( 'NONE',  ( -0.5324383211791375858, 0.7699999999999997957, 1.220337464806928063 ) ) ;
#3267 = CARTESIAN_POINT ( 'NONE',  ( 1.389651832969569289, 0.7599999999999995648, 1.390302060497695447 ) ) ;
#3268 = ORIENTED_EDGE ( 'NONE', *, *, #3342, .T. ) ;
#3269 = ADVANCED_FACE ( 'NONE', ( #4451 ), #1243, .F. ) ;
#3270 = CARTESIAN_POINT ( 'NONE',  ( -3.103553390593273953, -2.322477269963798012E-16, 2.600000000000000089 ) ) ;
#3271 = CARTESIAN_POINT ( 'NONE',  ( -1.277922768258310970, 0.7599999999999997868, -1.079905975674299468 ) ) ;
#3272 = ORIENTED_EDGE ( 'NONE', *, *, #409, .F. ) ;
#3273 = CARTESIAN_POINT ( 'NONE',  ( 1.588590266922826899, 0.7699999999999997957, 1.244611501610420889 ) ) ;
#3274 = CARTESIAN_POINT ( 'NONE',  ( 1.190453123164000537, 0.7699999999999997957, 0.6187485234774025011 ) ) ;
#3275 = ORIENTED_EDGE ( 'NONE', *, *, #1651, .F. ) ;
#3276 = DIRECTION ( 'NONE',  ( -1.000000000000000000, 0.000000000000000000, 1.325868797859527032E-14 ) ) ;
#3277 = EDGE_CURVE ( 'NONE', #935, #2779, #339, .T. ) ;
#3278 = DIRECTION ( 'NONE',  ( 0.000000000000000000, 0.000000000000000000, 1.000000000000000000 ) ) ;
#3279 = FACE_OUTER_BOUND ( 'NONE', #2227, .T. ) ;
#3280 = EDGE_LOOP ( 'NONE', ( #2746, #3346, #2198, #4219 ) ) ;
#3281 = CARTESIAN_POINT ( 'NONE',  ( -0.7417111280487800329, 0.7699999999999997957, 1.412195121951219878 ) ) ;
#3282 = CARTESIAN_POINT ( 'NONE',  ( 1.312957317073170982, 0.7599999999999996758, 1.412195121951219656 ) ) ;
#3283 = EDGE_CURVE ( 'NONE', #1, #3345, #5446, .T. ) ;
#3284 = EDGE_LOOP ( 'NONE', ( #2946, #4905, #787, #2557 ) ) ;
#3286 = CARTESIAN_POINT ( 'NONE',  ( 0.2582879572076157149, 0.7599999999999997868, -0.6368431279601127759 ) ) ;
#3285 = LINE ( 'NONE', #4227, #1810 ) ;
#3287 = CARTESIAN_POINT ( 'NONE',  ( -0.9049090832775932292, 0.7599999999999997868, 1.376757525261209425 ) ) ;
#3288 = LINE ( 'NONE', #3655, #2875 ) ;
#3289 = APPROVAL_PERSON_ORGANIZATION ( #5225, #2734, #2077 ) ;
#3290 = ORIENTED_EDGE ( 'NONE', *, *, #2172, .F. ) ;
#3291 = CARTESIAN_POINT ( 'NONE',  ( 0.4889054252311232918, 0.7599999999999997868, 0.7817318149242049596 ) ) ;
#3292 = CARTESIAN_POINT ( 'NONE',  ( -1.421341463414633077, 0.7599999999999997868, 1.104878048780488342 ) ) ;
#3293 = ADVANCED_FACE ( 'NONE', ( #1761 ), #3146, .T. ) ;
#3294 = CARTESIAN_POINT ( 'NONE',  ( 0.4889054252311232918, 0.7699999999999997957, 0.7817318149242049596 ) ) ;
#3295 = CARTESIAN_POINT ( 'NONE',  ( 0.6456056118040206515, 0.7599999999999997868, 1.509965406928573284 ) ) ;
#3296 = CARTESIAN_POINT ( 'NONE',  ( -0.5402815407792382896, 0.7599999999999997868, 1.169513634214981446 ) ) ;
#3297 = CARTESIAN_POINT ( 'NONE',  ( 1.481347935278823913, 0.7599999999999995648, 1.176356560645834826 ) ) ;
#3298 = EDGE_LOOP ( 'NONE', ( #4669, #3066, #3917, #1744 ) ) ;
#3299 = LINE ( 'NONE', #1518, #4401 ) ;
#3300 = DIRECTION ( 'NONE',  ( -1.000000000000000000, -0.000000000000000000, 0.000000000000000000 ) ) ;
#3301 = LINE ( 'NONE', #2885, #5486 ) ;
#3302 = DIRECTION ( 'NONE',  ( -1.000000000000000000, 0.000000000000000000, 0.000000000000000000 ) ) ;
#3303 = B_SPLINE_CURVE_WITH_KNOTS ( 'NONE', 3,
 ( #2873, #3511, #289, #3001, #4714, #2549, #601, #1670, #4425, #5193, #2097, #1610, #1216, #764, #3484, #3058, #1055, #5360, #1183 ),
 .UNSPECIFIED., .F., .F.,
 ( 4, 1, 1, 1, 1, 1, 1, 1, 1, 1, 1, 1, 1, 1, 1, 1, 4 ),
 ( 0.000000000000000000, 0.08744171366995018291, 0.1698762761135143573, 0.2475478892597557379, 0.3204266045890415970, 0.3891679136880095147, 0.4541867310641019562, 0.5156085003221924090, 0.5743566985946100267, 0.6303171300237856434, 0.6840112638851238991, 0.7358023297211673253, 0.7867542513876565335, 0.8377857049357648744, 0.8898111534163635206, 0.9437397544987875531, 1.000000000000000000 ),
 .UNSPECIFIED. ) ;
#3304 = ORIENTED_EDGE ( 'NONE', *, *, #4224, .F. ) ;
#3305 = CARTESIAN_POINT ( 'NONE',  ( -0.5226026010214606110, 0.7699999999999997957, 1.450025666713160355 ) ) ;
#3306 = DIRECTION ( 'NONE',  ( -0.000000000000000000, 1.000000000000000000, -0.000000000000000000 ) ) ;
#3307 = CARTESIAN_POINT ( 'NONE',  ( -1.293224430140063719, 0.7599999999999997868, -1.559704639558324502 ) ) ;
#3308 = ORIENTED_EDGE ( 'NONE', *, *, #2898, .F. ) ;
#3309 = CARTESIAN_POINT ( 'NONE',  ( -1.014160713550104953, 0.7699999999999997957, -1.168135470357039685 ) ) ;
#3310 = ORIENTED_EDGE ( 'NONE', *, *, #3977, .T. ) ;
#3312 = DIRECTION ( 'NONE',  ( -0.000000000000000000, -1.000000000000000000, -0.000000000000000000 ) ) ;
#3311 = CARTESIAN_POINT ( 'NONE',  ( 0.4633412615310821825, 0.7699999999999997957, 1.467228091517889910 ) ) ;
#3313 = B_SPLINE_CURVE_WITH_KNOTS ( 'NONE', 3,
 ( #5673, #4799, #2110, #3947, #2984, #1565, #5252, #690, #1537, #5790, #1650, #3494, #4883, #660, #746, #2595, #4438, #1994, #4350 ),
 .UNSPECIFIED., .F., .F.,
 ( 4, 1, 1, 1, 1, 1, 1, 1, 1, 1, 1, 1, 1, 1, 1, 1, 4 ),
 ( 0.000000000000000000, 0.05696610313175429208, 0.1106808249741720179, 0.1623723878776359986, 0.2124209432994137725, 0.2621323069151829666, 0.3122980277330255072, 0.3639289310324155258, 0.4176938466618647650, 0.4749267193454759228, 0.5352485232984102170, 0.6001814274956243089, 0.6697271381174330074, 0.7440974927715360288, 0.8237570515317579334, 0.9090063553331508839, 1.000000000000000000 ),
 .UNSPECIFIED. ) ;
#3314 = CIRCLE ( 'NONE', #3704, 0.2000000000000000944 ) ;
#3315 = CARTESIAN_POINT ( 'NONE',  ( 1.219077112717322109, 0.7599999999999997868, 1.378273464713891894 ) ) ;
#3316 = CARTESIAN_POINT ( 'NONE',  ( 1.093307609869121455, 0.7699999999999997957, 0.7104623967784284844 ) ) ;
#3317 = ORIENTED_EDGE ( 'NONE', *, *, #4682, .T. ) ;
#3318 = CARTESIAN_POINT ( 'NONE',  ( 0.4446391585009633052, 0.7599999999999997868, 1.046910941819221730 ) ) ;
#3319 = CALENDAR_DATE ( 2023, 1, 11 ) ;
#3320 = CARTESIAN_POINT ( 'NONE',  ( 0.6310975609756100946, 0.7699999999999997957, 0.5890243902439025181 ) ) ;
#3321 = DIRECTION ( 'NONE',  ( 1.000000000000000000, 0.000000000000000000, 0.000000000000000000 ) ) ;
#3322 = CARTESIAN_POINT ( 'NONE',  ( 0.9916545292830794001, 0.7599999999999997868, -1.025179901899849089 ) ) ;
#3323 = DIRECTION ( 'NONE',  ( 0.000000000000000000, -1.000000000000000000, 0.000000000000000000 ) ) ;
#3324 = ORIENTED_EDGE ( 'NONE', *, *, #4856, .F. ) ;
#3325 = CARTESIAN_POINT ( 'NONE',  ( 0.8527055422691242059, 0.7599999999999997868, -0.3052017748453723645 ) ) ;
#3326 = EDGE_CURVE ( 'NONE', #4340, #4194, #5477, .T. ) ;
#3327 = CARTESIAN_POINT ( 'NONE',  ( -0.7888974194041936672, 0.7599999999999997868, 1.409469754599792291 ) ) ;
#3328 = PLANE ( 'NONE',  #707 ) ;
#3329 = VERTEX_POINT ( 'NONE', #2577 ) ;
#3330 = CARTESIAN_POINT ( 'NONE',  ( 1.374594528055035569, 0.7599999999999997868, 0.7004189892349420576 ) ) ;
#3331 = AXIS2_PLACEMENT_3D ( 'NONE', #5124, #4705, #4218 ) ;
#3332 = CARTESIAN_POINT ( 'NONE',  ( 0.4711681982459989260, 0.7599999999999997868, 0.6357928102497442113 ) ) ;
#3333 = EDGE_CURVE ( 'NONE', #217, #2620, #285, .T. ) ;
#3334 = CARTESIAN_POINT ( 'NONE',  ( 0.4445121951219515588, 0.7699999999999997957, 1.062004573170731936 ) ) ;
#3335 = VERTEX_POINT ( 'NONE', #3053 ) ;
#3336 = CARTESIAN_POINT ( 'NONE',  ( 1.220620734399337604, 0.7699999999999997957, 0.7241448525850863183 ) ) ;
#3337 = VERTEX_POINT ( 'NONE', #4899 ) ;
#3339 = PLANE ( 'NONE',  #2168 ) ;
#3338 = FACE_OUTER_BOUND ( 'NONE', #5159, .T. ) ;
#3340 = AXIS2_PLACEMENT_3D ( 'NONE', #5800, #1631, #5322 ) ;
#3341 = LINE ( 'NONE', #5808, #4952 ) ;
#3342 = EDGE_CURVE ( 'NONE', #4088, #4099, #760, .T. ) ;
#3343 = CARTESIAN_POINT ( 'NONE',  ( 1.025756460060380348, 0.7599999999999992317, 0.9076161350652370841 ) ) ;
#3344 = VECTOR ( 'NONE', #1812, 1000.000000000000000 ) ;
#3345 = VERTEX_POINT ( 'NONE', #2274 ) ;
#3346 = ORIENTED_EDGE ( 'NONE', *, *, #4864, .F. ) ;
#3347 = DIRECTION ( 'NONE',  ( -0.7256928108521617515, 0.000000000000000000, -0.6880188545944715406 ) ) ;
#3348 = AXIS2_PLACEMENT_3D ( 'NONE', #337, #3630, #2181 ) ;
#3349 = CARTESIAN_POINT ( 'NONE',  ( 0.8056211552241945295, 0.7600000000000000089, 0.6531183107083951001 ) ) ;
#3350 = CARTESIAN_POINT ( 'NONE',  ( -0.1006876842073865796, 0.7699999999999997957, -0.4839251295228619854 ) ) ;
#3351 = CARTESIAN_POINT ( 'NONE',  ( 0.9916545292830794001, 0.7699999999999997957, -0.8930402112659507896 ) ) ;
#3352 = FACE_OUTER_BOUND ( 'NONE', #3370, .T. ) ;
#3353 = ORIENTED_EDGE ( 'NONE', *, *, #2707, .F. ) ;
#3354 = EDGE_CURVE ( 'NONE', #609, #5047, #2767, .T. ) ;
#3355 = CARTESIAN_POINT ( 'NONE',  ( 2.449999999999999289, 0.4999999999999997780, -7.507433137598514605 ) ) ;
#3356 = ADVANCED_FACE ( 'NONE', ( #557, #2375 ), #952, .T. ) ;
#3357 = EDGE_CURVE ( 'NONE', #4977, #5395, #5959, .T. ) ;
#3358 = CARTESIAN_POINT ( 'NONE',  ( 1.433857313424169444, 0.7699999999999997957, 0.7585873518488023270 ) ) ;
#3359 = VECTOR ( 'NONE', #492, 1000.000000000000000 ) ;
#3360 = DIRECTION ( 'NONE',  ( 0.7013758018421668572, 0.000000000000000000, 0.7127916838672133659 ) ) ;
#3361 = ADVANCED_FACE ( 'NONE', ( #1371 ), #3328, .T. ) ;
#3362 = ORIENTED_EDGE ( 'NONE', *, *, #3634, .T. ) ;
#3363 = VECTOR ( 'NONE', #2266, 1000.000000000000000 ) ;
#3364 = CARTESIAN_POINT ( 'NONE',  ( 0.1766575670847862767, 0.7599999999999997868, -1.330211751212933668 ) ) ;
#3365 = VECTOR ( 'NONE', #2150, 1000.000000000000000 ) ;
#3366 = CARTESIAN_POINT ( 'NONE',  ( -2.926776695296636976, 0.07322330470336310682, 2.600000000000000089 ) ) ;
#3367 = DIRECTION ( 'NONE',  ( 0.000000000000000000, 0.000000000000000000, 1.000000000000000000 ) ) ;
#3368 = ORIENTED_EDGE ( 'NONE', *, *, #1330, .F. ) ;
#3369 = CARTESIAN_POINT ( 'NONE',  ( -0.5546633711883781626, 0.7699999999999997957, 1.319057722362789731 ) ) ;
#3370 = EDGE_LOOP ( 'NONE', ( #5361, #5615, #2920, #2609 ) ) ;
#3372 = LINE ( 'NONE', #2341, #5202 ) ;
#3371 = CARTESIAN_POINT ( 'NONE',  ( 0.6108612804878053026, 0.7699999999999997957, 1.510975609756097793 ) ) ;
#3373 = CARTESIAN_POINT ( 'NONE',  ( 1.334134628621195029, 0.7599999999999997868, 0.5892949603244590495 ) ) ;
#3374 = EDGE_CURVE ( 'NONE', #2810, #2716, #941, .T. ) ;
#3375 = CARTESIAN_POINT ( 'NONE',  ( 0.002114784598235275315, 0.7599999999999997868, -0.3794494053059133121 ) ) ;
#3376 = EDGE_LOOP ( 'NONE', ( #2578, #1867, #2961, #117 ) ) ;
#3377 = VECTOR ( 'NONE', #5405, 1000.000000000000000 ) ;
#3378 = ORIENTED_EDGE ( 'NONE', *, *, #1894, .T. ) ;
#3379 = LINE ( 'NONE', #5224, #4015 ) ;
#3380 = CALENDAR_DATE ( 2023, 1, 11 ) ;
#3381 = ADVANCED_FACE ( 'NONE', ( #1463 ), #5087, .F. ) ;
#3382 = CARTESIAN_POINT ( 'NONE',  ( 0.4693426150574091515, 0.7699999999999997957, 0.8346021721491954093 ) ) ;
#3383 = CARTESIAN_POINT ( 'NONE',  ( 0.3239778070150207134, 0.7699999999999997957, 1.048392383769221281 ) ) ;
#3384 = CARTESIAN_POINT ( 'NONE',  ( 1.353773506337060839, 0.7599999999999997868, 1.407269830831566537 ) ) ;
#3385 = ORIENTED_EDGE ( 'NONE', *, *, #489, .T. ) ;
#3386 = CARTESIAN_POINT ( 'NONE',  ( 0.2614037892791999385, 0.7699999999999997957, -0.3883414372125759684 ) ) ;
#3387 = CARTESIAN_POINT ( 'NONE',  ( -0.8588538019842208993, 0.7599999999999997868, 1.394262105301291577 ) ) ;
#3388 = CARTESIAN_POINT ( 'NONE',  ( -1.421341463414633077, 0.7699999999999997957, 1.104878048780488120 ) ) ;
#3389 = FACE_OUTER_BOUND ( 'NONE', #3160, .T. ) ;
#3390 = CARTESIAN_POINT ( 'NONE',  ( 0.6285447678053383003, 0.7699999999999997957, 1.411941921835430547 ) ) ;
#3391 = B_SPLINE_SURFACE_WITH_KNOTS ( 'NONE', 3, 1, ( 
 ( #459, #972 ),
 ( #1815, #1393 ),
 ( #2301, #5142 ),
 ( #5917, #2265 ),
 ( #2366, #1912 ),
 ( #4144, #4631 ),
 ( #3201, #1786 ),
 ( #2852, #4690 ),
 ( #3626, #2790 ),
 ( #493, #1334 ),
 ( #3172, #882 ),
 ( #2724, #3382 ),
 ( #4747, #294 ),
 ( #1567, #2589 ),
 ( #3807, #3489 ),
 ( #2134, #3970 ),
 ( #3035, #633 ),
 ( #4267, #1940 ),
 ( #133, #5203 ) ),
 .UNSPECIFIED., .F., .F., .F.,
 ( 4, 1, 1, 1, 1, 1, 1, 1, 1, 1, 1, 1, 1, 1, 1, 1, 4 ),
 ( 2, 2 ),
 ( 0.000000000000000000, 0.04737331956546700362, 0.09298221460695950402, 0.1372744129027534954, 0.1811189261003018081, 0.2266199320853926336, 0.2740253879756818223, 0.3245043273600549671, 0.3784618027051716571, 0.4371392850744827419, 0.5005609739062903962, 0.5692366401754127558, 0.6434534003032765792, 0.7234387217903202050, 0.8097448274288701064, 0.9017582518748922249, 0.9999999999999998890 ),
 ( 0.000000000000000000, 1.000000000000000000 ),
 .UNSPECIFIED. ) ;
#3392 = DIRECTION ( 'NONE',  ( -0.000000000000000000, -0.000000000000000000, 1.000000000000000000 ) ) ;
#3393 = CARTESIAN_POINT ( 'NONE',  ( 1.537467484650237415, 0.7599999999999994538, 0.7035280647751621652 ) ) ;
#3394 = FACE_OUTER_BOUND ( 'NONE', #5540, .T. ) ;
#3395 = ORIENTED_EDGE ( 'NONE', *, *, #685, .F. ) ;
#3396 = CARTESIAN_POINT ( 'NONE',  ( 1.135975609756097793, 0.7599999999999997868, 1.062004573170731936 ) ) ;
#3397 = ADVANCED_FACE ( 'NONE', ( #3784 ), #56, .F. ) ;
#3398 = EDGE_LOOP ( 'NONE', ( #105, #3966, #5847, #1284 ) ) ;
#3399 = CARTESIAN_POINT ( 'NONE',  ( -0.7671727412946347524, 0.7599999999999997868, 1.510748063659492102 ) ) ;
#3400 = CARTESIAN_POINT ( 'NONE',  ( -1.421341463414633077, 0.7699999999999997957, 1.500000000000000444 ) ) ;
#3401 = EDGE_CURVE ( 'NONE', #995, #575, #5334, .T. ) ;
#3402 = EDGE_CURVE ( 'NONE', #1508, #1697, #3417, .T. ) ;
#3403 = PLANE ( 'NONE',  #265 ) ;
#3404 = EDGE_LOOP ( 'NONE', ( #5063, #2860, #382, #3668 ) ) ;
#3405 = ORIENTED_EDGE ( 'NONE', *, *, #2820, .T. ) ;
#3407 = CARTESIAN_POINT ( 'NONE',  ( -0.4748712839718012835, 0.7599999999999997868, 1.039856568521047242 ) ) ;
#3406 = LINE ( 'NONE', #659, #742 ) ;
#3408 = COORDINATED_UNIVERSAL_TIME_OFFSET ( 8, 0, .AHEAD. ) ;
#3409 = EDGE_CURVE ( 'NONE', #552, #2866, #641, .T. ) ;
#3410 = AXIS2_PLACEMENT_3D ( 'NONE', #1818, #3755, #5627 ) ;
#3411 = CARTESIAN_POINT ( 'NONE',  ( 0.3342930454262337259, 0.7599999999999997868, 0.9076161350652367510 ) ) ;
#3412 = CARTESIAN_POINT ( 'NONE',  ( 0.7956060265424214073, 0.7599999999999997868, 1.070524470881337287 ) ) ;
#3413 = VERTEX_POINT ( 'NONE', #220 ) ;
#3414 = DIRECTION ( 'NONE',  ( -0.7013758018419210538, 0.000000000000000000, -0.7127916838674552835 ) ) ;
#3415 = VECTOR ( 'NONE', #1333, 1000.000000000000000 ) ;
#3416 = DIRECTION ( 'NONE',  ( 0.7013758018421668572, 0.000000000000000000, 0.7127916838672133659 ) ) ;
#3417 = LINE ( 'NONE', #1627, #907 ) ;
#3418 = ORIENTED_EDGE ( 'NONE', *, *, #242, .F. ) ;
#3419 = AXIS2_PLACEMENT_3D ( 'NONE', #3218, #869, #5876 ) ;
#3420 = CARTESIAN_POINT ( 'NONE',  ( -2.593223304703364374, 0.6767766952966357552, 2.600000000000000089 ) ) ;
#3421 = CARTESIAN_POINT ( 'NONE',  ( 1.316387195121951681, 0.7599999999999997868, 0.6878048780487814318 ) ) ;
#3422 = CYLINDRICAL_SURFACE ( 'NONE', #4343, 0.4808357018628978685 ) ;
#3423 = EDGE_CURVE ( 'NONE', #4154, #5835, #2484, .T. ) ;
#3424 = CARTESIAN_POINT ( 'NONE',  ( -0.6657367439744299453, 0.7599999999999997868, 1.061275325714628570 ) ) ;
#3425 = EDGE_LOOP ( 'NONE', ( #4587, #1276, #2440, #5301 ) ) ;
#3426 = CARTESIAN_POINT ( 'NONE',  ( 1.160806029691554997, 0.7599999999999997868, 0.8346021721491954093 ) ) ;
#3427 = AXIS2_PLACEMENT_3D ( 'NONE', #3129, #1681, #4563 ) ;
#3428 = ADVANCED_FACE ( 'NONE', ( #140 ), #5711, .T. ) ;
#3429 = VERTEX_POINT ( 'NONE', #2032 ) ;
#3430 = LINE ( 'NONE', #3032, #2095 ) ;
#3431 = EDGE_CURVE ( 'NONE', #1890, #5279, #5262, .T. ) ;
#3432 = CARTESIAN_POINT ( 'NONE',  ( -0.6384046876280813354, 0.7599999999999997868, 1.392834421788160748 ) ) ;
#3433 = EDGE_CURVE ( 'NONE', #872, #4770, #5234, .T. ) ;
#3434 = CARTESIAN_POINT ( 'NONE',  ( -0.9164634146341458232, 0.7599999999999997868, 1.057545731707317582 ) ) ;
#3435 = EDGE_LOOP ( 'NONE', ( #5522, #3057, #1796, #5840 ) ) ;
#3436 = VERTEX_POINT ( 'NONE', #1093 ) ;
#3438 = FACE_OUTER_BOUND ( 'NONE', #671, .T. ) ;
#3437 = CARTESIAN_POINT ( 'NONE',  ( 1.131200217835203636, 0.7599999999999997868, 1.447344517896008043 ) ) ;
#3439 = PERSON_AND_ORGANIZATION_ROLE ( 'creator' ) ;
#3440 = DIRECTION ( 'NONE',  ( -0.000000000000000000, -1.000000000000000000, -0.000000000000000000 ) ) ;
#3441 = CARTESIAN_POINT ( 'NONE',  ( 0.7631236434801548230, 0.7599999999999997868, 1.299056863816489882 ) ) ;
#3442 = ORIENTED_EDGE ( 'NONE', *, *, #4545, .T. ) ;
#3443 = DIRECTION ( 'NONE',  ( -1.000000000000000000, 0.000000000000000000, 0.000000000000000000 ) ) ;
#3444 = VECTOR ( 'NONE', #4983, 1000.000000000000000 ) ;
#3445 = VECTOR ( 'NONE', #1282, 1000.000000000000000 ) ;
#3446 = CARTESIAN_POINT ( 'NONE',  ( -5.000000000000000000, 0.000000000000000000, 2.600000000000000089 ) ) ;
#3447 = LINE ( 'NONE', #5292, #2552 ) ;
#3448 = EDGE_CURVE ( 'NONE', #935, #5279, #1977, .T. ) ;
#3449 = DIRECTION ( 'NONE',  ( 0.000000000000000000, 0.000000000000000000, 1.000000000000000000 ) ) ;
#3450 = DIRECTION ( 'NONE',  ( -0.000000000000000000, 0.000000000000000000, -1.000000000000000000 ) ) ;
#3451 = B_SPLINE_CURVE_WITH_KNOTS ( 'NONE', 3,
 ( #1848, #3719, #4173, #3171, #998, #4567, #3752, #4688, #1878, #3294, #4597, #3657, #5532, #77, #5141, #1911, #1392, #3232, #457 ),
 .UNSPECIFIED., .F., .F.,
 ( 4, 1, 1, 1, 1, 1, 1, 1, 1, 1, 1, 1, 1, 1, 1, 1, 4 ),
 ( 0.000000000000000000, 0.04737331956546700362, 0.09298221460695950402, 0.1372744129027534954, 0.1811189261003018081, 0.2266199320853926336, 0.2740253879756818223, 0.3245043273600549671, 0.3784618027051716571, 0.4371392850744827419, 0.5005609739062903962, 0.5692366401754127558, 0.6434534003032765792, 0.7234387217903202050, 0.8097448274288701064, 0.9017582518748922249, 0.9999999999999998890 ),
 .UNSPECIFIED. ) ;
#3452 = DIRECTION ( 'NONE',  ( 0.000000000000000000, 0.000000000000000000, 1.000000000000000000 ) ) ;
#3453 = CIRCLE ( 'NONE', #2588, 0.2500000000000002220 ) ;
#3454 = FACE_BOUND ( 'NONE', #2777, .T. ) ;
#3455 = ORIENTED_EDGE ( 'NONE', *, *, #2921, .F. ) ;
#3456 = DIRECTION ( 'NONE',  ( 0.000000000000000000, 0.000000000000000000, 1.000000000000000000 ) ) ;
#3457 = ADVANCED_FACE ( 'NONE', ( #5209 ), #670, .F. ) ;
#3458 = CARTESIAN_POINT ( 'NONE',  ( 2.449999999999999289, 0.4999999999999997780, -2.600000000000000089 ) ) ;
#3459 = ORIENTED_EDGE ( 'NONE', *, *, #3713, .T. ) ;
#3460 = CARTESIAN_POINT ( 'NONE',  ( 0.6423157361945661670, 0.7699999999999997957, 1.411447399445691531 ) ) ;
#3461 = CARTESIAN_POINT ( 'NONE',  ( -0.7417111280487800329, 0.7599999999999997868, 1.412195121951219878 ) ) ;
#3462 = CARTESIAN_POINT ( 'NONE',  ( 0.9164634146341466003, 0.7699999999999997957, 1.046227134146341387 ) ) ;
#3463 = EDGE_CURVE ( 'NONE', #1373, #190, #1039, .T. ) ;
#3464 = DIRECTION ( 'NONE',  ( 0.07326583197257104108, 0.000000000000000000, -0.9973124474633647818 ) ) ;
#3465 = ORIENTED_EDGE ( 'NONE', *, *, #5329, .F. ) ;
#3466 = EDGE_LOOP ( 'NONE', ( #3834, #4912, #855, #3003 ) ) ;
#3468 = CARTESIAN_POINT ( 'NONE',  ( 0.2050376051931377119, 0.7599999999999997868, -1.503873276446153762 ) ) ;
#3467 = CARTESIAN_POINT ( 'NONE',  ( 1.089560236352202338, 0.7699999999999997957, 1.397450393303448113 ) ) ;
#3469 = CARTESIAN_POINT ( 'NONE',  ( 0.3538585603580438610, 0.7599999999999997868, 0.8180046116497661224 ) ) ;
#3470 = CARTESIAN_POINT ( 'NONE',  ( 1.476846647711975047, 0.7599999999999997868, 1.211187042981139328 ) ) ;
#3471 = VERTEX_POINT ( 'NONE', #4753 ) ;
#3472 = CARTESIAN_POINT ( 'NONE',  ( 0.9268439216028121486, 0.7599999999999997868, -0.4839251295229549110 ) ) ;
#3473 = EDGE_CURVE ( 'NONE', #2982, #2382, #2057, .T. ) ;
#3474 = DIRECTION ( 'NONE',  ( 5.337216973513076683E-14, 0.000000000000000000, -1.000000000000000000 ) ) ;
#3475 = CARTESIAN_POINT ( 'NONE',  ( -0.4115853658536580140, 0.7599999999999997868, 1.219778963414634099 ) ) ;
#3476 = LINE ( 'NONE', #2995, #4332 ) ;
#3477 = DIRECTION ( 'NONE',  ( -0.000000000000000000, 1.000000000000000000, -0.000000000000000000 ) ) ;
#3478 = APPROVAL_PERSON_ORGANIZATION ( #2448, #2986, #241 ) ;
#3479 = CARTESIAN_POINT ( 'NONE',  ( 1.607493127413496703, 0.7699999999999997957, 0.9919800281037857159 ) ) ;
#3480 = CARTESIAN_POINT ( 'NONE',  ( -0.09329268292682915686, 0.7699999999999997957, 1.401219512195122530 ) ) ;
#3481 = FACE_BOUND ( 'NONE', #677, .T. ) ;
#3482 = VERTEX_POINT ( 'NONE', #4330 ) ;
#3483 = CARTESIAN_POINT ( 'NONE',  ( -0.4554878048780482969, 0.7699999999999997957, 0.6987804878048785584 ) ) ;
#3484 = CARTESIAN_POINT ( 'NONE',  ( 1.402017297114523942, 0.7599999999999997868, 1.494936210435810153 ) ) ;
#3485 = ORIENTED_EDGE ( 'NONE', *, *, #5380, .F. ) ;
#3486 = CARTESIAN_POINT ( 'NONE',  ( 0.7792719650637232043, 0.7699999999999997957, 1.243208928491642329 ) ) ;
#3487 = CARTESIAN_POINT ( 'NONE',  ( -0.6048585476591068488, 0.7599999999999997868, 1.373725745599488457 ) ) ;
#3488 = CARTESIAN_POINT ( 'NONE',  ( 0.7561699984308216660, 0.7600000000000000089, 0.6170893030102108101 ) ) ;
#3489 = CARTESIAN_POINT ( 'NONE',  ( 0.4504724052319078464, 0.7699999999999997957, 0.9356905508304356189 ) ) ;
#3490 = CARTESIAN_POINT ( 'NONE',  ( 1.146855685410349990, 0.7699999999999997957, 0.8990562859968446174 ) ) ;
#3491 = ORIENTED_EDGE ( 'NONE', *, *, #1103, .F. ) ;
#3492 = ORIENTED_EDGE ( 'NONE', *, *, #2285, .F. ) ;
#3494 = CARTESIAN_POINT ( 'NONE',  ( 0.8771432751259746752, 0.7599999999999997868, 0.7682479757975683166 ) ) ;
#3493 = LINE ( 'NONE', #2137, #1524 ) ;
#3495 = CARTESIAN_POINT ( 'NONE',  ( 0.4446342861881078523, 0.7699999999999997957, 1.076127118445245001 ) ) ;
#3496 = CARTESIAN_POINT ( 'NONE',  ( 0.7281131775591043187, 0.7699999999999997957, 0.6043087540839103822 ) ) ;
#3497 = VERTEX_POINT ( 'NONE', #2993 ) ;
#3498 = DIRECTION ( 'NONE',  ( 1.000000000000000000, 0.000000000000000000, 0.000000000000000000 ) ) ;
#3499 = CARTESIAN_POINT ( 'NONE',  ( 0.8557300198474545594, 0.7699999999999997957, 1.359695648085031072 ) ) ;
#3500 = DIRECTION ( 'NONE',  ( -0.000000000000000000, 1.000000000000000000, -0.000000000000000000 ) ) ;
#3501 = LINE ( 'NONE', #1269, #440 ) ;
#3502 = DIRECTION ( 'NONE',  ( -0.000000000000000000, 1.000000000000000000, -0.000000000000000000 ) ) ;
#3503 = VECTOR ( 'NONE', #4055, 1000.000000000000000 ) ;
#3504 = CARTESIAN_POINT ( 'NONE',  ( -0.2563660438559333676, 0.7699999999999997957, -1.199375013914536270 ) ) ;
#3505 = CARTESIAN_POINT ( 'NONE',  ( 1.334134628621195029, 0.7599999999999994538, 0.5892949603244590495 ) ) ;
#3506 = CARTESIAN_POINT ( 'NONE',  ( 0.7635182248647848224, 0.7599999999999997868, 0.8049979215760428852 ) ) ;
#3507 = DIRECTION ( 'NONE',  ( -0.000000000000000000, -0.000000000000000000, -1.000000000000000000 ) ) ;
#3508 = EDGE_LOOP ( 'NONE', ( #3096, #3780, #3243, #1094 ) ) ;
#3509 = DIRECTION ( 'NONE',  ( 0.000000000000000000, 0.000000000000000000, 1.000000000000000000 ) ) ;
#3510 = ORIENTED_EDGE ( 'NONE', *, *, #2964, .F. ) ;
#3511 = CARTESIAN_POINT ( 'NONE',  ( 1.607722288519435105, 0.7599999999999997868, 1.064469353966157161 ) ) ;
#3512 = EDGE_CURVE ( 'NONE', #1535, #2928, #4829, .T. ) ;
#3513 = ORIENTED_EDGE ( 'NONE', *, *, #945, .F. ) ;
#3514 = CARTESIAN_POINT ( 'NONE',  ( 0.3803992256634396441, 0.7699999999999997957, 1.367369651798794550 ) ) ;
#3515 = AXIS2_PLACEMENT_3D ( 'NONE', #168, #2006, #194 ) ;
#3516 = CARTESIAN_POINT ( 'NONE',  ( 0.6831311134208890579, 0.7599999999999997868, 0.7004189892349417246 ) ) ;
#3517 = CARTESIAN_POINT ( 'NONE',  ( 0.8627593063717777788, 0.7600000000000000089, 0.7340620972096608687 ) ) ;
#3518 = DIRECTION ( 'NONE',  ( -0.7071067811865463515, -0.7071067811865487940, 0.000000000000000000 ) ) ;
#3519 = ORIENTED_EDGE ( 'NONE', *, *, #3246, .T. ) ;
#3520 = VERTEX_POINT ( 'NONE', #697 ) ;
#3522 = CARTESIAN_POINT ( 'NONE',  ( 0.3512998121464835921, 0.7599999999999997868, -1.025179901899914370 ) ) ;
#3521 = CARTESIAN_POINT ( 'NONE',  ( 1.033449617774099050, 0.7599999999999995648, 1.257593086080182498 ) ) ;
#3523 = CARTESIAN_POINT ( 'NONE',  ( 0.4598611446829223293, 0.7699999999999997957, -1.352008014715327722 ) ) ;
#3524 = DIRECTION ( 'NONE',  ( -1.000000000000000000, 0.000000000000000000, 0.000000000000000000 ) ) ;
#3525 = CARTESIAN_POINT ( 'NONE',  ( 0.4445121951219513368, 0.7599999999999997868, 1.062004573170731492 ) ) ;
#3526 = CARTESIAN_POINT ( 'NONE',  ( 0.6108612804878051916, 0.7599999999999997868, 1.510975609756097571 ) ) ;
#3527 = CARTESIAN_POINT ( 'NONE',  ( 1.291788764688745372, 0.7699999999999997957, 1.411463576694295563 ) ) ;
#3528 = CARTESIAN_POINT ( 'NONE',  ( 0.4999671719527928326, 0.7699999999999997957, 1.344887391077261407 ) ) ;
#3529 = VECTOR ( 'NONE', #727, 1000.000000000000000 ) ;
#3530 = LINE ( 'NONE', #854, #4901 ) ;
#3531 = ORIENTED_EDGE ( 'NONE', *, *, #2167, .T. ) ;
#3532 = DIRECTION ( 'NONE',  ( 0.000000000000000000, -1.000000000000000000, 0.000000000000000000 ) ) ;
#3533 = ADVANCED_FACE ( 'NONE', ( #193 ), #2537, .F. ) ;
#3534 = DIRECTION ( 'NONE',  ( 0.000000000000000000, -0.000000000000000000, 1.000000000000000000 ) ) ;
#3535 = CARTESIAN_POINT ( 'NONE',  ( -0.9274390243902435049, 0.7699999999999997957, 1.475819359756098015 ) ) ;
#3536 = DIRECTION ( 'NONE',  ( -0.6880188545942407252, 0.000000000000000000, 0.7256928108523805765 ) ) ;
#3537 = ORIENTED_EDGE ( 'NONE', *, *, #5426, .F. ) ;
#3538 = VECTOR ( 'NONE', #2955, 1000.000000000000000 ) ;
#3539 = CARTESIAN_POINT ( 'NONE',  ( 1.334134628621195029, 0.7699999999999997957, 0.5892949603244590495 ) ) ;
#3540 = EDGE_LOOP ( 'NONE', ( #4346, #4694, #5145, #2499 ) ) ;
#3541 = CARTESIAN_POINT ( 'NONE',  ( -0.4581059576621213103, 0.7699999999999997957, 1.060511065528261909 ) ) ;
#3542 = CARTESIAN_POINT ( 'NONE',  ( 1.454981639498930557, 0.7599999999999995648, 0.8049979215760431073 ) ) ;
#3543 = VECTOR ( 'NONE', #3547, 1000.000000000000000 ) ;
#3544 = VERTEX_POINT ( 'NONE', #249 ) ;
#3545 = CARTESIAN_POINT ( 'NONE',  ( 0.6808919805300951422, 0.7699999999999997957, 1.400102848606193717 ) ) ;
#3546 = CARTESIAN_POINT ( 'NONE',  ( 0.7155106870546892317, 0.7599999999999997868, 0.7237744651909922000 ) ) ;
#3547 = DIRECTION ( 'NONE',  ( -1.426083868046566248E-14, 0.000000000000000000, -1.000000000000000000 ) ) ;
#3548 = FACE_OUTER_BOUND ( 'NONE', #3595, .T. ) ;
#3549 = VECTOR ( 'NONE', #5293, 1000.000000000000000 ) ;
#3550 = ORIENTED_EDGE ( 'NONE', *, *, #4433, .T. ) ;
#3551 = ORIENTED_EDGE ( 'NONE', *, *, #961, .T. ) ;
#3553 = CARTESIAN_POINT ( 'NONE',  ( -1.542073170731706355, 0.7699999999999997957, 0.6000000000000005329 ) ) ;
#3552 = CARTESIAN_POINT ( 'NONE',  ( -0.2563660438559350885, 0.7699999999999997957, -1.330211751212927673 ) ) ;
#3554 = DIRECTION ( 'NONE',  ( 1.000000000000000000, 0.000000000000000000, -1.686552278066746454E-14 ) ) ;
#3555 = DIRECTION ( 'NONE',  ( 1.000000000000000000, 0.000000000000000000, 0.000000000000000000 ) ) ;
#3556 = CARTESIAN_POINT ( 'NONE',  ( 0.4881107870597464760, 0.7599999999999997868, 1.324290092696827736 ) ) ;
#3557 = LINE ( 'NONE', #2629, #1038 ) ;
#3558 = DIRECTION ( 'NONE',  ( -0.7013758018419715690, 0.000000000000000000, -0.7127916838674055455 ) ) ;
#3559 = VECTOR ( 'NONE', #5921, 1000.000000000000000 ) ;
#3560 = CARTESIAN_POINT ( 'NONE',  ( 0.6038424021324606539, 0.7699999999999997957, -1.503873276446034968 ) ) ;
#3561 = CARTESIAN_POINT ( 'NONE',  ( -0.7116121143663569626, 0.7599999999999997868, 1.052643708258060418 ) ) ;
#3562 = ORIENTED_EDGE ( 'NONE', *, *, #668, .T. ) ;
#3563 = DIRECTION ( 'NONE',  ( 0.000000000000000000, 1.000000000000000000, 0.000000000000000000 ) ) ;
#3564 = CARTESIAN_POINT ( 'NONE',  ( 1.093307609869121455, 0.7599999999999997868, 0.7104623967784284844 ) ) ;
#3565 = AXIS2_PLACEMENT_3D ( 'NONE', #2881, #4724, #2824 ) ;
#3566 = CARTESIAN_POINT ( 'NONE',  ( 0.7901147325431602253, 0.7599999999999997868, 0.9318680891461760263 ) ) ;
#3567 = DIRECTION ( 'NONE',  ( 0.000000000000000000, 0.000000000000000000, 1.000000000000000000 ) ) ;
#3568 = VERTEX_POINT ( 'NONE', #3927 ) ;
#3569 = CARTESIAN_POINT ( 'NONE',  ( 0.4598611446829223293, 0.7599999999999997868, -1.352008014715327722 ) ) ;
#3570 = ORIENTED_EDGE ( 'NONE', *, *, #138, .T. ) ;
#3571 = CARTESIAN_POINT ( 'NONE',  ( -0.4115853658536581250, 0.7599999999999996758, 1.219778963414634765 ) ) ;
#3572 = CARTESIAN_POINT ( 'NONE',  ( 1.169443403010015148, 0.7599999999999997868, -0.8657939609684663917 ) ) ;
#3573 = APPROVAL_PERSON_ORGANIZATION ( #4293, #1287, #159 ) ;
#3574 = DIRECTION ( 'NONE',  ( -1.574469197458188429E-14, 0.000000000000000000, -1.000000000000000000 ) ) ;
#3575 = CARTESIAN_POINT ( 'NONE',  ( 0.002114784598235275315, 0.7699999999999997957, -0.3794494053059133121 ) ) ;
#3576 = ORIENTED_EDGE ( 'NONE', *, *, #2078, .T. ) ;
#3577 = CARTESIAN_POINT ( 'NONE',  ( -0.9274390243902435049, 0.7599999999999997868, 1.365548780487805702 ) ) ;
#3578 = CARTESIAN_POINT ( 'NONE',  ( 0.8368918229910771167, 0.7599999999999994538, 1.391319280114061696 ) ) ;
#3579 = ADVANCED_FACE ( 'NONE', ( #5769 ), #167, .F. ) ;
#3580 = ORIENTED_EDGE ( 'NONE', *, *, #4273, .T. ) ;
#3581 = VERTEX_POINT ( 'NONE', #1521 ) ;
#3583 = CARTESIAN_POINT ( 'NONE',  ( 1.322560975609756051, 0.7599999999999997868, 0.5890243902439036283 ) ) ;
#3582 = FACE_OUTER_BOUND ( 'NONE', #3677, .T. ) ;
#3584 = VECTOR ( 'NONE', #5625, 1000.000000000000114 ) ;
#3585 = B_SPLINE_CURVE_WITH_KNOTS ( 'NONE', 3,
 ( #106, #1937, #4746, #1481, #4171, #1059, #1389, #936, #2787, #3291, #1965, #2423, #2903, #3774, #5621, #970, #605, #3318, #490 ),
 .UNSPECIFIED., .F., .F.,
 ( 4, 1, 1, 1, 1, 1, 1, 1, 1, 1, 1, 1, 1, 1, 1, 1, 4 ),
 ( 0.000000000000000000, 0.04737331956546700362, 0.09298221460695950402, 0.1372744129027534954, 0.1811189261003018081, 0.2266199320853926336, 0.2740253879756818223, 0.3245043273600549671, 0.3784618027051716571, 0.4371392850744827419, 0.5005609739062903962, 0.5692366401754127558, 0.6434534003032765792, 0.7234387217903202050, 0.8097448274288701064, 0.9017582518748922249, 0.9999999999999998890 ),
 .UNSPECIFIED. ) ;
#3586 = EDGE_CURVE ( 'NONE', #4147, #5244, #2005, .T. ) ;
#3587 = CARTESIAN_POINT ( 'NONE',  ( 0.5171617500477554419, 0.7599999999999997868, -0.3737557984242693698 ) ) ;
#3588 = CARTESIAN_POINT ( 'NONE',  ( 0.9072073654611069182, 0.7699999999999997957, 0.8918399474877638511 ) ) ;
#3589 = CARTESIAN_POINT ( 'NONE',  ( 1.023936363573030306, 0.7599999999999997868, -0.7123193697668354085 ) ) ;
#3590 = CARTESIAN_POINT ( 'NONE',  ( -0.8478366664899465999, 0.7699999999999997957, 1.502611307798314533 ) ) ;
#3591 = EDGE_CURVE ( 'NONE', #3841, #1607, #2912, .T. ) ;
#3592 = CARTESIAN_POINT ( 'NONE',  ( 1.219077112717322109, 0.7599999999999997868, 1.378273464713891894 ) ) ;
#3593 = CARTESIAN_POINT ( 'NONE',  ( 0.4445121951219515588, 0.7699999999999997957, 1.062004573170731936 ) ) ;
#3594 = CARTESIAN_POINT ( 'NONE',  ( -5.000000000000000000, 0.2699999999999987965, -2.600000000000000089 ) ) ;
#3595 = EDGE_LOOP ( 'NONE', ( #598, #5035, #5578, #3972 ) ) ;
#3596 = CARTESIAN_POINT ( 'NONE',  ( -0.6878615709252049459, 0.7699999999999997957, 1.056121088764265137 ) ) ;
#3597 = DIRECTION ( 'NONE',  ( 0.000000000000000000, -0.000000000000000000, 1.000000000000000000 ) ) ;
#3598 = PLANE ( 'NONE',  #2591 ) ;
#3599 = LINE ( 'NONE', #791, #144 ) ;
#3600 = VERTEX_POINT ( 'NONE', #5916 ) ;
#3601 = CARTESIAN_POINT ( 'NONE',  ( 0.2469512195121953413, 0.7599999999999997868, 1.499999999999999556 ) ) ;
#3602 = ORIENTED_EDGE ( 'NONE', *, *, #3142, .T. ) ;
#3603 = VECTOR ( 'NONE', #5256, 1000.000000000000000 ) ;
#3604 = DIRECTION ( 'NONE',  ( -0.7013758018419715690, 0.000000000000000000, -0.7127916838674055455 ) ) ;
#3605 = ADVANCED_FACE ( 'NONE', ( #5439 ), #3135, .F. ) ;
#3606 = CARTESIAN_POINT ( 'NONE',  ( 1.336862274363114444, 0.7599999999999995648, 0.6884311073397508807 ) ) ;
#3607 = EDGE_CURVE ( 'NONE', #4577, #4815, #5887, .T. ) ;
#3608 = CARTESIAN_POINT ( 'NONE',  ( 1.497084569858340819, 0.7599999999999997868, 0.6531183107083952111 ) ) ;
#3609 = ORIENTED_EDGE ( 'NONE', *, *, #1445, .T. ) ;
#3610 = CARTESIAN_POINT ( 'NONE',  ( 0.7155106870546892317, 0.7699999999999997957, 0.7237744651909922000 ) ) ;
#3611 = CARTESIAN_POINT ( 'NONE',  ( -1.542073170731706355, 0.7699999999999997957, 1.500000000000000444 ) ) ;
#3612 = B_SPLINE_SURFACE_WITH_KNOTS ( 'NONE', 3, 1, ( 
 ( #3981, #5465 ),
 ( #722, #752 ),
 ( #4951, #1685 ),
 ( #3073, #2693 ),
 ( #782, #2115 ),
 ( #4471, #3590 ),
 ( #1301, #3953 ),
 ( #391, #4076 ),
 ( #5913, #1783 ),
 ( #880, #2331 ),
 ( #5596, #4202 ) ),
 .UNSPECIFIED., .F., .F., .F.,
 ( 4, 1, 1, 1, 1, 1, 1, 1, 4 ),
 ( 2, 2 ),
 ( 0.000000000000000000, 0.09486441238314491375, 0.1980724508584675858, 0.3084810689754425850, 0.4277993420113759271, 0.5563514963211506625, 0.6938082789308379628, 0.8422017928187639502, 0.9999999999999998890 ),
 ( 0.000000000000000000, 1.000000000000000000 ),
 .UNSPECIFIED. ) ;
#3613 = ADVANCED_FACE ( 'NONE', ( #814 ), #4044, .T. ) ;
#3614 = ORIENTED_EDGE ( 'NONE', *, *, #4554, .F. ) ;
#3615 = ADVANCED_FACE ( 'NONE', ( #1267 ), #279, .F. ) ;
#3616 = ORIENTED_EDGE ( 'NONE', *, *, #3221, .F. ) ;
#3617 = VERTEX_POINT ( 'NONE', #3954 ) ;
#3619 = PLANE ( 'NONE',  #5737 ) ;
#3618 = CARTESIAN_POINT ( 'NONE',  ( 1.089560236352202338, 0.7699999999999997957, 1.397450393303448113 ) ) ;
#3620 = EDGE_CURVE ( 'NONE', #3227, #438, #5797, .T. ) ;
#3621 = VECTOR ( 'NONE', #5184, 1000.000000000000000 ) ;
#3622 = CARTESIAN_POINT ( 'NONE',  ( -2.520000000000001350, 0.7499999999999991118, 2.600000000000000089 ) ) ;
#3623 = CARTESIAN_POINT ( 'NONE',  ( -0.9274390243902435049, 0.7699999999999997957, 1.475819359756098015 ) ) ;
#3624 = CARTESIAN_POINT ( 'NONE',  ( 0.3338303354689522995, 0.7599999999999997868, 1.214617812700073518 ) ) ;
#3625 = LINE ( 'NONE', #5467, #2362 ) ;
#3626 = CARTESIAN_POINT ( 'NONE',  ( 0.5009748782750979013, 0.7599999999999997868, 0.7597213549554092671 ) ) ;
#3627 = CARTESIAN_POINT ( 'NONE',  ( -0.7631478658536581250, 0.7699999999999997957, 1.050000000000000488 ) ) ;
#3628 = ORIENTED_EDGE ( 'NONE', *, *, #663, .T. ) ;
#3629 = DIRECTION ( 'NONE',  ( 1.000000000000000000, 0.000000000000000000, -0.000000000000000000 ) ) ;
#3630 = DIRECTION ( 'NONE',  ( -0.000000000000000000, -1.000000000000000000, -0.000000000000000000 ) ) ;
#3631 = CARTESIAN_POINT ( 'NONE',  ( 1.235257554468759178, 0.7699999999999997957, 1.390530598095980119 ) ) ;
#3632 = CIRCLE ( 'NONE', #2387, 0.09389007349559774784 ) ;
#3633 = LINE ( 'NONE', #1793, #3022 ) ;
#3634 = EDGE_CURVE ( 'NONE', #4088, #1355, #4921, .T. ) ;
#3635 = CARTESIAN_POINT ( 'NONE',  ( 0.000000000000000000, 0.000000000000000000, 2.600000000000000089 ) ) ;
#3636 = ORIENTED_EDGE ( 'NONE', *, *, #4833, .T. ) ;
#3637 = CARTESIAN_POINT ( 'NONE',  ( -0.5658863197154898605, 0.7699999999999997957, 0.9782366548244472160 ) ) ;
#3638 = LINE ( 'NONE', #3213, #3115 ) ;
#3639 = AXIS2_PLACEMENT_3D ( 'NONE', #3375, #2047, #602 ) ;
#3640 = CIRCLE ( 'NONE', #5666, 0.2500000000000002220 ) ;
#3641 = ADVANCED_FACE ( 'NONE', ( #4472 ), #331, .T. ) ;
#3642 = CARTESIAN_POINT ( 'NONE',  ( 0.7956144360561920870, 0.7599999999999997868, 1.041308041637374560 ) ) ;
#3643 = VERTEX_POINT ( 'NONE', #1454 ) ;
#3644 = CARTESIAN_POINT ( 'NONE',  ( 2.449999999999999289, 0.7699999999999997957, 2.600000000000000089 ) ) ;
#3645 = CARTESIAN_POINT ( 'NONE',  ( 0.6456056118040206515, 0.7699999999999997957, 1.509965406928573284 ) ) ;
#3646 = VERTEX_POINT ( 'NONE', #4658 ) ;
#3647 = VERTEX_POINT ( 'NONE', #44 ) ;
#3648 = ORIENTED_EDGE ( 'NONE', *, *, #4075, .F. ) ;
#3650 = DIRECTION ( 'NONE',  ( 1.000000000000000000, 0.000000000000000000, -1.412752671426317870E-14 ) ) ;
#3649 = CARTESIAN_POINT ( 'NONE',  ( -1.495932705747291980, 0.7699999999999997957, -1.079905975674296137 ) ) ;
#3651 = VECTOR ( 'NONE', #5613, 1000.000000000000000 ) ;
#3652 = ADVANCED_FACE ( 'NONE', ( #3687 ), #4203, .F. ) ;
#3653 = VECTOR ( 'NONE', #5261, 1000.000000000000000 ) ;
#3654 = CARTESIAN_POINT ( 'NONE',  ( -0.6667238358217077998, 0.7699999999999997957, 1.506546967184491770 ) ) ;
#3655 = CARTESIAN_POINT ( 'NONE',  ( -1.495932705746873648, 0.7599999999999997868, -1.649203034048184691 ) ) ;
#3656 = DIRECTION ( 'NONE',  ( -0.000000000000000000, 1.000000000000000000, -0.000000000000000000 ) ) ;
#3657 = CARTESIAN_POINT ( 'NONE',  ( 0.4693426150574091515, 0.7699999999999997957, 0.8346021721491954093 ) ) ;
#3658 = DIRECTION ( 'NONE',  ( -1.000000000000000000, 0.000000000000000000, -1.932927468457599532E-14 ) ) ;
#3659 = DIRECTION ( 'NONE',  ( 0.000000000000000000, -0.000000000000000000, -1.000000000000000000 ) ) ;
#3660 = FACE_OUTER_BOUND ( 'NONE', #563, .T. ) ;
#3661 = ORIENTED_EDGE ( 'NONE', *, *, #2740, .F. ) ;
#3662 = DIRECTION ( 'NONE',  ( -0.000000000000000000, 0.000000000000000000, -1.000000000000000000 ) ) ;
#3663 = DIRECTION ( 'NONE',  ( 1.000000000000000000, 0.000000000000000000, 0.000000000000000000 ) ) ;
#3664 = ORIENTED_EDGE ( 'NONE', *, *, #5824, .F. ) ;
#3665 = CARTESIAN_POINT ( 'NONE',  ( -0.2607345472303137512, 0.7699999999999997957, -1.025179901899914370 ) ) ;
#3666 = CARTESIAN_POINT ( 'NONE',  ( -2.450000000000001066, 0.7599999999999997868, -7.507433137598514605 ) ) ;
#3667 = CARTESIAN_POINT ( 'NONE',  ( 1.568606689760121409, 0.7699999999999997957, 0.7682479757975688717 ) ) ;
#3668 = ORIENTED_EDGE ( 'NONE', *, *, #1006, .T. ) ;
#3669 = CARTESIAN_POINT ( 'NONE',  ( -0.4124193354986041005, 0.7699999999999997957, 1.189379007204849570 ) ) ;
#3670 = EDGE_CURVE ( 'NONE', #342, #3646, #3451, .T. ) ;
#3671 = CARTESIAN_POINT ( 'NONE',  ( 1.471047371908032808, 0.7699999999999997957, 0.8626457217306296998 ) ) ;
#3672 = DIRECTION ( 'NONE',  ( -1.000000000000000000, 0.000000000000000000, 0.000000000000000000 ) ) ;
#3673 = VERTEX_POINT ( 'NONE', #5018 ) ;
#3674 = CARTESIAN_POINT ( 'NONE',  ( -0.6210763703663972901, 0.7599999999999997868, 1.384044419768887479 ) ) ;
#3675 = CARTESIAN_POINT ( 'NONE',  ( -2.450000000000001066, 0.000000000000000000, 2.600000000000000089 ) ) ;
#3676 = VERTEX_POINT ( 'NONE', #2851 ) ;
#3677 = EDGE_LOOP ( 'NONE', ( #5816, #958, #3883, #3255 ) ) ;
#3679 = LINE ( 'NONE', #4712, #538 ) ;
#3678 = CARTESIAN_POINT ( 'NONE',  ( 1.237969179866603264, 0.7699999999999997957, 1.504611529083253352 ) ) ;
#3680 = CARTESIAN_POINT ( 'NONE',  ( -0.4123255538533944775, 0.7699999999999997957, 1.251288130277212973 ) ) ;
#3681 = CARTESIAN_POINT ( 'NONE',  ( -0.7769828238272171728, 0.7699999999999997957, 1.050108574162090136 ) ) ;
#3682 = CIRCLE ( 'NONE', #5707, 0.2000000000000000944 ) ;
#3683 = ORIENTED_EDGE ( 'NONE', *, *, #4782, .F. ) ;
#3684 = DIRECTION ( 'NONE',  ( 1.000000000000000000, -8.131516293641279311E-16, 0.000000000000000000 ) ) ;
#3685 = EDGE_CURVE ( 'NONE', #667, #5556, #5597, .T. ) ;
#3686 = CARTESIAN_POINT ( 'NONE',  ( -2.450000000000001066, 0.7599999999999997868, 0.5999999999999998668 ) ) ;
#3687 = FACE_OUTER_BOUND ( 'NONE', #5594, .T. ) ;
#3688 = CARTESIAN_POINT ( 'NONE',  ( 0.8157408892908381004, 0.7599999999999997868, 1.419454016432457166 ) ) ;
#3689 = DIRECTION ( 'NONE',  ( 0.000000000000000000, 0.000000000000000000, 1.000000000000000000 ) ) ;
#3690 = CARTESIAN_POINT ( 'NONE',  ( 1.353773506337060839, 0.7599999999999995648, 1.407269830831566537 ) ) ;
#3691 = ORIENTED_EDGE ( 'NONE', *, *, #4757, .T. ) ;
#3692 = CARTESIAN_POINT ( 'NONE',  ( 0.5168805657015596022, 0.7699999999999997957, 1.495735846669839164 ) ) ;
#3693 = EDGE_CURVE ( 'NONE', #4194, #3329, #5502, .T. ) ;
#3694 = LINE ( 'NONE', #212, #947 ) ;
#3695 = ORIENTED_EDGE ( 'NONE', *, *, #1026, .F. ) ;
#3696 = CARTESIAN_POINT ( 'NONE',  ( -1.081097560975608385, 0.7699999999999997957, 0.6987804878048785584 ) ) ;
#3697 = DIRECTION ( 'NONE',  ( 1.371514608929231637E-14, 0.000000000000000000, 1.000000000000000000 ) ) ;
#3698 = ADVANCED_FACE ( 'NONE', ( #4236 ), #971, .T. ) ;
#3699 = EDGE_LOOP ( 'NONE', ( #2353, #4365, #1442, #5746 ) ) ;
#3700 = CARTESIAN_POINT ( 'NONE',  ( 1.486850855328111454, 0.7599999999999997868, 1.012533269798478353 ) ) ;
#3701 = CARTESIAN_POINT ( 'NONE',  ( -1.014160713550104953, 0.7699999999999997957, -1.168135470357039685 ) ) ;
#3702 = CARTESIAN_POINT ( 'NONE',  ( -0.2607345472303137512, 0.7599999999999997868, -1.025179901899914370 ) ) ;
#3703 = ORIENTED_EDGE ( 'NONE', *, *, #1641, .F. ) ;
#3704 = AXIS2_PLACEMENT_3D ( 'NONE', #3818, #561, #94 ) ;
#3705 = CARTESIAN_POINT ( 'NONE',  ( 1.309108473865310485, 0.7699999999999997957, 0.6881232890242920952 ) ) ;
#3706 = CARTESIAN_POINT ( 'NONE',  ( -0.09329268292682926789, 0.7599999999999997868, -7.507433137598514605 ) ) ;
#3707 = VECTOR ( 'NONE', #3104, 1000.000000000000000 ) ;
#3708 = ORIENTED_EDGE ( 'NONE', *, *, #2167, .F. ) ;
#3709 = EDGE_LOOP ( 'NONE', ( #4513, #4813, #4529, #2713, #3765, #5620, #1142, #4306, #4131, #3628, #1702, #3756, #4763, #4609 ) ) ;
#3711 = DIRECTION ( 'NONE',  ( 0.000000000000000000, 0.000000000000000000, 1.000000000000000000 ) ) ;
#3710 = CARTESIAN_POINT ( 'NONE',  ( 1.458780410409343586, 0.7599999999999997868, 1.464817573644874305 ) ) ;
#3712 = VECTOR ( 'NONE', #5579, 1000.000000000000000 ) ;
#3713 = EDGE_CURVE ( 'NONE', #2043, #2350, #3625, .T. ) ;
#3714 = CARTESIAN_POINT ( 'NONE',  ( -0.6033729083962452444, 0.7599999999999997868, 1.491488736588248543 ) ) ;
#3715 = CARTESIAN_POINT ( 'NONE',  ( -0.09329268292682915686, 0.7699999999999997957, 1.401219512195122530 ) ) ;
#3716 = EDGE_LOOP ( 'NONE', ( #1711, #5032, #4309, #4999 ) ) ;
#3717 = FACE_OUTER_BOUND ( 'NONE', #3802, .T. ) ;
#3718 = LINE ( 'NONE', #3199, #2004 ) ;
#3719 = CARTESIAN_POINT ( 'NONE',  ( 0.6176450592311639731, 0.7699999999999997957, 0.6881232890242917621 ) ) ;
#3720 = CIRCLE ( 'NONE', #3909, 0.2781274262561416744 ) ;
#3721 = CARTESIAN_POINT ( 'NONE',  ( 1.456428610911932431, 0.7599999999999997868, -1.503873276446018314 ) ) ;
#3722 = CARTESIAN_POINT ( 'NONE',  ( 0.5953276170615288132, 0.7599999999999997868, 0.5900135335349340204 ) ) ;
#3723 = CARTESIAN_POINT ( 'NONE',  ( 1.333779150828712456, 0.7599999999999995648, 1.411447399445691753 ) ) ;
#3724 = ORIENTED_EDGE ( 'NONE', *, *, #52, .F. ) ;
#3725 = CARTESIAN_POINT ( 'NONE',  ( 0.5465057652324567528, 0.7699999999999997957, 1.504611529083252464 ) ) ;
#3726 = DIRECTION ( 'NONE',  ( 1.000000000000000000, 0.000000000000000000, 0.000000000000000000 ) ) ;
#3727 = VERTEX_POINT ( 'NONE', #5948 ) ;
#3728 = CARTESIAN_POINT ( 'NONE',  ( 1.333779150828712456, 0.7699999999999997957, 1.411447399445691753 ) ) ;
#3729 = CARTESIAN_POINT ( 'NONE',  ( 0.4018441952349754431, 0.7699999999999997957, 0.7104623967784283733 ) ) ;
#3730 = ORIENTED_EDGE ( 'NONE', *, *, #3586, .T. ) ;
#3731 = CARTESIAN_POINT ( 'NONE',  ( 0.9164634146341466003, 0.7699999999999997957, 1.046227134146341387 ) ) ;
#3732 = B_SPLINE_CURVE_WITH_KNOTS ( 'NONE', 3,
 ( #1849, #45, #999, #910, #5503, #940, #4568, #4078, #5598, #3753, #3688, #1879, #5044, #3265, #5019, #5469, #3295, #1424, #1455 ),
 .UNSPECIFIED., .F., .F.,
 ( 4, 1, 1, 1, 1, 1, 1, 1, 1, 1, 1, 1, 1, 1, 1, 1, 4 ),
 ( 0.000000000000000000, 0.08744171366995015515, 0.1698762761135146349, 0.2475478892597560154, 0.3204266045890417636, 0.3891679136880097367, 0.4541867310641021782, 0.5156085003221925200, 0.5743566985946101378, 0.6303171300237858654, 0.6840112638851241211, 0.7358023297211674363, 0.7867542513876566446, 0.8377857049357649855, 0.8898111534163636316, 0.9437397544987875531, 1.000000000000000000 ),
 .UNSPECIFIED. ) ;
#3733 = EDGE_CURVE ( 'NONE', #3413, #2437, #5076, .T. ) ;
#3734 = DIRECTION ( 'NONE',  ( 0.000000000000000000, 1.000000000000000000, 0.000000000000000000 ) ) ;
#3735 = EDGE_CURVE ( 'NONE', #2810, #1434, #2365, .T. ) ;
#3736 = DIRECTION ( 'NONE',  ( -1.000000000000000000, 1.224646799147353207E-16, 0.000000000000000000 ) ) ;
#3737 = ORIENTED_EDGE ( 'NONE', *, *, #3735, .T. ) ;
#3738 = CARTESIAN_POINT ( 'NONE',  ( -0.4165641175946411812, 0.7599999999999997868, 1.281782203283561294 ) ) ;
#3739 = VECTOR ( 'NONE', #4993, 1000.000000000000000 ) ;
#3740 = CARTESIAN_POINT ( 'NONE',  ( -1.103048780487803970, 0.7599999999999997868, 1.006097560975610650 ) ) ;
#3741 = VECTOR ( 'NONE', #4192, 1000.000000000000000 ) ;
#3742 = ORIENTED_EDGE ( 'NONE', *, *, #5968, .F. ) ;
#3744 = LINE ( 'NONE', #5591, #4493 ) ;
#3743 = CARTESIAN_POINT ( 'NONE',  ( 1.015243902439024737, 0.7699999999999997957, 1.067492378048780832 ) ) ;
#3745 = CARTESIAN_POINT ( 'NONE',  ( -0.4331989661347759868, 0.7599999999999997868, 1.338109448132784873 ) ) ;
#3746 = B_SPLINE_CURVE_WITH_KNOTS ( 'NONE', 3,
 ( #5648, #2554, #5812, #1939, #1512, #2070, #4720, #3776, #3914, #5333, #5169, #264, #2425, #5754, #132, #3034, #1136, #2978, #4818 ),
 .UNSPECIFIED., .F., .F.,
 ( 4, 1, 1, 1, 1, 1, 1, 1, 1, 1, 1, 1, 1, 1, 1, 1, 4 ),
 ( 0.000000000000000000, 0.04737331956546703832, 0.09298221460695955953, 0.1372744129027540227, 0.1811189261003019746, 0.2266199320853928278, 0.2740253879756820443, 0.3245043273600553557, 0.3784618027051720457, 0.4371392850744831859, 0.5005609739062908403, 0.5692366401754133109, 0.6434534003032772453, 0.7234387217903208711, 0.8097448274288706616, 0.9017582518748927800, 1.000000000000000000 ),
 .UNSPECIFIED. ) ;
#3747 = CARTESIAN_POINT ( 'NONE',  ( 1.162631612880145715, 0.7699999999999997957, 0.6357928102497442113 ) ) ;
#3748 = VECTOR ( 'NONE', #4388, 1000.000000000000000 ) ;
#3749 = VERTEX_POINT ( 'NONE', #427 ) ;
#3750 = CARTESIAN_POINT ( 'NONE',  ( -1.542073170731706355, 0.7699999999999997957, 0.6000000000000005329 ) ) ;
#3751 = CARTESIAN_POINT ( 'NONE',  ( -0.5876117935463109898, 0.7599999999999997868, -0.4839251295228553240 ) ) ;
#3752 = CARTESIAN_POINT ( 'NONE',  ( 0.5291573197651906479, 0.7699999999999997957, 0.7241448525850858742 ) ) ;
#3753 = CARTESIAN_POINT ( 'NONE',  ( 0.8368918229910771167, 0.7599999999999997868, 1.391319280114061696 ) ) ;
#3754 = PLANE ( 'NONE',  #2813 ) ;
#3755 = DIRECTION ( 'NONE',  ( -0.000000000000000000, 0.000000000000000000, 1.000000000000000000 ) ) ;
#3756 = ORIENTED_EDGE ( 'NONE', *, *, #3869, .T. ) ;
#3757 = CARTESIAN_POINT ( 'NONE',  ( 0.3652120275795618931, 0.7699999999999997957, 1.333933062788915436 ) ) ;
#3758 = DIRECTION ( 'NONE',  ( 0.000000000000000000, -0.000000000000000000, -1.000000000000000000 ) ) ;
#3759 = CARTESIAN_POINT ( 'NONE',  ( -0.9049090832775932292, 0.7599999999999997868, 1.376757525261209425 ) ) ;
#3760 = DIRECTION ( 'NONE',  ( 0.000000000000000000, -0.000000000000000000, 1.000000000000000000 ) ) ;
#3761 = ORIENTED_EDGE ( 'NONE', *, *, #3607, .T. ) ;
#3762 = CARTESIAN_POINT ( 'NONE',  ( -0.4115853658536581250, 0.7699999999999997957, 1.219778963414634765 ) ) ;
#3763 = CARTESIAN_POINT ( 'NONE',  ( -1.014160713550104953, 0.7699999999999997957, -1.168135470357039685 ) ) ;
#3764 = CARTESIAN_POINT ( 'NONE',  ( -1.293224430140064829, 0.7699999999999997957, -1.649203034048186467 ) ) ;
#3765 = ORIENTED_EDGE ( 'NONE', *, *, #70, .T. ) ;
#3766 = CARTESIAN_POINT ( 'NONE',  ( 1.316387195121951681, 0.7699999999999997957, 0.6878048780487808767 ) ) ;
#3767 = EDGE_LOOP ( 'NONE', ( #5869, #4845, #4965, #3405, #5717, #3580, #4485, #5459, #3442, #5278 ) ) ;
#3769 = CARTESIAN_POINT ( 'NONE',  ( 0.4445121951219513368, 0.7599999999999997868, 1.062004573170731492 ) ) ;
#3768 = LINE ( 'NONE', #1532, #3258 ) ;
#3770 = LINE ( 'NONE', #5618, #1576 ) ;
#3771 = ADVANCED_FACE ( 'NONE', ( #2264 ), #909, .T. ) ;
#3772 = DIRECTION ( 'NONE',  ( -1.000000000000000000, 0.000000000000000000, 1.566985558428477550E-14 ) ) ;
#3773 = ORIENTED_EDGE ( 'NONE', *, *, #3852, .F. ) ;
#3774 = CARTESIAN_POINT ( 'NONE',  ( 0.4553922707762041444, 0.7599999999999997868, 0.8990562859968449505 ) ) ;
#3775 = DIRECTION ( 'NONE',  ( 0.000000000000000000, 1.000000000000000000, 0.000000000000000000 ) ) ;
#3776 = CARTESIAN_POINT ( 'NONE',  ( 1.205783743503096250, 0.7599999999999997868, 0.7405248105775111833 ) ) ;
#3777 = DIRECTION ( 'NONE',  ( 0.7240541451404176598, 0.000000000000000000, 0.6897431369031364889 ) ) ;
#3778 = PLANE ( 'NONE',  #3565 ) ;
#3779 = CARTESIAN_POINT ( 'NONE',  ( -3.103553390593273953, 0.2499999999999997780, -2.600000000000000089 ) ) ;
#3780 = ORIENTED_EDGE ( 'NONE', *, *, #4833, .F. ) ;
#3781 = LINE ( 'NONE', #5629, #4119 ) ;
#3782 = EDGE_CURVE ( 'NONE', #873, #3826, #4630, .T. ) ;
#3783 = CARTESIAN_POINT ( 'NONE',  ( -0.9274390243902435049, 0.7599999999999997868, 1.365548780487805702 ) ) ;
#3784 = FACE_OUTER_BOUND ( 'NONE', #916, .T. ) ;
#3785 = ORIENTED_EDGE ( 'NONE', *, *, #2088, .T. ) ;
#3786 = CARTESIAN_POINT ( 'NONE',  ( -0.6667238358217077998, 0.7699999999999997957, 1.506546967184491770 ) ) ;
#3787 = CARTESIAN_POINT ( 'NONE',  ( 0.4224855284706036107, 0.7599999999999997868, 0.6816808932241339436 ) ) ;
#3788 = LINE ( 'NONE', #3307, #4872 ) ;
#3789 = ORIENTED_EDGE ( 'NONE', *, *, #5364, .T. ) ;
#3790 = CARTESIAN_POINT ( 'NONE',  ( 1.294822128129838656, 0.7599999999999997868, 0.6887482517233337598 ) ) ;
#3791 = EDGE_CURVE ( 'NONE', #3086, #2228, #5109, .T. ) ;
#3792 = EDGE_CURVE ( 'NONE', #3600, #3643, #4843, .T. ) ;
#3793 = ORIENTED_EDGE ( 'NONE', *, *, #4982, .T. ) ;
#3795 = CARTESIAN_POINT ( 'NONE',  ( -1.542073170731706355, 0.7599999999999997868, 0.5999999999999998668 ) ) ;
#3794 = CARTESIAN_POINT ( 'NONE',  ( 0.4397368032010574024, 0.7699999999999997957, 1.447344517896008043 ) ) ;
#3796 = ADVANCED_FACE ( 'NONE', ( #5365 ), #2217, .T. ) ;
#3797 = VECTOR ( 'NONE', #5866, 1000.000000000000000 ) ;
#3798 = EDGE_CURVE ( 'NONE', #4958, #4184, #3746, .T. ) ;
#3799 = CARTESIAN_POINT ( 'NONE',  ( 1.252603942230680056, 0.7599999999999997868, 1.400397734626948498 ) ) ;
#3800 = EDGE_CURVE ( 'NONE', #3544, #604, #3453, .T. ) ;
#3801 = CARTESIAN_POINT ( 'NONE',  ( 5.000000000000000000, 0.000000000000000000, -2.600000000000000089 ) ) ;
#3802 = EDGE_LOOP ( 'NONE', ( #320, #1639, #4069, #4059 ) ) ;
#3803 = EDGE_CURVE ( 'NONE', #4051, #5395, #1016, .T. ) ;
#3804 = ORIENTED_EDGE ( 'NONE', *, *, #1706, .F. ) ;
#3805 = DIRECTION ( 'NONE',  ( 0.000000000000000000, 1.000000000000000000, 0.000000000000000000 ) ) ;
#3806 = CARTESIAN_POINT ( 'NONE',  ( 0.8992120866982190597, 0.7600000000000000089, 0.8471464229908015620 ) ) ;
#3807 = CARTESIAN_POINT ( 'NONE',  ( 0.4504724052319078464, 0.7599999999999997868, 0.9356905508304356189 ) ) ;
#3808 = CARTESIAN_POINT ( 'NONE',  ( -0.6085470295934756191, 0.7699999999999997957, 1.085305502445337300 ) ) ;
#3809 = CARTESIAN_POINT ( 'NONE',  ( 1.279714504865973490, 0.7599999999999997868, -0.4839251295229604621 ) ) ;
#3810 = ORIENTED_EDGE ( 'NONE', *, *, #2278, .T. ) ;
#3811 = CARTESIAN_POINT ( 'NONE',  ( 0.3278181400210381513, 0.7599999999999995648, 1.168417697036874703 ) ) ;
#3812 = VECTOR ( 'NONE', #5889, 1000.000000000000000 ) ;
#3813 = CARTESIAN_POINT ( 'NONE',  ( -0.7496057053338414100, 0.7599999999999997868, 1.412079978315272211 ) ) ;
#3814 = DIRECTION ( 'NONE',  ( -0.000000000000000000, -0.000000000000000000, -1.000000000000000000 ) ) ;
#3815 = CARTESIAN_POINT ( 'NONE',  ( 0.5212253049132753446, 0.7699999999999997957, -0.1242909593553395142 ) ) ;
#3816 = CARTESIAN_POINT ( 'NONE',  ( 1.336862274363114444, 0.7599999999999997868, 0.6884311073397508807 ) ) ;
#3817 = VECTOR ( 'NONE', #1013, 1000.000000000000000 ) ;
#3818 = CARTESIAN_POINT ( 'NONE',  ( -3.082842712474619162, 0.4699999999999988631, -2.600000000000000089 ) ) ;
#3819 = EDGE_CURVE ( 'NONE', #3520, #1314, #5875, .T. ) ;
#3820 = EDGE_CURVE ( 'NONE', #2747, #5671, #1742, .T. ) ;
#3821 = CARTESIAN_POINT ( 'NONE',  ( -0.5323170731707311809, 0.7599999999999997868, 1.227153201219513212 ) ) ;
#3822 = ORIENTED_EDGE ( 'NONE', *, *, #5863, .T. ) ;
#3823 = CARTESIAN_POINT ( 'NONE',  ( -0.7248378035292398769, 0.7599999999999997868, 1.510765566370258162 ) ) ;
#3824 = B_SPLINE_SURFACE_WITH_KNOTS ( 'NONE', 3, 1, ( 
 ( #579, #1029 ),
 ( #2880, #3157 ),
 ( #380, #3645 ),
 ( #4130, #1255 ),
 ( #4583, #5009 ),
 ( #801, #2226 ),
 ( #3123, #4 ),
 ( #2250, #447 ),
 ( #1802, #4558 ),
 ( #3578, #1321 ),
 ( #3094, #4462 ),
 ( #4495, #1351 ),
 ( #415, #3187 ),
 ( #2283, #1835 ),
 ( #2162, #773 ),
 ( #2650, #1771 ),
 ( #2712, #5488 ),
 ( #4940, #898 ),
 ( #2195, #5935 ) ),
 .UNSPECIFIED., .F., .F., .F.,
 ( 4, 1, 1, 1, 1, 1, 1, 1, 1, 1, 1, 1, 1, 1, 1, 1, 4 ),
 ( 2, 2 ),
 ( 0.000000000000000000, 0.05626024550121244694, 0.1101888465836363684, 0.1622142950642350145, 0.2132457486123433554, 0.2641976702788325637, 0.3159887361148758789, 0.3696828699762141346, 0.4256433014053898622, 0.4843914996778074800, 0.5458132689358978773, 0.6108320863119902633, 0.6795733954109581809, 0.7524521107402439846, 0.8301237238864853651, 0.9125582863300498726, 1.000000000000000000 ),
 ( 0.000000000000000000, 1.000000000000000000 ),
 .UNSPECIFIED. ) ;
#3825 = EDGE_CURVE ( 'NONE', #1215, #5700, #379, .T. ) ;
#3826 = VERTEX_POINT ( 'NONE', #3577 ) ;
#3828 = CARTESIAN_POINT ( 'NONE',  ( -0.9104735774180996444, 0.7699999999999997957, 1.484634929151850802 ) ) ;
#3827 = CARTESIAN_POINT ( 'NONE',  ( 1.607722288519435105, 0.7599999999999997868, 1.064469353966157161 ) ) ;
#3829 = AXIS2_PLACEMENT_3D ( 'NONE', #1096, #1577, #5265 ) ;
#3830 = B_SPLINE_CURVE_WITH_KNOTS ( 'NONE', 3,
 ( #3281, #122, #5126, #4707, #1015, #4161, #5664, #5550, #596, #1528, #2415, #1046, #3369, #1956, #537, #5186, #4616, #477, #2383 ),
 .UNSPECIFIED., .F., .F.,
 ( 4, 1, 1, 1, 1, 1, 1, 1, 1, 1, 1, 1, 1, 1, 1, 1, 4 ),
 ( 0.000000000000000000, 0.07311097863980910161, 0.1427163625997056318, 0.2093342775539381584, 0.2740417002862162166, 0.3365169556271569440, 0.3982069297656998241, 0.4590086733383967887, 0.5195507362522339134, 0.5796987050645920903, 0.6382005993985715442, 0.6961203200338538233, 0.7541528447644907374, 0.8127993795403226640, 0.8728360432877734221, 0.9350609913430659725, 1.000000000000000000 ),
 .UNSPECIFIED. ) ;
#3831 = CARTESIAN_POINT ( 'NONE',  ( 1.015823280089624081, 0.7599999999999992317, 1.011410105044662888 ) ) ;
#3832 = VECTOR ( 'NONE', #3656, 1000.000000000000000 ) ;
#3833 = ORIENTED_EDGE ( 'NONE', *, *, #1177, .T. ) ;
#3834 = ORIENTED_EDGE ( 'NONE', *, *, #1108, .T. ) ;
#3835 = CARTESIAN_POINT ( 'NONE',  ( -0.4124193354986041005, 0.7599999999999997868, 1.189379007204849570 ) ) ;
#3836 = PERSON_AND_ORGANIZATION_ROLE ( 'classification_officer' ) ;
#3837 = VECTOR ( 'NONE', #1051, 1000.000000000000000 ) ;
#3838 = CARTESIAN_POINT ( 'NONE',  ( 1.015243902439024737, 0.7699999999999997957, 1.067492378048780832 ) ) ;
#3839 = CARTESIAN_POINT ( 'NONE',  ( -0.09329268292682915686, 0.7699999999999997957, 0.6000000000000005329 ) ) ;
#3840 = LINE ( 'NONE', #2027, #3603 ) ;
#3841 = VERTEX_POINT ( 'NONE', #3217 ) ;
#3842 = CARTESIAN_POINT ( 'NONE',  ( 0.9268439216028121486, 0.7699999999999997957, -0.4839251295229549110 ) ) ;
#3843 = CARTESIAN_POINT ( 'NONE',  ( 1.323332223625660831, 0.7699999999999997957, 0.6880172914037875342 ) ) ;
#3844 = CARTESIAN_POINT ( 'NONE',  ( -1.421341463414633077, 0.7699999999999997957, 1.500000000000000444 ) ) ;
#3845 = ORIENTED_EDGE ( 'NONE', *, *, #1677, .F. ) ;
#3846 = AXIS2_PLACEMENT_3D ( 'NONE', #1435, #3276, #4670 ) ;
#3847 = DIRECTION ( 'NONE',  ( -0.000000000000000000, 0.000000000000000000, 1.000000000000000000 ) ) ;
#3848 = CARTESIAN_POINT ( 'NONE',  ( 0.9916545292830794001, 0.7599999999999997868, -1.025179901899849089 ) ) ;
#3849 = CARTESIAN_POINT ( 'NONE',  ( -0.5782464905995039484, 0.7599999999999997868, 1.108370100759486165 ) ) ;
#3850 = ORIENTED_EDGE ( 'NONE', *, *, #3825, .F. ) ;
#3851 = CARTESIAN_POINT ( 'NONE',  ( 1.141935819866054524, 0.7699999999999997957, 0.9356905508304361740 ) ) ;
#3852 = EDGE_CURVE ( 'NONE', #5066, #342, #4040, .T. ) ;
#3853 = VERTEX_POINT ( 'NONE', #2711 ) ;
#3854 = CARTESIAN_POINT ( 'NONE',  ( 0.5780739532428117444, 0.7699999999999997957, 1.510102841502850568 ) ) ;
#3855 = CARTESIAN_POINT ( 'NONE',  ( -5.000000000000000000, 0.000000000000000000, -2.600000000000000089 ) ) ;
#3856 = VECTOR ( 'NONE', #3597, 1000.000000000000000 ) ;
#3857 = DIRECTION ( 'NONE',  ( 0.000000000000000000, 0.000000000000000000, 1.000000000000000000 ) ) ;
#3858 = VERTEX_POINT ( 'NONE', #4494 ) ;
#3859 = VECTOR ( 'NONE', #4632, 1000.000000000000000 ) ;
#3860 = ORIENTED_EDGE ( 'NONE', *, *, #3876, .T. ) ;
#3862 = CARTESIAN_POINT ( 'NONE',  ( -0.5162874725351594973, 0.7599999999999997868, 1.004744540578431433 ) ) ;
#3861 = DIRECTION ( 'NONE',  ( 0.000000000000000000, 0.000000000000000000, 1.000000000000000000 ) ) ;
#3863 = DIRECTION ( 'NONE',  ( 0.000000000000000000, 1.000000000000000000, 0.000000000000000000 ) ) ;
#3864 = CARTESIAN_POINT ( 'NONE',  ( 0.3342930454262337259, 0.7699999999999997957, 0.9076161350652367510 ) ) ;
#3865 = SECURITY_CLASSIFICATION ( '', '', #691 ) ;
#3866 = CARTESIAN_POINT ( 'NONE',  ( -1.421341463414633077, 0.7699999999999997957, 0.6987804878048793356 ) ) ;
#3867 = VERTEX_POINT ( 'NONE', #3644 ) ;
#3868 = CARTESIAN_POINT ( 'NONE',  ( -0.4581059576621213103, 0.7699999999999997957, 1.060511065528261909 ) ) ;
#3869 = EDGE_CURVE ( 'NONE', #4620, #2158, #5487, .T. ) ;
#3870 = LINE ( 'NONE', #5710, #3653 ) ;
#3871 = DIRECTION ( 'NONE',  ( 1.000000000000000000, 0.000000000000000000, -0.000000000000000000 ) ) ;
#3872 = ORIENTED_EDGE ( 'NONE', *, *, #4278, .T. ) ;
#3873 = CARTESIAN_POINT ( 'NONE',  ( 0.9916545292830794001, 0.7599999999999997868, -0.8930402112659507896 ) ) ;
#3874 = ADVANCED_FACE ( 'NONE', ( #3186 ), #2743, .F. ) ;
#3875 = CARTESIAN_POINT ( 'NONE',  ( -0.2140243902439023238, 0.7699999999999997957, 0.6000000000000005329 ) ) ;
#3876 = EDGE_CURVE ( 'NONE', #4114, #5058, #4939, .T. ) ;
#3877 = AXIS2_PLACEMENT_3D ( 'NONE', #2757, #3233, #4598 ) ;
#3878 = LINE ( 'NONE', #4384, #1248 ) ;
#3879 = EDGE_CURVE ( 'NONE', #4270, #5809, #2318, .T. ) ;
#3880 = DIRECTION ( 'NONE',  ( 2.768752121067988577E-15, 0.000000000000000000, -1.000000000000000000 ) ) ;
#3881 = EDGE_LOOP ( 'NONE', ( #5529, #2809, #480, #3211 ) ) ;
#3882 = CARTESIAN_POINT ( 'NONE',  ( -1.293224430140339054, 0.7599999999999997868, -0.3052017748453165757 ) ) ;
#3883 = ORIENTED_EDGE ( 'NONE', *, *, #376, .F. ) ;
#3884 = CARTESIAN_POINT ( 'NONE',  ( -0.9274390243902435049, 0.7599999999999997868, 1.475819359756098015 ) ) ;
#3885 = CARTESIAN_POINT ( 'NONE',  ( -0.6569658014791084355, 0.7599999999999997868, 1.399814810590809699 ) ) ;
#3886 = LINE ( 'NONE', #2952, #4612 ) ;
#3887 = EDGE_LOOP ( 'NONE', ( #206, #5583, #2778, #4530 ) ) ;
#3888 = ORIENTED_EDGE ( 'NONE', *, *, #4415, .F. ) ;
#3890 = CARTESIAN_POINT ( 'NONE',  ( -0.5658863197154898605, 0.7599999999999997868, 0.9782366548244472160 ) ) ;
#3889 = CARTESIAN_POINT ( 'NONE',  ( 2.416446609406727397, 0.4999999999999991673, -2.600000000000000089 ) ) ;
#3891 = PERSON_AND_ORGANIZATION ( #4016, #2818 ) ;
#3892 = EDGE_CURVE ( 'NONE', #96, #2521, #592, .T. ) ;
#3893 = CIRCLE ( 'NONE', #708, 0.2781274262561416744 ) ;
#3894 = CARTESIAN_POINT ( 'NONE',  ( 0.4711681982459989260, 0.7699999999999997957, 0.6357928102497442113 ) ) ;
#3895 = CARTESIAN_POINT ( 'NONE',  ( 1.454587058114300557, 0.7599999999999997868, 1.299056863816489216 ) ) ;
#3896 = ORIENTED_EDGE ( 'NONE', *, *, #4427, .T. ) ;
#3897 = CARTESIAN_POINT ( 'NONE',  ( -2.555287407554770240, 0.4447125924452310919, 2.600000000000000089 ) ) ;
#3898 = VECTOR ( 'NONE', #3507, 1000.000000000000000 ) ;
#3899 = EDGE_CURVE ( 'NONE', #4154, #552, #4256, .T. ) ;
#3900 = CARTESIAN_POINT ( 'NONE',  ( -2.416446609406727397, 0.4999999999999991673, 2.600000000000000089 ) ) ;
#3901 = ORIENTED_EDGE ( 'NONE', *, *, #4504, .T. ) ;
#3902 = DIRECTION ( 'NONE',  ( 0.000000000000000000, 1.000000000000000000, 0.000000000000000000 ) ) ;
#3903 = LINE ( 'NONE', #1603, #5749 ) ;
#3904 = CARTESIAN_POINT ( 'NONE',  ( 1.389171573208458632, 0.7699999999999997957, 0.5955939372084155803 ) ) ;
#3905 = CARTESIAN_POINT ( 'NONE',  ( -0.5661145253622513751, 0.7599999999999997868, 1.122127141342211365 ) ) ;
#3906 = ORIENTED_EDGE ( 'NONE', *, *, #3354, .F. ) ;
#3907 = EDGE_CURVE ( 'NONE', #3471, #831, #5765, .T. ) ;
#3908 = CARTESIAN_POINT ( 'NONE',  ( -0.7417111280487800329, 0.7599999999999997868, 1.412195121951219656 ) ) ;
#3909 = AXIS2_PLACEMENT_3D ( 'NONE', #4623, #3312, #3711 ) ;
#3910 = CARTESIAN_POINT ( 'NONE',  ( 1.138424206218564771, 0.7599999999999997868, 1.143231155084991402 ) ) ;
#3911 = ORIENTED_EDGE ( 'NONE', *, *, #426, .F. ) ;
#3912 = CARTESIAN_POINT ( 'NONE',  ( 0.6310975609756100946, 0.7699999999999997957, 0.5890243902439025181 ) ) ;
#3913 = CARTESIAN_POINT ( 'NONE',  ( -0.5463637575834227045, 0.7599999999999997868, 1.302697930808077942 ) ) ;
#3914 = CARTESIAN_POINT ( 'NONE',  ( 1.192438292909244302, 0.7599999999999997868, 0.7597213549554096002 ) ) ;
#3915 = EDGE_CURVE ( 'NONE', #5919, #4977, #3830, .T. ) ;
#3916 = CARTESIAN_POINT ( 'NONE',  ( -1.293224430140345715, 0.7699999999999997957, -0.7765663011559551521 ) ) ;
#3917 = ORIENTED_EDGE ( 'NONE', *, *, #1566, .F. ) ;
#3918 = ORIENTED_EDGE ( 'NONE', *, *, #3473, .T. ) ;
#3920 = CARTESIAN_POINT ( 'NONE',  ( -0.4161586046540788897, 0.7599999999999997868, 1.160056088506455696 ) ) ;
#3919 = CARTESIAN_POINT ( 'NONE',  ( 1.025293750103097867, 0.7699999999999997957, 1.214617812700073074 ) ) ;
#3921 = VECTOR ( 'NONE', #955, 1000.000000000000000 ) ;
#3922 = DIRECTION ( 'NONE',  ( -1.000000000000000000, 0.000000000000000000, 1.402124967903882866E-14 ) ) ;
#3923 = CARTESIAN_POINT ( 'NONE',  ( 0.7414245153308856029, 0.7599999999999997868, 1.343928308114217707 ) ) ;
#3924 = ORIENTED_EDGE ( 'NONE', *, *, #3957, .T. ) ;
#3925 = CARTESIAN_POINT ( 'NONE',  ( -0.6677958863311638238, 0.7599999999999997868, -0.3990918483411401430 ) ) ;
#3926 = VECTOR ( 'NONE', #3941, 1000.000000000000000 ) ;
#3927 = CARTESIAN_POINT ( 'NONE',  ( 0.7776807936084675354, 0.7599999999999997868, -0.6355160981517656849 ) ) ;
#3928 = ORIENTED_EDGE ( 'NONE', *, *, #1847, .T. ) ;
#3929 = LINE ( 'NONE', #5350, #5200 ) ;
#3930 = CARTESIAN_POINT ( 'NONE',  ( -0.1006876842073865796, 0.7599999999999997868, -0.4839251295228619854 ) ) ;
#3931 = DIRECTION ( 'NONE',  ( -0.7240541451403367246, 0.000000000000000000, -0.6897431369032216431 ) ) ;
#3932 = VECTOR ( 'NONE', #5033, 1000.000000000000000 ) ;
#3933 = DIRECTION ( 'NONE',  ( 1.000000000000000000, 0.000000000000000000, 0.000000000000000000 ) ) ;
#3934 = FACE_BOUND ( 'NONE', #2614, .T. ) ;
#3935 = ORIENTED_EDGE ( 'NONE', *, *, #3869, .F. ) ;
#3936 = CARTESIAN_POINT ( 'NONE',  ( 1.138369115263882625, 0.7599999999999997868, 0.9752258162901519256 ) ) ;
#3937 = AXIS2_PLACEMENT_3D ( 'NONE', #4020, #2636, #3933 ) ;
#3938 = CARTESIAN_POINT ( 'NONE',  ( 1.271508376361146109, 0.7599999999999997868, 1.407211200787210847 ) ) ;
#3939 = ORIENTED_EDGE ( 'NONE', *, *, #1229, .T. ) ;
#3940 = CARTESIAN_POINT ( 'NONE',  ( 0.3980968217180566038, 0.7699999999999997957, 1.397450393303448557 ) ) ;
#3941 = DIRECTION ( 'NONE',  ( -1.000000000000000000, 0.000000000000000000, 1.591416883062486049E-14 ) ) ;
#3942 = CARTESIAN_POINT ( 'NONE',  ( 0.9160297127793505245, 0.7699999999999997957, 0.9919800281037854939 ) ) ;
#3943 = CARTESIAN_POINT ( 'NONE',  ( 1.141935819866054524, 0.7699999999999997957, 0.9356905508304361740 ) ) ;
#3944 = ORIENTED_EDGE ( 'NONE', *, *, #383, .F. ) ;
#3945 = EDGE_LOOP ( 'NONE', ( #1458, #5514, #1805, #174 ) ) ;
#3947 = CARTESIAN_POINT ( 'NONE',  ( 0.6977081585743125647, 0.7599999999999997868, 0.5955939372084153582 ) ) ;
#3946 = CARTESIAN_POINT ( 'NONE',  ( 1.019281554655184552, 0.7599999999999995648, 1.168417697036875369 ) ) ;
#3948 = ADVANCED_FACE ( 'NONE', ( #31 ), #1300, .T. ) ;
#3949 = LINE ( 'NONE', #3351, #1840 ) ;
#3950 = CARTESIAN_POINT ( 'NONE',  ( 0.8271066901824266626, 0.7699999999999997957, 0.6763580223664809044 ) ) ;
#3951 = ORIENTED_EDGE ( 'NONE', *, *, #4247, .T. ) ;
#3952 = LINE ( 'NONE', #3355, #4792 ) ;
#3953 = CARTESIAN_POINT ( 'NONE',  ( -0.8229597860795826447, 0.7699999999999997957, 1.506268348291801784 ) ) ;
#3954 = CARTESIAN_POINT ( 'NONE',  ( 1.019553266744817055, 0.7599999999999997868, -1.199375013914661947 ) ) ;
#3955 = LINE ( 'NONE', #785, #2755 ) ;
#3956 = DIRECTION ( 'NONE',  ( -0.000000000000000000, 0.000000000000000000, -1.000000000000000000 ) ) ;
#3957 = EDGE_CURVE ( 'NONE', #680, #5381, #2548, .T. ) ;
#3958 = LINE ( 'NONE', #2009, #3048 ) ;
#3959 = CARTESIAN_POINT ( 'NONE',  ( 1.603886160179604614, 0.7699999999999997957, 0.9401460629065310215 ) ) ;
#3960 = CARTESIAN_POINT ( 'NONE',  ( 1.316387195121951681, 0.7699999999999997957, 0.6878048780487808767 ) ) ;
#3961 = CARTESIAN_POINT ( 'NONE',  ( 3.000000000000000000, -2.449293598294706414E-16, 2.600000000000000089 ) ) ;
#3962 = ORIENTED_EDGE ( 'NONE', *, *, #4662, .F. ) ;
#3963 = LINE ( 'NONE', #5806, #4136 ) ;
#3964 = ORIENTED_EDGE ( 'NONE', *, *, #1453, .F. ) ;
#3965 = CARTESIAN_POINT ( 'NONE',  ( 0.2469512195121951748, 0.7699999999999997957, 1.401219512195122530 ) ) ;
#3966 = ORIENTED_EDGE ( 'NONE', *, *, #1404, .T. ) ;
#3967 = CARTESIAN_POINT ( 'NONE',  ( 0.7853832330778289794, 0.7599999999999997868, 1.211187042981139328 ) ) ;
#3968 = CARTESIAN_POINT ( 'NONE',  ( 0.3237804878048783919, 0.7699999999999997957, 1.067492378048780610 ) ) ;
#3969 = CARTESIAN_POINT ( 'NONE',  ( 0.8771432751259746752, 0.7600000000000000089, 0.7682479757975683166 ) ) ;
#3970 = CARTESIAN_POINT ( 'NONE',  ( 0.4469057006297367240, 0.7699999999999997957, 0.9752258162901517036 ) ) ;
#3971 = VERTEX_POINT ( 'NONE', #258 ) ;
#3972 = ORIENTED_EDGE ( 'NONE', *, *, #2088, .F. ) ;
#3974 = FACE_OUTER_BOUND ( 'NONE', #4025, .T. ) ;
#3973 = CARTESIAN_POINT ( 'NONE',  ( 1.015243902439024737, 0.7599999999999995648, 1.067492378048780832 ) ) ;
#3975 = EDGE_CURVE ( 'NONE', #1192, #4744, #203, .T. ) ;
#3976 = CC_DESIGN_DATE_AND_TIME_ASSIGNMENT ( #131, #2023, ( #223 ) ) ;
#3977 = EDGE_CURVE ( 'NONE', #3337, #3436, #705, .T. ) ;
#3978 = CARTESIAN_POINT ( 'NONE',  ( -0.2563660438559333676, 0.7599999999999997868, -1.199375013914536270 ) ) ;
#3979 = CARTESIAN_POINT ( 'NONE',  ( 0.8460040700160912364, 0.7699999999999997957, 0.7035280647751616101 ) ) ;
#3980 = PLANE ( 'NONE',  #2479 ) ;
#3981 = CARTESIAN_POINT ( 'NONE',  ( -0.9274390243902435049, 0.7599999999999997868, 1.475819359756098015 ) ) ;
#3982 = AXIS2_PLACEMENT_3D ( 'NONE', #3763, #3734, #4672 ) ;
#3983 = CARTESIAN_POINT ( 'NONE',  ( 1.160275842694846071, 0.7699999999999997957, 1.274815124306817538 ) ) ;
#3984 = CARTESIAN_POINT ( 'NONE',  ( 0.5276136980831755974, 0.7699999999999997957, 1.378273464713891672 ) ) ;
#3985 = CARTESIAN_POINT ( 'NONE',  ( -0.7368627174620842046, 0.7699999999999997957, 1.050313073841816713 ) ) ;
#3986 = AXIS2_PLACEMENT_3D ( 'NONE', #5656, #1546, #1067 ) ;
#3987 = ORIENTED_EDGE ( 'NONE', *, *, #5181, .F. ) ;
#3988 = FACE_OUTER_BOUND ( 'NONE', #5891, .T. ) ;
#3989 = CARTESIAN_POINT ( 'NONE',  ( 1.135975609756098015, 0.7699999999999997957, 1.062004573170732158 ) ) ;
#3990 = CARTESIAN_POINT ( 'NONE',  ( 0.7722979666162598233, 0.7599999999999997868, 0.8323696326485687802 ) ) ;
#3991 = CARTESIAN_POINT ( 'NONE',  ( -1.277922768258310970, 0.7599999999999997868, -1.079905975674299468 ) ) ;
#3992 = ORIENTED_EDGE ( 'NONE', *, *, #3402, .F. ) ;
#3993 = LINE ( 'NONE', #437, #1919 ) ;
#3994 = ORIENTED_EDGE ( 'NONE', *, *, #3357, .F. ) ;
#3995 = CARTESIAN_POINT ( 'NONE',  ( 1.160275842694846071, 0.7599999999999997868, 1.274815124306817538 ) ) ;
#3996 = EDGE_CURVE ( 'NONE', #2350, #5632, #2974, .T. ) ;
#3997 = ORIENTED_EDGE ( 'NONE', *, *, #4942, .T. ) ;
#3998 = CARTESIAN_POINT ( 'NONE',  ( 0.7527477505777150357, 0.7599999999999997868, 1.322746769008860790 ) ) ;
#3999 = CARTESIAN_POINT ( 'NONE',  ( 0.7795839572738867407, 0.7699999999999997957, 0.8626457217306293668 ) ) ;
#4000 = CARTESIAN_POINT ( 'NONE',  ( -0.5323170731707311809, 0.7599999999999997868, 1.227153201219513212 ) ) ;
#4001 = CARTESIAN_POINT ( 'NONE',  ( -1.495932705747291980, 0.7599999999999997868, -1.079905975674296137 ) ) ;
#4002 = EDGE_CURVE ( 'NONE', #2702, #824, #4307, .T. ) ;
#4003 = ORIENTED_EDGE ( 'NONE', *, *, #3693, .T. ) ;
#4004 = ORIENTED_EDGE ( 'NONE', *, *, #2862, .F. ) ;
#4006 = CARTESIAN_POINT ( 'NONE',  ( -1.277922768258310970, 0.7599999999999997868, -1.079905975674299468 ) ) ;
#4005 = CARTESIAN_POINT ( 'NONE',  ( 3.103553390593273953, -2.322477269963798012E-16, -2.600000000000000089 ) ) ;
#4007 = PLANE ( 'NONE',  #4793 ) ;
#4008 = CARTESIAN_POINT ( 'NONE',  ( -0.2800876308487951216, 0.7599999999999997868, -0.7123193697668176450 ) ) ;
#4009 = FACE_OUTER_BOUND ( 'NONE', #568, .T. ) ;
#4010 = CARTESIAN_POINT ( 'NONE',  ( 0.3244839543459067666, 0.7599999999999997868, 1.118990199611845426 ) ) ;
#4011 = CARTESIAN_POINT ( 'NONE',  ( 1.136334606762554378, 0.7699999999999997957, 1.103530555674705482 ) ) ;
#4012 = CARTESIAN_POINT ( 'NONE',  ( 0.4553013763679187309, 0.7600000000000001199, 1.214420153770696453 ) ) ;
#4013 = VECTOR ( 'NONE', #1149, 1000.000000000000000 ) ;
#4014 = LINE ( 'NONE', #5505, #3081 ) ;
#4015 = VECTOR ( 'NONE', #2930, 1000.000000000000000 ) ;
#4016 = PERSON ( '未指定', '未指定', '未指定', ('未指定'), ('未指定'), ('未指定') ) ;
#4017 = ORIENTED_EDGE ( 'NONE', *, *, #1677, .T. ) ;
#4018 = CARTESIAN_POINT ( 'NONE',  ( -0.4554878048780482969, 0.7699999999999997957, 0.6000000000000005329 ) ) ;
#4019 = CARTESIAN_POINT ( 'NONE',  ( -0.4306485298155433572, 0.7699999999999997957, -1.356522286983777636 ) ) ;
#4020 = CARTESIAN_POINT ( 'NONE',  ( 0.000000000000000000, 0.000000000000000000, 2.600000000000000089 ) ) ;
#4021 = EDGE_CURVE ( 'NONE', #3114, #3039, #2042, .T. ) ;
#4022 = CARTESIAN_POINT ( 'NONE',  ( -0.09329268292682915686, 0.7699999999999997957, 0.6000000000000005329 ) ) ;
#4023 = ORIENTED_EDGE ( 'NONE', *, *, #5389, .F. ) ;
#4024 = CARTESIAN_POINT ( 'NONE',  ( 1.279714504865973490, 0.7699999999999997957, -0.4839251295229604621 ) ) ;
#4025 = EDGE_LOOP ( 'NONE', ( #2041, #1896, #3275, #434 ) ) ;
#4026 = CARTESIAN_POINT ( 'NONE',  ( -0.4434271011388504213, 0.7699999999999997957, 1.082532946252666495 ) ) ;
#4027 = CARTESIAN_POINT ( 'NONE',  ( 1.445169975471511492, 0.7699999999999997957, 0.7803492590744705026 ) ) ;
#4028 = AXIS2_PLACEMENT_3D ( 'NONE', #2518, #287, #3000 ) ;
#4029 = EDGE_CURVE ( 'NONE', #2422, #1292, #3029, .T. ) ;
#4030 = CARTESIAN_POINT ( 'NONE',  ( 0.7956060265424214073, 0.7599999999999997868, 1.070524470881337287 ) ) ;
#4031 = CARTESIAN_POINT ( 'NONE',  ( 1.473691839631696032, 0.7599999999999997868, 0.6330019528771939630 ) ) ;
#4032 = EDGE_LOOP ( 'NONE', ( #2508, #962, #949, #3636 ) ) ;
#4033 = CARTESIAN_POINT ( 'NONE',  ( -0.5399815728255479286, 0.7599999999999997868, 1.285252365571777800 ) ) ;
#4034 = DIRECTION ( 'NONE',  ( -0.000000000000000000, -1.000000000000000000, -0.000000000000000000 ) ) ;
#4035 = EDGE_CURVE ( 'NONE', #5279, #4796, #2201, .T. ) ;
#4036 = ORIENTED_EDGE ( 'NONE', *, *, #3975, .T. ) ;
#4037 = ORIENTED_EDGE ( 'NONE', *, *, #4344, .F. ) ;
#4039 = CARTESIAN_POINT ( 'NONE',  ( -0.8123395944363368537, 0.7699999999999997957, 1.405937880106885807 ) ) ;
#4038 = CARTESIAN_POINT ( 'NONE',  ( -0.8433192445419670502, 0.7599999999999997868, 1.051676394770146850 ) ) ;
#4040 = B_SPLINE_CURVE_WITH_KNOTS ( 'NONE', 3,
 ( #5903, #3122, #832, #5934, #5843, #5429, #5064, #1770, #897, #926, #446, #2682, #3610, #3156, #868, #1801, #5398, #1285, #4461 ),
 .UNSPECIFIED., .F., .F.,
 ( 4, 1, 1, 1, 1, 1, 1, 1, 1, 1, 1, 1, 1, 1, 1, 1, 4 ),
 ( 0.000000000000000000, 0.09928876216571749791, 0.1921876541913135339, 0.2791672117176803858, 0.3600125316959810196, 0.4349086015798040439, 0.5040881505262123641, 0.5678465373278864803, 0.6267692068661905314, 0.6810810782054483870, 0.7313862562486811436, 0.7784434097355636961, 0.8231311183514028462, 0.8666133534268157801, 0.9097944485516713531, 0.9536971340198143743, 1.000000000000000000 ),
 .UNSPECIFIED. ) ;
#4041 = DIRECTION ( 'NONE',  ( -0.000000000000000000, -1.000000000000000000, -0.000000000000000000 ) ) ;
#4042 = CYLINDRICAL_SURFACE ( 'NONE', #1871, 0.2000000000000000944 ) ;
#4043 = CARTESIAN_POINT ( 'NONE',  ( 1.456428610911932431, 0.7699999999999997957, -1.503873276446018314 ) ) ;
#4044 = B_SPLINE_SURFACE_WITH_KNOTS ( 'NONE', 3, 1, ( 
 ( #5377, #4953 ),
 ( #5857, #2235 ),
 ( #1302, #4011 ),
 ( #4540, #3046 ),
 ( #1686, #754 ),
 ( #4046, #2143 ),
 ( #1753, #2663 ),
 ( #5826, #3983 ),
 ( #4410, #4507 ),
 ( #1720, #5319 ),
 ( #2207, #783 ),
 ( #393, #4988 ),
 ( #3592, #5348 ),
 ( #2175, #2601 ),
 ( #4858, #2116 ),
 ( #850, #3074 ),
 ( #5411, #3527 ),
 ( #2630, #1236 ),
 ( #724, #360 ) ),
 .UNSPECIFIED., .F., .F., .F.,
 ( 4, 1, 1, 1, 1, 1, 1, 1, 1, 1, 1, 1, 1, 1, 1, 1, 4 ),
 ( 2, 2 ),
 ( 0.000000000000000000, 0.09697942603676498741, 0.1881792242325919795, 0.2729478490636774168, 0.3518960118323621877, 0.4254998963396904865, 0.4932977494323597112, 0.5564930178660326687, 0.6144896589205336435, 0.6688315566574664084, 0.7193994760383196629, 0.7674305292249518073, 0.8133638072036853961, 0.8583580849957381798, 0.9039393915510373079, 0.9508273802187595658, 0.9999999999999998890 ),
 ( 0.000000000000000000, 1.000000000000000000 ),
 .UNSPECIFIED. ) ;
#4045 = CARTESIAN_POINT ( 'NONE',  ( 0.7105538824803776521, 0.7699999999999997957, 1.494936210435809931 ) ) ;
#4046 = CARTESIAN_POINT ( 'NONE',  ( 1.146764791002065076, 0.7599999999999997868, 1.214420153770696453 ) ) ;
#4047 = AXIS2_PLACEMENT_3D ( 'NONE', #646, #2489, #4335 ) ;
#4048 = CARTESIAN_POINT ( 'NONE',  ( 0.5800449617270002634, 0.7600000000000001199, 1.407211200787210625 ) ) ;
#4049 = CARTESIAN_POINT ( 'NONE',  ( -0.7542245620812718654, 0.7699999999999997957, 1.050106282565048010 ) ) ;
#4050 = EDGE_CURVE ( 'NONE', #2765, #1215, #175, .T. ) ;
#4051 = VERTEX_POINT ( 'NONE', #3908 ) ;
#4052 = CARTESIAN_POINT ( 'NONE',  ( -1.495932705746868541, 0.7699999999999997957, -1.258020211424584645 ) ) ;
#4053 = CARTESIAN_POINT ( 'NONE',  ( 1.113948943104750233, 0.7599999999999997868, 0.6816808932241341656 ) ) ;
#4054 = DIRECTION ( 'NONE',  ( 0.000000000000000000, 0.000000000000000000, 1.000000000000000000 ) ) ;
#4055 = DIRECTION ( 'NONE',  ( -0.000000000000000000, 1.000000000000000000, -0.000000000000000000 ) ) ;
#4056 = EDGE_LOOP ( 'NONE', ( #1859, #3602, #1382, #2975 ) ) ;
#4057 = ADVANCED_FACE ( 'NONE', ( #5747 ), #1609, .F. ) ;
#4058 = CARTESIAN_POINT ( 'NONE',  ( -1.421341463414633077, 0.7699999999999997957, 1.104878048780488120 ) ) ;
#4059 = ORIENTED_EDGE ( 'NONE', *, *, #4257, .F. ) ;
#4060 = CARTESIAN_POINT ( 'NONE',  ( 0.5171617500477554419, 0.7599999999999997868, -0.3737557984242693698 ) ) ;
#4061 = EDGE_CURVE ( 'NONE', #2344, #4452, #3963, .T. ) ;
#4062 = CARTESIAN_POINT ( 'NONE',  ( 1.391679041711844533, 0.7699999999999997957, 0.7103779437168884492 ) ) ;
#4063 = ADVANCED_FACE ( 'NONE', ( #4788 ), #1667, .T. ) ;
#4064 = CARTESIAN_POINT ( 'NONE',  ( 0.7932390734716167069, 0.7599999999999997868, 0.9707836246393392043 ) ) ;
#4065 = VERTEX_POINT ( 'NONE', #5449 ) ;
#4066 = CARTESIAN_POINT ( 'NONE',  ( -0.5463637575834227045, 0.7599999999999997868, 1.302697930808077942 ) ) ;
#4067 = CARTESIAN_POINT ( 'NONE',  ( -2.413866051317460570, 0.3032912362079218660, -2.600000000000000089 ) ) ;
#4068 = VERTEX_POINT ( 'NONE', #5924 ) ;
#4069 = ORIENTED_EDGE ( 'NONE', *, *, #5960, .F. ) ;
#4070 = ORIENTED_EDGE ( 'NONE', *, *, #5824, .T. ) ;
#4072 = CARTESIAN_POINT ( 'NONE',  ( -0.7417111280487800329, 0.7699999999999997957, 1.412195121951219878 ) ) ;
#4071 = CARTESIAN_POINT ( 'NONE',  ( 1.577328745522045494, 0.7699999999999997957, 1.286265459232918129 ) ) ;
#4073 = PLANE ( 'NONE',  #5720 ) ;
#4074 = LINE ( 'NONE', #1750, #1601 ) ;
#4075 = EDGE_CURVE ( 'NONE', #1679, #1828, #4902, .T. ) ;
#4076 = CARTESIAN_POINT ( 'NONE',  ( -0.7960660291242821485, 0.7699999999999997957, 1.508990299789505496 ) ) ;
#4077 = DIRECTION ( 'NONE',  ( 0.7087852990372013329, 0.000000000000000000, 0.7054242694072448971 ) ) ;
#4078 = CARTESIAN_POINT ( 'NONE',  ( 0.8720102837594060352, 0.7599999999999997868, 1.324600227924191964 ) ) ;
#4079 = PLANE ( 'NONE',  #5675 ) ;
#4080 = ORIENTED_EDGE ( 'NONE', *, *, #3169, .T. ) ;
#4081 = CARTESIAN_POINT ( 'NONE',  ( -0.7368627174620842046, 0.7699999999999997957, 1.050313073841816713 ) ) ;
#4082 = EDGE_CURVE ( 'NONE', #2928, #3867, #1732, .T. ) ;
#4083 = FACE_OUTER_BOUND ( 'NONE', #5421, .T. ) ;
#4084 = CARTESIAN_POINT ( 'NONE',  ( 1.219077112717322109, 0.7699999999999997957, 1.378273464713891894 ) ) ;
#4085 = DIRECTION ( 'NONE',  ( 0.000000000000000000, 0.000000000000000000, 1.000000000000000000 ) ) ;
#4086 = VECTOR ( 'NONE', #613, 1000.000000000000000 ) ;
#4087 = CARTESIAN_POINT ( 'NONE',  ( 1.135975609756098015, 0.7599999999999997868, 1.062004573170731492 ) ) ;
#4088 = VERTEX_POINT ( 'NONE', #3085 ) ;
#4089 = VECTOR ( 'NONE', #3323, 1000.000000000000000 ) ;
#4090 = CARTESIAN_POINT ( 'NONE',  ( -0.6884651616699384302, 0.7699999999999997957, 0.9516700191041863599 ) ) ;
#4091 = LINE ( 'NONE', #4970, #1490 ) ;
#4092 = ADVANCED_FACE ( 'NONE', ( #5897 ), #1245, .F. ) ;
#4093 = CARTESIAN_POINT ( 'NONE',  ( 0.7537065608373648695, 0.7699999999999997957, 0.7803492590744699475 ) ) ;
#4094 = ORIENTED_EDGE ( 'NONE', *, *, #1407, .T. ) ;
#4095 = CARTESIAN_POINT ( 'NONE',  ( -0.5546633711883781626, 0.7599999999999997868, 1.319057722362789731 ) ) ;
#4096 = DIRECTION ( 'NONE',  ( 1.000000000000000000, -0.000000000000000000, 0.000000000000000000 ) ) ;
#4097 = ORIENTED_EDGE ( 'NONE', *, *, #3463, .F. ) ;
#4098 = B_SPLINE_CURVE_WITH_KNOTS ( 'NONE', 3,
 ( #2980, #4819, #1083, #2525, #1507, #4369, #5307, #236, #4844, #713, #128, #5786, #2556, #3490, #3943, #3037, #1191, #2105, #5337 ),
 .UNSPECIFIED., .F., .F.,
 ( 4, 1, 1, 1, 1, 1, 1, 1, 1, 1, 1, 1, 1, 1, 1, 1, 4 ),
 ( 0.000000000000000000, 0.04737331956546703832, 0.09298221460695955953, 0.1372744129027540227, 0.1811189261003019746, 0.2266199320853928278, 0.2740253879756820443, 0.3245043273600553557, 0.3784618027051720457, 0.4371392850744831859, 0.5005609739062908403, 0.5692366401754133109, 0.6434534003032772453, 0.7234387217903208711, 0.8097448274288706616, 0.9017582518748927800, 1.000000000000000000 ),
 .UNSPECIFIED. ) ;
#4099 = VERTEX_POINT ( 'NONE', #2243 ) ;
#4100 = EDGE_LOOP ( 'NONE', ( #4326, #2272, #3576, #1258 ) ) ;
#4101 = ORIENTED_EDGE ( 'NONE', *, *, #1957, .F. ) ;
#4103 = LINE ( 'NONE', #5404, #2658 ) ;
#4102 = CARTESIAN_POINT ( 'NONE',  ( 1.071862640297585934, 0.7699999999999997957, 1.367369651798794994 ) ) ;
#4104 = ADVANCED_FACE ( 'NONE', ( #5961 ), #5000, .T. ) ;
#4105 = VECTOR ( 'NONE', #895, 1000.000000000000000 ) ;
#4106 = CARTESIAN_POINT ( 'NONE',  ( -0.4455443046470929369, 0.7599999999999997868, 1.363974623253687790 ) ) ;
#4107 = B_SPLINE_CURVE_WITH_KNOTS ( 'NONE', 3,
 ( #5696, #207, #3399, #1504, #5190, #1959, #4738, #5218, #2842, #2418, #3884 ),
 .UNSPECIFIED., .F., .F.,
 ( 4, 1, 1, 1, 1, 1, 1, 1, 4 ),
 ( 0.000000000000000000, 0.1577982071812359666, 0.3061917210691619262, 0.4436485036788491709, 0.5722006579886239619, 0.6915189310245573040, 0.8019275491415323032, 0.9051355876168549752, 0.9999999999999998890 ),
 .UNSPECIFIED. ) ;
#4108 = DIRECTION ( 'NONE',  ( -1.211420806669687495E-14, 0.000000000000000000, -1.000000000000000000 ) ) ;
#4109 = DIRECTION ( 'NONE',  ( 0.000000000000000000, 0.000000000000000000, -1.000000000000000000 ) ) ;
#4110 = DIRECTION ( 'NONE',  ( 0.000000000000000000, 0.000000000000000000, -1.000000000000000000 ) ) ;
#4111 = CARTESIAN_POINT ( 'NONE',  ( 1.272779648922131024, 0.7699999999999997957, -0.3052017748453783041 ) ) ;
#4112 = LINE ( 'NONE', #1755, #4157 ) ;
#4113 = CARTESIAN_POINT ( 'NONE',  ( 1.484781670793507313, 0.7699999999999997957, 1.138776230506281184 ) ) ;
#4114 = VERTEX_POINT ( 'NONE', #1827 ) ;
#4115 = CARTESIAN_POINT ( 'NONE',  ( 0.9268439216028121486, 0.7599999999999997868, -0.4839251295229549110 ) ) ;
#4116 = DIRECTION ( 'NONE',  ( 0.6880188545941320344, 0.000000000000000000, -0.7256928108524836052 ) ) ;
#4117 = ORIENTED_EDGE ( 'NONE', *, *, #3735, .F. ) ;
#4118 = CARTESIAN_POINT ( 'NONE',  ( 1.463155328137120348, 0.7699999999999997957, 1.272453177102624400 ) ) ;
#4119 = VECTOR ( 'NONE', #669, 1000.000000000000000 ) ;
#4120 = CARTESIAN_POINT ( 'NONE',  ( 1.015823280089624081, 0.7699999999999997957, 1.011410105044662888 ) ) ;
#4121 = DIRECTION ( 'NONE',  ( -0.7240541451400011042, 0.000000000000000000, -0.6897431369035739168 ) ) ;
#4122 = ORIENTED_EDGE ( 'NONE', *, *, #1106, .F. ) ;
#4123 = DIRECTION ( 'NONE',  ( 1.000000000000000000, 0.000000000000000000, 0.000000000000000000 ) ) ;
#4124 = DIRECTION ( 'NONE',  ( -1.000000000000000000, -0.000000000000000000, 0.000000000000000000 ) ) ;
#4125 = AXIS2_PLACEMENT_3D ( 'NONE', #2328, #906, #4715 ) ;
#4126 = AXIS2_PLACEMENT_3D ( 'NONE', #1398, #2983, #2050 ) ;
#4127 = CARTESIAN_POINT ( 'NONE',  ( 0.7635182248647848224, 0.7599999999999997868, 0.8049979215760428852 ) ) ;
#4128 = ORIENTED_EDGE ( 'NONE', *, *, #1644, .F. ) ;
#4129 = CARTESIAN_POINT ( 'NONE',  ( -0.7417111280487800329, 0.7599999999999997868, 1.412195121951219656 ) ) ;
#4130 = CARTESIAN_POINT ( 'NONE',  ( 0.6790436601874728639, 0.7599999999999994538, 1.504112681236899007 ) ) ;
#4131 = ORIENTED_EDGE ( 'NONE', *, *, #2388, .T. ) ;
#4132 = EDGE_LOOP ( 'NONE', ( #835, #4910, #539, #5240, #2323, #1993, #2786, #4678, #378, #1927 ) ) ;
#4133 = ORIENTED_EDGE ( 'NONE', *, *, #2543, .F. ) ;
#4135 = DIRECTION ( 'NONE',  ( 0.000000000000000000, 0.000000000000000000, -1.000000000000000000 ) ) ;
#4134 = CARTESIAN_POINT ( 'NONE',  ( 1.302324695121951592, 0.7699999999999997957, 1.510975609756098015 ) ) ;
#4136 = VECTOR ( 'NONE', #4837, 1000.000000000000000 ) ;
#4137 = VECTOR ( 'NONE', #3502, 1000.000000000000000 ) ;
#4138 = CIRCLE ( 'NONE', #4424, 0.2781274262561416744 ) ;
#4139 = CARTESIAN_POINT ( 'NONE',  ( -0.5476263027075407575, 0.7699999999999997957, 1.466358859896788713 ) ) ;
#4140 = LINE ( 'NONE', #5164, #3344 ) ;
#4141 = ORIENTED_EDGE ( 'NONE', *, *, #836, .F. ) ;
#4142 = DIRECTION ( 'NONE',  ( -0.000000000000000000, -1.000000000000000000, -0.000000000000000000 ) ) ;
#4143 = DIRECTION ( 'NONE',  ( 0.000000000000000000, -0.000000000000000000, 1.000000000000000000 ) ) ;
#4144 = CARTESIAN_POINT ( 'NONE',  ( 0.5455142612775299993, 0.7599999999999997868, 0.7108169158841715074 ) ) ;
#4145 = DIRECTION ( 'NONE',  ( 0.7087852990366821926, 0.000000000000000000, 0.7054242694077663689 ) ) ;
#4146 = CARTESIAN_POINT ( 'NONE',  ( 1.312957317073170982, 0.7699999999999997957, 1.412195121951219656 ) ) ;
#4147 = VERTEX_POINT ( 'NONE', #1763 ) ;
#4148 = CARTESIAN_POINT ( 'NONE',  ( 0.4397368032010574024, 0.7699999999999997957, 1.447344517896008043 ) ) ;
#4149 = CARTESIAN_POINT ( 'NONE',  ( 1.269537367876957701, 0.7599999999999997868, 1.510102841502850124 ) ) ;
#4150 = ORIENTED_EDGE ( 'NONE', *, *, #3782, .T. ) ;
#4151 = LINE ( 'NONE', #3696, #1340 ) ;
#4152 = CARTESIAN_POINT ( 'NONE',  ( 0.3538585603580438610, 0.7699999999999997957, 0.8180046116497661224 ) ) ;
#4153 = CARTESIAN_POINT ( 'NONE',  ( 1.473691839631696032, 0.7699999999999997957, 0.6330019528771939630 ) ) ;
#4154 = VERTEX_POINT ( 'NONE', #4058 ) ;
#4155 = CARTESIAN_POINT ( 'NONE',  ( 1.487195121951219612, 0.7599999999999997868, 1.056173780487805081 ) ) ;
#4156 = DIRECTION ( 'NONE',  ( -0.7013758018419841145, 0.000000000000000000, -0.7127916838673933331 ) ) ;
#4157 = VECTOR ( 'NONE', #1787, 1000.000000000000000 ) ;
#4158 = EDGE_CURVE ( 'NONE', #1874, #286, #4930, .T. ) ;
#4159 = DIRECTION ( 'NONE',  ( -0.7071067811865487940, 0.7071067811865463515, 0.000000000000000000 ) ) ;
#4160 = EDGE_LOOP ( 'NONE', ( #2049, #5185, #146, #5105 ) ) ;
#4161 = CARTESIAN_POINT ( 'NONE',  ( -0.6569658014791084355, 0.7699999999999997957, 1.399814810590809699 ) ) ;
#4162 = CARTESIAN_POINT ( 'NONE',  ( -1.014160713550104953, 0.7699999999999997957, -1.168135470357039685 ) ) ;
#4163 = ORIENTED_EDGE ( 'NONE', *, *, #4839, .F. ) ;
#4164 = ORIENTED_EDGE ( 'NONE', *, *, #4860, .T. ) ;
#4166 = CARTESIAN_POINT ( 'NONE',  ( 0.8527055422691242059, 0.7599999999999997868, -0.3052017748453723645 ) ) ;
#4165 = CARTESIAN_POINT ( 'NONE',  ( 1.547193434481601182, 0.7599999999999997868, 1.359695648085031294 ) ) ;
#4167 = CARTESIAN_POINT ( 'NONE',  ( -0.7888974194041936672, 0.7699999999999997957, 1.409469754599792291 ) ) ;
#4168 = CARTESIAN_POINT ( 'NONE',  ( 1.252481926652104116, 0.7699999999999997957, 0.5958635433812362603 ) ) ;
#4169 = VECTOR ( 'NONE', #3658, 1000.000000000000000 ) ;
#4170 = VERTEX_POINT ( 'NONE', #3601 ) ;
#4171 = CARTESIAN_POINT ( 'NONE',  ( 0.5633684634102782418, 0.7599999999999997868, 0.7005178147430811686 ) ) ;
#4172 = EDGE_CURVE ( 'NONE', #4796, #1122, #2704, .T. ) ;
#4173 = CARTESIAN_POINT ( 'NONE',  ( 0.6033587134956925890, 0.7699999999999997957, 0.6887482517233334267 ) ) ;
#4174 = DIRECTION ( 'NONE',  ( 0.9991543195835282942, 0.000000000000000000, -0.04111746171125637422 ) ) ;
#4175 = CARTESIAN_POINT ( 'NONE',  ( 0.5953276170615288132, 0.7699999999999997957, 0.5900135335349340204 ) ) ;
#4176 = CARTESIAN_POINT ( 'NONE',  ( 0.5212253049132753446, 0.7699999999999997957, -0.1242909593553395142 ) ) ;
#4177 = ORIENTED_EDGE ( 'NONE', *, *, #4415, .T. ) ;
#4178 = CARTESIAN_POINT ( 'NONE',  ( 0.3240195022785396506, 0.7599999999999995648, 1.084989620629220441 ) ) ;
#4179 = EDGE_CURVE ( 'NONE', #5612, #4903, #2610, .T. ) ;
#4180 = DIRECTION ( 'NONE',  ( 0.000000000000000000, 0.000000000000000000, 1.000000000000000000 ) ) ;
#4181 = VERTEX_POINT ( 'NONE', #1344 ) ;
#4182 = DIRECTION ( 'NONE',  ( 0.000000000000000000, 1.000000000000000000, 0.000000000000000000 ) ) ;
#4183 = CARTESIAN_POINT ( 'NONE',  ( 0.5288362637693343471, 0.7699999999999997957, 0.6051682785941017162 ) ) ;
#4184 = VERTEX_POINT ( 'NONE', #4087 ) ;
#4185 = CARTESIAN_POINT ( 'NONE',  ( 1.484702488105762663, 0.7599999999999997868, 0.9707836246393393154 ) ) ;
#4186 = CARTESIAN_POINT ( 'NONE',  ( 1.279714504865973490, 0.7599999999999997868, -0.4839251295229604621 ) ) ;
#4187 = B_SPLINE_CURVE_WITH_KNOTS ( 'NONE', 3,
 ( #3371, #2016, #3854, #2385, #5616, #1473, #3311, #3794, #262, #3940, #3514, #1134, #710, #3090, #681, #3060, #5362, #5396, #2976 ),
 .UNSPECIFIED., .F., .F.,
 ( 4, 1, 1, 1, 1, 1, 1, 1, 1, 1, 1, 1, 1, 1, 1, 1, 4 ),
 ( 0.000000000000000000, 0.05603985952507985202, 0.1092998096634133776, 0.1611367880925371199, 0.2117520666770185966, 0.2624215750523271051, 0.3138370126196214915, 0.3670969627579549477, 0.4227747856106863766, 0.4813544446619645312, 0.5429283450879769379, 0.6078009428411533799, 0.6767246608579455813, 0.7501625208766301567, 0.8284183513048586356, 0.9117013351124153564, 0.9999999999999998890 ),
 .UNSPECIFIED. ) ;
#4188 = LINE ( 'NONE', #475, #2763 ) ;
#4189 = ORIENTED_EDGE ( 'NONE', *, *, #3357, .T. ) ;
#4190 = VECTOR ( 'NONE', #5911, 1000.000000000000000 ) ;
#4191 = CARTESIAN_POINT ( 'NONE',  ( -0.6677958863311638238, 0.7599999999999997868, -0.3052017748455423951 ) ) ;
#4192 = DIRECTION ( 'NONE',  ( 0.000000000000000000, -0.000000000000000000, 1.000000000000000000 ) ) ;
#4193 = VECTOR ( 'NONE', #2300, 1000.000000000000000 ) ;
#4194 = VERTEX_POINT ( 'NONE', #4484 ) ;
#4196 = PLANE ( 'NONE',  #5555 ) ;
#4195 = DIRECTION ( 'NONE',  ( 0.000000000000000000, 1.000000000000000000, 0.000000000000000000 ) ) ;
#4197 = VECTOR ( 'NONE', #1379, 1000.000000000000000 ) ;
#4198 = CARTESIAN_POINT ( 'NONE',  ( -0.8818607780649393435, 0.7699999999999997957, 1.386055698235000744 ) ) ;
#4199 = CARTESIAN_POINT ( 'NONE',  ( -0.8806091538170995880, 0.7699999999999997957, 1.054014657109898723 ) ) ;
#4200 = EDGE_LOOP ( 'NONE', ( #874, #2941, #2317, #3789, #1774, #488, #3785, #5777, #536, #2304 ) ) ;
#4201 = CARTESIAN_POINT ( 'NONE',  ( -0.6677958863311623805, 0.7699999999999997957, -0.3052017748455451707 ) ) ;
#4202 = CARTESIAN_POINT ( 'NONE',  ( -0.7369092987804872763, 0.7699999999999997957, 1.510975609756098015 ) ) ;
#4203 = PLANE ( 'NONE',  #2645 ) ;
#4204 = AXIS2_PLACEMENT_3D ( 'NONE', #2166, #876, #5040 ) ;
#4205 = PLANE ( 'NONE',  #3877 ) ;
#4206 = CARTESIAN_POINT ( 'NONE',  ( -0.5470393391602383915, 0.7599999999999997868, 1.152575034076662730 ) ) ;
#4207 = CARTESIAN_POINT ( 'NONE',  ( 1.463155328137120348, 0.7699999999999997957, 1.272453177102624400 ) ) ;
#4208 = ORIENTED_EDGE ( 'NONE', *, *, #5801, .F. ) ;
#4209 = CARTESIAN_POINT ( 'NONE',  ( 0.3980968217180566038, 0.7599999999999995648, 1.397450393303448557 ) ) ;
#4210 = CARTESIAN_POINT ( 'NONE',  ( -2.450000000000001066, 0.7699999999999997957, -7.507433137598514605 ) ) ;
#4211 = CARTESIAN_POINT ( 'NONE',  ( 1.402017297114523942, 0.7699999999999997957, 1.494936210435810153 ) ) ;
#4212 = CARTESIAN_POINT ( 'NONE',  ( 0.4459131941693963430, 0.7699999999999997957, 0.6570535513085223878 ) ) ;
#4213 = ORIENTED_EDGE ( 'NONE', *, *, #5075, .T. ) ;
#4214 = CARTESIAN_POINT ( 'NONE',  ( 1.391679041711844533, 0.7599999999999997868, 0.7103779437168884492 ) ) ;
#4215 = DIRECTION ( 'NONE',  ( -0.000000000000000000, -1.000000000000000000, -0.000000000000000000 ) ) ;
#4216 = EDGE_CURVE ( 'NONE', #3581, #4618, #311, .T. ) ;
#4217 = AXIS2_PLACEMENT_3D ( 'NONE', #3589, #2628, #1718 ) ;
#4218 = DIRECTION ( 'NONE',  ( -1.000000000000000000, -1.224646799147353207E-16, 0.000000000000000000 ) ) ;
#4219 = ORIENTED_EDGE ( 'NONE', *, *, #4224, .T. ) ;
#4220 = CARTESIAN_POINT ( 'NONE',  ( 1.274051455466975069, 0.7699999999999997957, 0.6930163764281568328 ) ) ;
#4221 = EDGE_CURVE ( 'NONE', #4452, #1, #2185, .T. ) ;
#4222 = VECTOR ( 'NONE', #997, 1000.000000000000000 ) ;
#4223 = AXIS2_PLACEMENT_3D ( 'NONE', #2352, #1262, #5551 ) ;
#4224 = EDGE_CURVE ( 'NONE', #3647, #2527, #5420, .T. ) ;
#4225 = CIRCLE ( 'NONE', #1224, 0.09389007349559774784 ) ;
#4226 = ORIENTED_EDGE ( 'NONE', *, *, #2568, .F. ) ;
#4228 = LINE ( 'NONE', #1839, #2411 ) ;
#4227 = CARTESIAN_POINT ( 'NONE',  ( 1.169443403010012927, 0.7599999999999997868, -1.056587774214004849 ) ) ;
#4229 = EDGE_CURVE ( 'NONE', #5206, #5536, #4967, .T. ) ;
#4230 = CARTESIAN_POINT ( 'NONE',  ( -0.9274390243902435049, 0.7699999999999997957, 1.365548780487805258 ) ) ;
#4231 = CARTESIAN_POINT ( 'NONE',  ( -1.103048780487803970, 0.7599999999999997868, 1.104878048780488342 ) ) ;
#4232 = VECTOR ( 'NONE', #678, 1000.000000000000000 ) ;
#4233 = ORIENTED_EDGE ( 'NONE', *, *, #3159, .F. ) ;
#4234 = FACE_OUTER_BOUND ( 'NONE', #2646, .T. ) ;
#4235 = LINE ( 'NONE', #938, #4222 ) ;
#4236 = FACE_OUTER_BOUND ( 'NONE', #2238, .T. ) ;
#4237 = VECTOR ( 'NONE', #150, 1000.000000000000000 ) ;
#4238 = LINE ( 'NONE', #2905, #2046 ) ;
#4239 = CARTESIAN_POINT ( 'NONE',  ( -0.5402815407792382896, 0.7699999999999997957, 1.169513634214981446 ) ) ;
#4240 = FACE_OUTER_BOUND ( 'NONE', #1181, .T. ) ;
#4241 = ORIENTED_EDGE ( 'NONE', *, *, #747, .F. ) ;
#4242 = CARTESIAN_POINT ( 'NONE',  ( 0.5997484167568540858, 0.7699999999999997957, 1.510679795626614919 ) ) ;
#4243 = ADVANCED_FACE ( 'NONE', ( #371 ), #825, .T. ) ;
#4244 = CARTESIAN_POINT ( 'NONE',  ( 0.5171617500477554419, 0.7599999999999997868, -0.3737557984242693698 ) ) ;
#4245 = CARTESIAN_POINT ( 'NONE',  ( 1.484003219639211890, 0.7699999999999997957, 1.443968577453645930 ) ) ;
#4246 = DIRECTION ( 'NONE',  ( -1.000000000000000000, 0.000000000000000000, 1.358247235106230255E-14 ) ) ;
#4247 = EDGE_CURVE ( 'NONE', #2620, #2895, #4523, .T. ) ;
#4248 = EDGE_LOOP ( 'NONE', ( #2445, #4931, #650, #5962 ) ) ;
#4249 = CARTESIAN_POINT ( 'NONE',  ( 1.406974101688835521, 0.7599999999999997868, 0.7237744651909925331 ) ) ;
#4250 = CARTESIAN_POINT ( 'NONE',  ( 0.2469512195121951748, 0.7699999999999997957, 1.401219512195122530 ) ) ;
#4251 = EDGE_CURVE ( 'NONE', #1986, #3337, #3993, .T. ) ;
#4252 = CC_DESIGN_PERSON_AND_ORGANIZATION_ASSIGNMENT ( #4772, #3836, ( #3865 ) ) ;
#4253 = LINE ( 'NONE', #2381, #1790 ) ;
#4254 = ORIENTED_EDGE ( 'NONE', *, *, #520, .F. ) ;
#4255 = EDGE_CURVE ( 'NONE', #5150, #342, #2275, .T. ) ;
#4256 = LINE ( 'NONE', #2774, #5859 ) ;
#4257 = EDGE_CURVE ( 'NONE', #575, #2073, #2393, .T. ) ;
#4258 = ORIENTED_EDGE ( 'NONE', *, *, #2808, .F. ) ;
#4260 = PLANE ( 'NONE',  #4974 ) ;
#4259 = CARTESIAN_POINT ( 'NONE',  ( 0.1766575670847883583, 0.7599999999999997868, -1.199375013914542487 ) ) ;
#4261 = CARTESIAN_POINT ( 'NONE',  ( 1.486850855328111454, 0.7599999999999995648, 1.012533269798478353 ) ) ;
#4262 = CARTESIAN_POINT ( 'NONE',  ( -0.8433192445419670502, 0.7599999999999997868, 1.051676394770146850 ) ) ;
#4263 = EDGE_LOOP ( 'NONE', ( #129, #1171, #385, #4164, #3268, #5006, #2337, #5094, #525, #321, #3901, #2034, #1045, #449, #3730, #5174, #3459, #5098, #4331, #54, #4943, #3222, #3248, #2094, #4070, #3822, #4776, #2446, #1377, #2633, #1074, #2838, #3550, #3531, #1949, #5937, #1915, #232, #4581, #3189, #703, #1756 ) ) ;
#4264 = DIRECTION ( 'NONE',  ( -0.000000000000000000, 1.000000000000000000, -0.000000000000000000 ) ) ;
#4265 = APPROVAL_DATE_TIME ( #661, #2734 ) ;
#4266 = CARTESIAN_POINT ( 'NONE',  ( 0.9072073654611069182, 0.7600000000000000089, 0.8918399474877638511 ) ) ;
#4267 = CARTESIAN_POINT ( 'NONE',  ( 0.4446391585009633052, 0.7599999999999997868, 1.046910941819221730 ) ) ;
#4268 = DIRECTION ( 'NONE',  ( -1.000000000000000000, 0.000000000000000000, 0.000000000000000000 ) ) ;
#4269 = DIRECTION ( 'NONE',  ( 0.7240541451404176598, 0.000000000000000000, 0.6897431369031364889 ) ) ;
#4270 = VERTEX_POINT ( 'NONE', #5112 ) ;
#4271 = EDGE_CURVE ( 'NONE', #30, #594, #1486, .T. ) ;
#4272 = LINE ( 'NONE', #1488, #647 ) ;
#4273 = EDGE_CURVE ( 'NONE', #2329, #935, #4661, .T. ) ;
#4274 = CARTESIAN_POINT ( 'NONE',  ( 1.391679041711844533, 0.7699999999999997957, 0.7103779437168884492 ) ) ;
#4275 = CARTESIAN_POINT ( 'NONE',  ( 1.286791031695675214, 0.7699999999999997957, 0.5900135335349343535 ) ) ;
#4276 = ORIENTED_EDGE ( 'NONE', *, *, #5468, .F. ) ;
#4277 = CARTESIAN_POINT ( 'NONE',  ( 1.421183527892546872, 0.7599999999999997868, 0.7396667916856042302 ) ) ;
#4278 = EDGE_CURVE ( 'NONE', #5939, #5657, #2759, .T. ) ;
#4279 = CARTESIAN_POINT ( 'NONE',  ( 2.593223304703364374, 0.6767766952966357552, -2.600000000000000089 ) ) ;
#4280 = DIRECTION ( 'NONE',  ( 0.000000000000000000, -0.000000000000000000, 1.000000000000000000 ) ) ;
#4281 = ORIENTED_EDGE ( 'NONE', *, *, #2625, .F. ) ;
#4282 = CARTESIAN_POINT ( 'NONE',  ( -0.7369092987804872763, 0.7599999999999997868, 1.510975609756097571 ) ) ;
#4283 = VECTOR ( 'NONE', #1395, 1000.000000000000000 ) ;
#4284 = ORIENTED_EDGE ( 'NONE', *, *, #3685, .T. ) ;
#4286 = CARTESIAN_POINT ( 'NONE',  ( 0.7002156270776986879, 0.7599999999999997868, 0.7103779437168882271 ) ) ;
#4285 = DIRECTION ( 'NONE',  ( 0.000000000000000000, 0.000000000000000000, -1.000000000000000000 ) ) ;
#4287 = VECTOR ( 'NONE', #5025, 1000.000000000000000 ) ;
#4288 = CARTESIAN_POINT ( 'NONE',  ( 1.169341898662861201, 0.7599999999999997868, 1.300824508769389043 ) ) ;
#4289 = LINE ( 'NONE', #5726, #2090 ) ;
#4290 = ORIENTED_EDGE ( 'NONE', *, *, #2398, .T. ) ;
#4291 = EDGE_LOOP ( 'NONE', ( #201, #4454, #5121, #3951, #351, #3158, #4476, #2066, #2833, #1257 ) ) ;
#4292 = CARTESIAN_POINT ( 'NONE',  ( -1.421341463414633077, 0.7699999999999997957, 0.6987804878048785584 ) ) ;
#4293 = PERSON_AND_ORGANIZATION ( #4016, #2818 ) ;
#4294 = CARTESIAN_POINT ( 'NONE',  ( 0.000000000000000000, 0.000000000000000000, -2.600000000000000089 ) ) ;
#4295 = LINE ( 'NONE', #3839, #15 ) ;
#4296 = CARTESIAN_POINT ( 'NONE',  ( 1.487069441176567697, 0.7599999999999995648, 1.070524470881337509 ) ) ;
#4297 = ORIENTED_EDGE ( 'NONE', *, *, #2957, .F. ) ;
#4298 = CARTESIAN_POINT ( 'NONE',  ( -0.2563660438559333676, 0.7699999999999997957, -1.199375013914536270 ) ) ;
#4299 = ADVANCED_FACE ( 'NONE', ( #4240 ), #2335, .F. ) ;
#4300 = CARTESIAN_POINT ( 'NONE',  ( 1.356395879282533246, 0.7699999999999997957, 0.6931663305137711895 ) ) ;
#4301 = DIRECTION ( 'NONE',  ( 1.000000000000000000, -0.000000000000000000, 0.000000000000000000 ) ) ;
#4302 = LINE ( 'NONE', #1676, #4655 ) ;
#4303 = CARTESIAN_POINT ( 'NONE',  ( 1.487195121951219612, 0.7599999999999997868, 1.056173780487805081 ) ) ;
#4304 = CARTESIAN_POINT ( 'NONE',  ( 0.7957317073170735444, 0.7699999999999997957, 1.056173780487805081 ) ) ;
#4305 = CARTESIAN_POINT ( 'NONE',  ( 0.2469512195121951748, 0.7699999999999997957, 1.500000000000000444 ) ) ;
#4306 = ORIENTED_EDGE ( 'NONE', *, *, #458, .T. ) ;
#4307 = LINE ( 'NONE', #5242, #2490 ) ;
#4308 = B_SPLINE_SURFACE_WITH_KNOTS ( 'NONE', 3, 1, ( 
 ( #3973, #1259 ),
 ( #5761, #4913 ),
 ( #2075, #4882 ),
 ( #3946, #5789 ),
 ( #2655, #3919 ),
 ( #3521, #1680 ),
 ( #745, #3128 ),
 ( #2528, #5848 ),
 ( #2165, #271 ),
 ( #4847, #3467 ),
 ( #5369, #777 ),
 ( #5310, #5340 ),
 ( #3040, #2622 ),
 ( #1167, #4372 ),
 ( #4498, #716 ),
 ( #2559, #4465 ),
 ( #2594, #3097 ),
 ( #352, #4437 ),
 ( #1195, #297 ) ),
 .UNSPECIFIED., .F., .F., .F.,
 ( 4, 1, 1, 1, 1, 1, 1, 1, 1, 1, 1, 1, 1, 1, 1, 1, 4 ),
 ( 2, 2 ),
 ( 0.000000000000000000, 0.08829866488758453258, 0.1715816486951412534, 0.2498374791233698433, 0.3232753391420544187, 0.3921990571588466201, 0.4570716549120230621, 0.5186455553380353578, 0.5772252143893135123, 0.6329030372420449968, 0.6861629873803785085, 0.7375784249476728949, 0.7882479333229814866, 0.8388632119074628246, 0.8907001903365863171, 0.9439601404749201619, 1.000000000000000000 ),
 ( 0.000000000000000000, 1.000000000000000000 ),
 .UNSPECIFIED. ) ;
#4309 = ORIENTED_EDGE ( 'NONE', *, *, #1656, .F. ) ;
#4310 = DIRECTION ( 'NONE',  ( 0.7054242694077663689, 0.000000000000000000, -0.7087852990366821926 ) ) ;
#4311 = FACE_OUTER_BOUND ( 'NONE', #1625, .T. ) ;
#4312 = AXIS2_PLACEMENT_3D ( 'NONE', #4018, #4925, #4448 ) ;
#4313 = AXIS2_PLACEMENT_3D ( 'NONE', #1830, #1168, #4373 ) ;
#4314 = EDGE_CURVE ( 'NONE', #1122, #1890, #2449, .T. ) ;
#4315 = DIRECTION ( 'NONE',  ( 0.000000000000000000, 0.000000000000000000, -1.000000000000000000 ) ) ;
#4316 = VERTEX_POINT ( 'NONE', #1881 ) ;
#4317 = ORIENTED_EDGE ( 'NONE', *, *, #4941, .T. ) ;
#4318 = DIRECTION ( 'NONE',  ( -0.000000000000000000, 1.000000000000000000, -0.000000000000000000 ) ) ;
#4319 = APPROVAL_DATE_TIME ( #4719, #2986 ) ;
#4320 = AXIS2_PLACEMENT_3D ( 'NONE', #858, #887, #466 ) ;
#4321 = EDGE_CURVE ( 'NONE', #575, #1396, #1851, .T. ) ;
#4322 = CARTESIAN_POINT ( 'NONE',  ( -2.520000000000001350, 0.7499999999999991118, 2.600000000000000089 ) ) ;
#4323 = CARTESIAN_POINT ( 'NONE',  ( 0.3673575861434488776, 0.7599999999999997868, 0.7785722335076150635 ) ) ;
#4324 = PLANE ( 'NONE',  #1289 ) ;
#4325 = AXIS2_PLACEMENT_3D ( 'NONE', #3882, #5299, #1583 ) ;
#4326 = ORIENTED_EDGE ( 'NONE', *, *, #2346, .F. ) ;
#4327 = EDGE_CURVE ( 'NONE', #4770, #5612, #2401, .T. ) ;
#4328 = CARTESIAN_POINT ( 'NONE',  ( -0.9274390243902435049, 0.7599999999999997868, -7.507433137598514605 ) ) ;
#4329 = CARTESIAN_POINT ( 'NONE',  ( -0.8123395944363368537, 0.7599999999999997868, 1.405937880106885807 ) ) ;
#4330 = CARTESIAN_POINT ( 'NONE',  ( -0.7369092987804872763, 0.7699999999999997957, 1.510975609756098015 ) ) ;
#4331 = ORIENTED_EDGE ( 'NONE', *, *, #154, .T. ) ;
#4332 = VECTOR ( 'NONE', #1549, 1000.000000000000000 ) ;
#4333 = CARTESIAN_POINT ( 'NONE',  ( 5.000000000000000000, 0.000000000000000000, 2.600000000000000089 ) ) ;
#4334 = DIRECTION ( 'NONE',  ( -1.000000000000000000, 0.000000000000000000, 1.358247235106230255E-14 ) ) ;
#4335 = DIRECTION ( 'NONE',  ( 0.000000000000000000, -0.000000000000000000, 1.000000000000000000 ) ) ;
#4336 = DIRECTION ( 'NONE',  ( 1.000000000000000000, 0.000000000000000000, 2.768752121067988577E-15 ) ) ;
#4337 = ORIENTED_EDGE ( 'NONE', *, *, #1040, .T. ) ;
#4338 = CARTESIAN_POINT ( 'NONE',  ( 1.169796545092865347, 0.7599999999999997868, 0.8066749532839281311 ) ) ;
#4339 = ADVANCED_FACE ( 'NONE', ( #3660 ), #3124, .T. ) ;
#4340 = VERTEX_POINT ( 'NONE', #3866 ) ;
#4341 = PLANE ( 'NONE',  #267 ) ;
#4342 = CARTESIAN_POINT ( 'NONE',  ( -0.6764861250726381670, 0.7699999999999997957, 1.405539166397782314 ) ) ;
#4343 = AXIS2_PLACEMENT_3D ( 'NONE', #2514, #226, #3452 ) ;
#4344 = EDGE_CURVE ( 'NONE', #3413, #5012, #662, .T. ) ;
#4345 = CARTESIAN_POINT ( 'NONE',  ( 1.045321974992190261, 0.7699999999999997957, 0.8180046116497664555 ) ) ;
#4346 = ORIENTED_EDGE ( 'NONE', *, *, #2456, .F. ) ;
#4347 = AXIS2_PLACEMENT_3D ( 'NONE', #5951, #3659, #4956 ) ;
#4348 = ORIENTED_EDGE ( 'NONE', *, *, #2580, .F. ) ;
#4350 = CARTESIAN_POINT ( 'NONE',  ( 0.9164634146341466003, 0.7599999999999997868, 1.046227134146341831 ) ) ;
#4349 = PLANE ( 'NONE',  #5955 ) ;
#4351 = LINE ( 'NONE', #1595, #5216 ) ;
#4352 = CARTESIAN_POINT ( 'NONE',  ( 1.320008182439484479, 0.7599999999999997868, 1.411941921835430769 ) ) ;
#4353 = EDGE_LOOP ( 'NONE', ( #4017, #5553, #4726, #2639 ) ) ;
#4354 = LINE ( 'NONE', #2002, #5274 ) ;
#4355 = ADVANCED_FACE ( 'NONE', ( #3352 ), #4324, .F. ) ;
#4356 = DIRECTION ( 'NONE',  ( 0.000000000000000000, 0.000000000000000000, -1.000000000000000000 ) ) ;
#4357 = LINE ( 'NONE', #2058, #1784 ) ;
#4358 = DIRECTION ( 'NONE',  ( -1.000000000000000000, 0.000000000000000000, 0.000000000000000000 ) ) ;
#4359 = PLANE ( 'NONE',  #1803 ) ;
#4360 = PLANE ( 'NONE',  #4047 ) ;
#4361 = DIRECTION ( 'NONE',  ( 0.000000000000000000, -0.000000000000000000, 1.000000000000000000 ) ) ;
#4362 = ORIENTED_EDGE ( 'NONE', *, *, #3915, .T. ) ;
#4363 = EDGE_CURVE ( 'NONE', #2765, #1833, #3840, .T. ) ;
#4364 = CARTESIAN_POINT ( 'NONE',  ( 1.169796545092865347, 0.7699999999999997957, 0.8066749532839281311 ) ) ;
#4365 = ORIENTED_EDGE ( 'NONE', *, *, #1022, .F. ) ;
#4366 = CARTESIAN_POINT ( 'NONE',  ( 0.7716919135029741694, 0.7699999999999997957, 1.272453177102623734 ) ) ;
#4367 = CARTESIAN_POINT ( 'NONE',  ( -0.7190841752811560905, 0.7699999999999997957, 1.411639322177260958 ) ) ;
#4368 = CARTESIAN_POINT ( 'NONE',  ( 0.9072073654611069182, 0.7699999999999997957, 0.8918399474877638511 ) ) ;
#4369 = CARTESIAN_POINT ( 'NONE',  ( 1.236977675911675956, 0.7699999999999997957, 0.7108169158841716184 ) ) ;
#4370 = ORIENTED_EDGE ( 'NONE', *, *, #2836, .F. ) ;
#4371 = EDGE_LOOP ( 'NONE', ( #3860, #1955, #4684, #3161 ) ) ;
#4373 = DIRECTION ( 'NONE',  ( 1.000000000000000000, 0.000000000000000000, -1.412752671426318027E-14 ) ) ;
#4372 = CARTESIAN_POINT ( 'NONE',  ( 1.180580640473702481, 0.7699999999999997957, 1.483274102444261722 ) ) ;
#4374 = DATE_AND_TIME ( #2474, #1947 ) ;
#4375 = VECTOR ( 'NONE', #1426, 1000.000000000000000 ) ;
#4376 = CARTESIAN_POINT ( 'NONE',  ( 0.3427391402800833986, 0.7599999999999997868, 0.8610008260708160721 ) ) ;
#4377 = CARTESIAN_POINT ( 'NONE',  ( 0.6981884183354228890, 0.7599999999999997868, 1.390302060497695447 ) ) ;
#4378 = ORIENTED_EDGE ( 'NONE', *, *, #3159, .T. ) ;
#4379 = CARTESIAN_POINT ( 'NONE',  ( 0.3512998121464835921, 0.7699999999999997957, -1.364542048095912063 ) ) ;
#4380 = CARTESIAN_POINT ( 'NONE',  ( -0.8452613603706010670, 0.7699999999999997957, -0.6782251010014367365 ) ) ;
#4381 = VERTEX_POINT ( 'NONE', #5678 ) ;
#4382 = CARTESIAN_POINT ( 'NONE',  ( 0.6423157361945661670, 0.7699999999999997957, 1.411447399445691531 ) ) ;
#4383 = CARTESIAN_POINT ( 'NONE',  ( -0.5323170731707311809, 0.7699999999999997957, 1.227153201219512768 ) ) ;
#4384 = CARTESIAN_POINT ( 'NONE',  ( 0.6376500961620604757, 0.7699999999999997957, -1.344444174494791033 ) ) ;
#4385 = LINE ( 'NONE', #5865, #3365 ) ;
#4386 = CARTESIAN_POINT ( 'NONE',  ( -0.7368627174620842046, 0.7599999999999997868, 1.050313073841816713 ) ) ;
#4387 = ORIENTED_EDGE ( 'NONE', *, *, #70, .F. ) ;
#4388 = DIRECTION ( 'NONE',  ( -0.000000000000000000, 1.000000000000000000, -0.000000000000000000 ) ) ;
#4389 = AXIS2_PLACEMENT_3D ( 'NONE', #1283, #2247, #4580 ) ;
#4390 = CARTESIAN_POINT ( 'NONE',  ( 1.204457150307055580, 0.7599999999999997868, 1.363010028256776529 ) ) ;
#4391 = ORIENTED_EDGE ( 'NONE', *, *, #5168, .F. ) ;
#4392 = CARTESIAN_POINT ( 'NONE',  ( 0.7631236434801548230, 0.7599999999999997868, 1.299056863816489882 ) ) ;
#4393 = CARTESIAN_POINT ( 'NONE',  ( -0.6210763703663972901, 0.7599999999999997868, 1.384044419768887479 ) ) ;
#4394 = EDGE_CURVE ( 'NONE', #2329, #824, #4749, .T. ) ;
#4395 = CARTESIAN_POINT ( 'NONE',  ( 0.8460040700160912364, 0.7699999999999997957, 0.7035280647751616101 ) ) ;
#4396 = CARTESIAN_POINT ( 'NONE',  ( 0.9158615049492159210, 0.7699999999999997957, 1.099909194300613180 ) ) ;
#4397 = VERTEX_POINT ( 'NONE', #2080 ) ;
#4398 = ORIENTED_EDGE ( 'NONE', *, *, #4545, .F. ) ;
#4400 = CARTESIAN_POINT ( 'NONE',  ( -1.277363294386776094, 0.7699999999999997957, -1.258020211424588419 ) ) ;
#4399 = CARTESIAN_POINT ( 'NONE',  ( -0.7631478658536581250, 0.7599999999999997868, 1.050000000000000488 ) ) ;
#4401 = VECTOR ( 'NONE', #2761, 1000.000000000000000 ) ;
#4402 = ADVANCED_FACE ( 'NONE', ( #5315 ), #1569, .F. ) ;
#4403 = CARTESIAN_POINT ( 'NONE',  ( 0.3832203113868263289, 0.7599999999999997868, 0.7426311483829044491 ) ) ;
#4404 = CARTESIAN_POINT ( 'NONE',  ( 3.082842712474619162, 0.4699999999999988631, 2.600000000000000089 ) ) ;
#4405 = VECTOR ( 'NONE', #4629, 1000.000000000000000 ) ;
#4406 = ORIENTED_EDGE ( 'NONE', *, *, #4732, .T. ) ;
#4407 = CARTESIAN_POINT ( 'NONE',  ( -0.4946058368382661996, 0.7699999999999997957, 1.021443801776365623 ) ) ;
#4408 = VECTOR ( 'NONE', #2355, 1000.000000000000000 ) ;
#4409 = CARTESIAN_POINT ( 'NONE',  ( 0.3237804878048786139, 0.7599999999999997868, 1.067492378048781276 ) ) ;
#4410 = CARTESIAN_POINT ( 'NONE',  ( 1.169341898662861201, 0.7599999999999997868, 1.300824508769389043 ) ) ;
#4411 = CARTESIAN_POINT ( 'NONE',  ( -1.103048780487803970, 0.7699999999999997957, 1.006097560975610206 ) ) ;
#4412 = CARTESIAN_POINT ( 'NONE',  ( -1.014160713550104953, 0.7599999999999997868, -1.168135470357039685 ) ) ;
#4413 = APPLICATION_CONTEXT ( 'configuration controlled 3d designs of mechanical parts and assemblies' ) ;
#4414 = DIRECTION ( 'NONE',  ( -0.7087852990372500717, 0.000000000000000000, -0.7054242694071958253 ) ) ;
#4415 = EDGE_CURVE ( 'NONE', #2769, #2747, #163, .T. ) ;
#4416 = DIRECTION ( 'NONE',  ( 1.000000000000000000, 0.000000000000000000, -1.363888835598852450E-14 ) ) ;
#4417 = VECTOR ( 'NONE', #1350, 1000.000000000000000 ) ;
#4418 = CARTESIAN_POINT ( 'NONE',  ( -0.7369092987804872763, 0.7699999999999997957, 1.510975609756098015 ) ) ;
#4419 = PLANE ( 'NONE',  #5724 ) ;
#4420 = VERTEX_POINT ( 'NONE', #1971 ) ;
#4421 = VECTOR ( 'NONE', #1153, 1000.000000000000000 ) ;
#4422 = CARTESIAN_POINT ( 'NONE',  ( 1.180368839865269193, 0.7599999999999997868, 0.7817318149242047376 ) ) ;
#4423 = ORIENTED_EDGE ( 'NONE', *, *, #1544, .F. ) ;
#4424 = AXIS2_PLACEMENT_3D ( 'NONE', #1634, #2897, #4739 ) ;
#4425 = CARTESIAN_POINT ( 'NONE',  ( 1.547193434481601182, 0.7599999999999997868, 1.359695648085031294 ) ) ;
#4426 = EDGE_CURVE ( 'NONE', #1192, #658, #1889, .T. ) ;
#4427 = EDGE_CURVE ( 'NONE', #4830, #5125, #1263, .T. ) ;
#4428 = ORIENTED_EDGE ( 'NONE', *, *, #2625, .T. ) ;
#4429 = CARTESIAN_POINT ( 'NONE',  ( 0.6981884183354228890, 0.7699999999999997957, 1.390302060497695447 ) ) ;
#4430 = ADVANCED_FACE ( 'NONE', ( #2564 ), #3132, .F. ) ;
#4431 = FACE_OUTER_BOUND ( 'NONE', #334, .T. ) ;
#4432 = CARTESIAN_POINT ( 'NONE',  ( 0.6310975609756100946, 0.7600000000000000089, 0.5890243902439025181 ) ) ;
#4433 = EDGE_CURVE ( 'NONE', #5485, #2322, #5373, .T. ) ;
#4434 = PLANE ( 'NONE',  #988 ) ;
#4435 = ORIENTED_EDGE ( 'NONE', *, *, #1256, .F. ) ;
#4436 = ORIENTED_EDGE ( 'NONE', *, *, #4082, .F. ) ;
#4438 = CARTESIAN_POINT ( 'NONE',  ( 0.9160297127793505245, 0.7599999999999997868, 0.9919800281037854939 ) ) ;
#4437 = CARTESIAN_POINT ( 'NONE',  ( 1.291211831391000375, 0.7699999999999997957, 1.510679795626615141 ) ) ;
#4439 = DIRECTION ( 'NONE',  ( -0.7013758018419715690, 0.000000000000000000, -0.7127916838674055455 ) ) ;
#4440 = DIRECTION ( 'NONE',  ( 0.9614689872837217655, 0.000000000000000000, -0.2749134163543399123 ) ) ;
#4441 = VECTOR ( 'NONE', #1540, 1000.000000000000000 ) ;
#4442 = CARTESIAN_POINT ( 'NONE',  ( 0.6143267190719461368, 0.7599999999999997868, 1.411947437607837141 ) ) ;
#4443 = CARTESIAN_POINT ( 'NONE',  ( 0.4891172258395556915, 0.7599999999999997868, 1.483274102444261056 ) ) ;
#4444 = CARTESIAN_POINT ( 'NONE',  ( -0.1006876842073865796, 0.7599999999999997868, -0.4839251295228619854 ) ) ;
#4445 = DIRECTION ( 'NONE',  ( 1.371514608929231321E-14, 0.000000000000000000, 1.000000000000000000 ) ) ;
#4446 = CARTESIAN_POINT ( 'NONE',  ( -0.4306485298155433572, 0.7699999999999997957, -1.356522286983777636 ) ) ;
#4447 = ADVANCED_FACE ( 'NONE', ( #3101 ), #4042, .F. ) ;
#4448 = DIRECTION ( 'NONE',  ( 0.000000000000000000, 0.000000000000000000, 1.000000000000000000 ) ) ;
#4449 = CARTESIAN_POINT ( 'NONE',  ( 1.447633413064967955, 0.7699999999999997957, 0.6170893030102110322 ) ) ;
#4450 = CARTESIAN_POINT ( 'NONE',  ( -0.8478366664899465999, 0.7699999999999997957, 1.502611307798314533 ) ) ;
#4451 = FACE_OUTER_BOUND ( 'NONE', #1562, .T. ) ;
#4452 = VERTEX_POINT ( 'NONE', #1331 ) ;
#4453 = CARTESIAN_POINT ( 'NONE',  ( 0.1766575670847862767, 0.7599999999999997868, -1.330211751212933668 ) ) ;
#4454 = ORIENTED_EDGE ( 'NONE', *, *, #5029, .T. ) ;
#4455 = ADVANCED_FACE ( 'NONE', ( #1779 ), #4984, .F. ) ;
#4456 = CARTESIAN_POINT ( 'NONE',  ( 1.136097700822253920, 0.7599999999999997868, 1.076127118445245001 ) ) ;
#4457 = VECTOR ( 'NONE', #14, 1000.000000000000000 ) ;
#4458 = ORIENTED_EDGE ( 'NONE', *, *, #2212, .F. ) ;
#4459 = CARTESIAN_POINT ( 'NONE',  ( 0.7527477505777150357, 0.7699999999999997957, 1.322746769008860790 ) ) ;
#4460 = DIRECTION ( 'NONE',  ( -0.7013758018419841145, 0.000000000000000000, -0.7127916838673933331 ) ) ;
#4461 = CARTESIAN_POINT ( 'NONE',  ( 0.6249237804878051694, 0.7699999999999997957, 0.6878048780487805436 ) ) ;
#4462 = CARTESIAN_POINT ( 'NONE',  ( 0.8557300198474545594, 0.7699999999999997957, 1.359695648085031072 ) ) ;
#4463 = ORIENTED_EDGE ( 'NONE', *, *, #1034, .F. ) ;
#4464 = EDGE_LOOP ( 'NONE', ( #5572, #5523, #3872, #5940 ) ) ;
#4466 = CARTESIAN_POINT ( 'NONE',  ( 0.6038424021324606539, 0.7599999999999997868, -1.503873276446034968 ) ) ;
#4465 = CARTESIAN_POINT ( 'NONE',  ( 1.237969179866603264, 0.7699999999999997957, 1.504611529083253352 ) ) ;
#4467 = CARTESIAN_POINT ( 'NONE',  ( 0.4553013763679187309, 0.7699999999999997957, 1.214420153770696453 ) ) ;
#4468 = DIRECTION ( 'NONE',  ( -0.000000000000000000, -1.000000000000000000, -0.000000000000000000 ) ) ;
#4469 = CARTESIAN_POINT ( 'NONE',  ( 0.5611405275965332118, 0.7599999999999997868, 1.400397734626948054 ) ) ;
#4470 = EDGE_CURVE ( 'NONE', #2716, #497, #2035, .T. ) ;
#4471 = CARTESIAN_POINT ( 'NONE',  ( -0.8478366664899465999, 0.7599999999999997868, 1.502611307798314533 ) ) ;
#4472 = FACE_OUTER_BOUND ( 'NONE', #5155, .T. ) ;
#4473 = LINE ( 'NONE', #3560, #3099 ) ;
#4474 = LINE ( 'NONE', #2145, #5407 ) ;
#4475 = VECTOR ( 'NONE', #3500, 1000.000000000000000 ) ;
#4476 = ORIENTED_EDGE ( 'NONE', *, *, #247, .T. ) ;
#4477 = CARTESIAN_POINT ( 'NONE',  ( -0.5323170731707311809, 0.7699999999999997957, 1.227153201219512768 ) ) ;
#4478 = EDGE_CURVE ( 'NONE', #5472, #3568, #5344, .T. ) ;
#4479 = EDGE_CURVE ( 'NONE', #688, #96, #780, .T. ) ;
#4480 = DIRECTION ( 'NONE',  ( 0.000000000000000000, 1.000000000000000000, 0.000000000000000000 ) ) ;
#4481 = CARTESIAN_POINT ( 'NONE',  ( 1.607926829268293334, 0.7599999999999997868, 1.046227134146341831 ) ) ;
#4482 = CARTESIAN_POINT ( 'NONE',  ( -0.8452613603706010670, 0.7599999999999997868, -0.6782251010014367365 ) ) ;
#4483 = ORIENTED_EDGE ( 'NONE', *, *, #5364, .F. ) ;
#4484 = CARTESIAN_POINT ( 'NONE',  ( -1.421341463414633077, 0.7699999999999997957, 1.006097560975610206 ) ) ;
#4485 = ORIENTED_EDGE ( 'NONE', *, *, #3448, .T. ) ;
#4486 = ADVANCED_FACE ( 'NONE', ( #389 ), #4073, .F. ) ;
#4487 = FACE_OUTER_BOUND ( 'NONE', #5815, .T. ) ;
#4488 = CARTESIAN_POINT ( 'NONE',  ( 1.169443403010015148, 0.7599999999999997868, -0.8657939609684663917 ) ) ;
#4489 = ORIENTED_EDGE ( 'NONE', *, *, #484, .T. ) ;
#4490 = CARTESIAN_POINT ( 'NONE',  ( 0.7898845206446777345, 0.7699999999999997957, 1.176356560645834382 ) ) ;
#4491 = CARTESIAN_POINT ( 'NONE',  ( 0.6453988597289684881, 0.7699999999999997957, 0.6884311073397507696 ) ) ;
#4492 = ORIENTED_EDGE ( 'NONE', *, *, #3907, .F. ) ;
#4493 = VECTOR ( 'NONE', #991, 1000.000000000000000 ) ;
#4494 = CARTESIAN_POINT ( 'NONE',  ( -0.1766346205094734834, 0.7599999999999997868, -0.3052017748455521096 ) ) ;
#4495 = CARTESIAN_POINT ( 'NONE',  ( 0.8720102837594060352, 0.7599999999999994538, 1.324600227924191964 ) ) ;
#4496 = ORIENTED_EDGE ( 'NONE', *, *, #1544, .T. ) ;
#4497 = ORIENTED_EDGE ( 'NONE', *, *, #2030, .F. ) ;
#4499 = CARTESIAN_POINT ( 'NONE',  ( 0.6310975609756098725, 0.7599999999999997868, 0.5890243902439019630 ) ) ;
#4498 = CARTESIAN_POINT ( 'NONE',  ( 1.208343980335706336, 0.7599999999999995648, 1.495735846669839608 ) ) ;
#4500 = EDGE_CURVE ( 'NONE', #2653, #3647, #2204, .T. ) ;
#4501 = CARTESIAN_POINT ( 'NONE',  ( -1.014160713550104953, 0.7599999999999997868, -0.8900080441008979548 ) ) ;
#4502 = CARTESIAN_POINT ( 'NONE',  ( 0.9268439216028121486, 0.7599999999999997868, -0.4839251295229549110 ) ) ;
#4503 = CARTESIAN_POINT ( 'NONE',  ( 3.000000000000000000, -2.449293598294706414E-16, 2.600000000000000089 ) ) ;
#4504 = EDGE_CURVE ( 'NONE', #3858, #211, #4853, .T. ) ;
#4505 = CARTESIAN_POINT ( 'NONE',  ( -1.277922768258310970, 0.7599999999999997868, -1.079905975674299468 ) ) ;
#4506 = ADVANCED_FACE ( 'NONE', ( #719 ), #381, .T. ) ;
#4507 = CARTESIAN_POINT ( 'NONE',  ( 1.169341898662861201, 0.7699999999999997957, 1.300824508769389043 ) ) ;
#4508 = CARTESIAN_POINT ( 'NONE',  ( 0.4778784840287146340, 0.7699999999999997957, 1.300824508769389043 ) ) ;
#4509 = CIRCLE ( 'NONE', #2677, 0.2000000000000000944 ) ;
#4510 = ADVANCED_FACE ( 'NONE', ( #993 ), #5448, .T. ) ;
#4511 = CARTESIAN_POINT ( 'NONE',  ( -0.7631478658536581250, 0.7599999999999997868, 1.050000000000000488 ) ) ;
#4512 = VECTOR ( 'NONE', #2220, 1000.000000000000000 ) ;
#4513 = ORIENTED_EDGE ( 'NONE', *, *, #1723, .T. ) ;
#4514 = CARTESIAN_POINT ( 'NONE',  ( -0.6677958863311638238, 0.7699999999999997957, -0.3990918483411401430 ) ) ;
#4515 = CARTESIAN_POINT ( 'NONE',  ( -3.103553390593273953, 0.2499999999999997780, 2.600000000000000089 ) ) ;
#4516 = DIRECTION ( 'NONE',  ( 1.363542059411715667E-14, 0.000000000000000000, 1.000000000000000000 ) ) ;
#4517 = DIRECTION ( 'NONE',  ( -0.7071067811865463515, 0.7071067811865487940, -0.000000000000000000 ) ) ;
#4518 = EDGE_LOOP ( 'NONE', ( #121, #4979, #5249, #5309 ) ) ;
#4519 = DIRECTION ( 'NONE',  ( 0.000000000000000000, -0.000000000000000000, 1.000000000000000000 ) ) ;
#4520 = ORIENTED_EDGE ( 'NONE', *, *, #2964, .T. ) ;
#4521 = CARTESIAN_POINT ( 'NONE',  ( -0.4118679351539875633, 0.7599999999999996758, 1.209478715188214260 ) ) ;
#4522 = CARTESIAN_POINT ( 'NONE',  ( 1.421183527892546872, 0.7699999999999997957, 0.7396667916856042302 ) ) ;
#4523 = CIRCLE ( 'NONE', #1047, 0.2500000000000002220 ) ;
#4524 = CARTESIAN_POINT ( 'NONE',  ( 0.7297201132584003602, 0.7599999999999997868, 0.7396667916856040081 ) ) ;
#4525 = VERTEX_POINT ( 'NONE', #1934 ) ;
#4526 = CARTESIAN_POINT ( 'NONE',  ( -0.6569658014791084355, 0.7599999999999997868, 1.399814810590809699 ) ) ;
#4527 = CYLINDRICAL_SURFACE ( 'NONE', #3419, 0.2000000000000000944 ) ;
#4528 = EDGE_CURVE ( 'NONE', #4194, #1729, #3770, .T. ) ;
#4529 = ORIENTED_EDGE ( 'NONE', *, *, #1550, .T. ) ;
#4530 = ORIENTED_EDGE ( 'NONE', *, *, #5313, .T. ) ;
#4531 = ORIENTED_EDGE ( 'NONE', *, *, #1022, .T. ) ;
#4533 = CARTESIAN_POINT ( 'NONE',  ( -0.4554878048780482969, 0.7699999999999997957, 0.6000000000000005329 ) ) ;
#4532 = CARTESIAN_POINT ( 'NONE',  ( 1.109242883744625097, 0.7699999999999997957, 1.424275484779585321 ) ) ;
#4534 = EDGE_CURVE ( 'NONE', #1323, #2913, #5015, .T. ) ;
#4535 = DIRECTION ( 'NONE',  ( 0.000000000000000000, 1.000000000000000000, 0.000000000000000000 ) ) ;
#4536 = CARTESIAN_POINT ( 'NONE',  ( -0.4115853658536581250, 0.7699999999999997957, 1.219778963414634765 ) ) ;
#4537 = LINE ( 'NONE', #390, #4888 ) ;
#4538 = B_SPLINE_SURFACE_WITH_KNOTS ( 'NONE', 3, 1, ( 
 ( #2583, #2129 ),
 ( #5642, #5162 ),
 ( #4261, #126 ),
 ( #1506, #3088 ),
 ( #2221, #3117 ),
 ( #5423, #3152 ),
 ( #5003, #3671 ),
 ( #5929, #4553 ),
 ( #3542, #344 ),
 ( #1375, #4027 ),
 ( #1699, #410 ),
 ( #4933, #4522 ),
 ( #865, #2279 ),
 ( #1280, #4062 ),
 ( #4611, #1766 ),
 ( #5516, #2246 ),
 ( #3606, #1831 ),
 ( #2644, #473 ),
 ( #5452, #2708 ) ),
 .UNSPECIFIED., .F., .F., .F.,
 ( 4, 1, 1, 1, 1, 1, 1, 1, 1, 1, 1, 1, 1, 1, 1, 1, 4 ),
 ( 2, 2 ),
 ( 0.000000000000000000, 0.09928876216571796975, 0.1921876541913135339, 0.2791672117176803858, 0.3600125316959810751, 0.4349086015798041549, 0.5040881505262123641, 0.5678465373278867023, 0.6267692068661906424, 0.6810810782054483870, 0.7313862562486811436, 0.7784434097355636961, 0.8231311183514029572, 0.8666133534268157801, 0.9097944485516713531, 0.9536971340198148184, 1.000000000000000000 ),
 ( 0.000000000000000000, 1.000000000000000000 ),
 .UNSPECIFIED. ) ;
#4539 = CARTESIAN_POINT ( 'NONE',  ( 0.8858653308878988719, 0.7699999999999997957, 1.286265459232917463 ) ) ;
#4540 = CARTESIAN_POINT ( 'NONE',  ( 1.138424206218564771, 0.7599999999999997868, 1.143231155084991402 ) ) ;
#4541 = DIRECTION ( 'NONE',  ( 0.000000000000000000, 0.000000000000000000, 1.000000000000000000 ) ) ;
#4542 = CARTESIAN_POINT ( 'NONE',  ( 0.6108612804878051916, 0.7599999999999997868, 1.510975609756097571 ) ) ;
#4543 = ORIENTED_EDGE ( 'NONE', *, *, #5313, .F. ) ;
#4544 = DIRECTION ( 'NONE',  ( -0.7054242694071958253, 0.000000000000000000, 0.7087852990372500717 ) ) ;
#4545 = EDGE_CURVE ( 'NONE', #4796, #5381, #3341, .T. ) ;
#4546 = CARTESIAN_POINT ( 'NONE',  ( -0.7580682802109789398, 0.7599999999999997868, -0.3732802074747250676 ) ) ;
#4547 = CARTESIAN_POINT ( 'NONE',  ( 1.389651832969569289, 0.7699999999999997957, 1.390302060497695447 ) ) ;
#4548 = DIRECTION ( 'NONE',  ( -0.000000000000000000, -0.000000000000000000, 1.000000000000000000 ) ) ;
#4549 = EDGE_LOOP ( 'NONE', ( #1557, #1800, #2936, #2107 ) ) ;
#4550 = DIRECTION ( 'NONE',  ( -0.000000000000000000, 0.000000000000000000, 1.000000000000000000 ) ) ;
#4551 = ORIENTED_EDGE ( 'NONE', *, *, #4856, .T. ) ;
#4552 = DIRECTION ( 'NONE',  ( -0.000000000000000000, 1.000000000000000000, -0.000000000000000000 ) ) ;
#4553 = CARTESIAN_POINT ( 'NONE',  ( 1.463761381250406224, 0.7699999999999997957, 0.8323696326485686692 ) ) ;
#4554 = EDGE_CURVE ( 'NONE', #1678, #1430, #3303, .T. ) ;
#4555 = CARTESIAN_POINT ( 'NONE',  ( 0.7953874406939647201, 0.7599999999999997868, 1.012533269798478353 ) ) ;
#4556 = ORIENTED_EDGE ( 'NONE', *, *, #4271, .F. ) ;
#4557 = CARTESIAN_POINT ( 'NONE',  ( -0.7190841752811560905, 0.7599999999999997868, 1.411639322177260958 ) ) ;
#4558 = CARTESIAN_POINT ( 'NONE',  ( 0.8157408892908381004, 0.7699999999999997957, 1.419454016432457166 ) ) ;
#4559 = ORIENTED_EDGE ( 'NONE', *, *, #3196, .F. ) ;
#4560 = ORIENTED_EDGE ( 'NONE', *, *, #4947, .F. ) ;
#4561 = ORIENTED_EDGE ( 'NONE', *, *, #5526, .F. ) ;
#4563 = DIRECTION ( 'NONE',  ( 0.000000000000000000, 0.000000000000000000, 1.000000000000000000 ) ) ;
#4562 = CARTESIAN_POINT ( 'NONE',  ( 1.607324919583361655, 0.7699999999999997957, 1.099909194300613846 ) ) ;
#4564 = CARTESIAN_POINT ( 'NONE',  ( -0.9198821243910434431, 0.7699999999999997957, 1.369308371467011787 ) ) ;
#4565 = PLANE ( 'NONE',  #4217 ) ;
#4566 = LINE ( 'NONE', #3686, #840 ) ;
#4567 = CARTESIAN_POINT ( 'NONE',  ( 0.5455142612775299993, 0.7699999999999997957, 0.7108169158841715074 ) ) ;
#4568 = CARTESIAN_POINT ( 'NONE',  ( 0.8858653308878988719, 0.7599999999999997868, 1.286265459232917463 ) ) ;
#4569 = CARTESIAN_POINT ( 'NONE',  ( -0.9164634146341458232, 0.7699999999999997957, 1.057545731707317582 ) ) ;
#4570 = ORIENTED_EDGE ( 'NONE', *, *, #1630, .T. ) ;
#4571 = CARTESIAN_POINT ( 'NONE',  ( -0.5782464905995039484, 0.7699999999999997957, 1.108370100759486165 ) ) ;
#4572 = CARTESIAN_POINT ( 'NONE',  ( 0.2469512195121953413, 0.7599999999999997868, -7.507433137598514605 ) ) ;
#4573 = CARTESIAN_POINT ( 'NONE',  ( 1.204457150307055580, 0.7699999999999997957, 1.363010028256776529 ) ) ;
#4574 = CARTESIAN_POINT ( 'NONE',  ( 1.058821000777594890, 0.7699999999999997957, 0.7785722335076150635 ) ) ;
#4575 = VECTOR ( 'NONE', #4246, 1000.000000000000000 ) ;
#4576 = DIRECTION ( 'NONE',  ( 1.000000000000000000, 0.000000000000000000, 0.000000000000000000 ) ) ;
#4577 = VERTEX_POINT ( 'NONE', #4838 ) ;
#4578 = CARTESIAN_POINT ( 'NONE',  ( -0.5162874725351594973, 0.7699999999999997957, 1.004744540578431433 ) ) ;
#4579 = CARTESIAN_POINT ( 'NONE',  ( 0.4018441952349754431, 0.7599999999999997868, 0.7104623967784283733 ) ) ;
#4580 = DIRECTION ( 'NONE',  ( 1.000000000000000000, 0.000000000000000000, 0.000000000000000000 ) ) ;
#4581 = ORIENTED_EDGE ( 'NONE', *, *, #2991, .T. ) ;
#4582 = CARTESIAN_POINT ( 'NONE',  ( -0.5327310784139914768, 0.7599999999999997868, 1.247308059258841251 ) ) ;
#4583 = CARTESIAN_POINT ( 'NONE',  ( 0.7105538824803776521, 0.7599999999999994538, 1.494936210435809931 ) ) ;
#4584 = ORIENTED_EDGE ( 'NONE', *, *, #4251, .T. ) ;
#4585 = AXIS2_PLACEMENT_3D ( 'NONE', #1721, #5827, #5320 ) ;
#4586 = ORIENTED_EDGE ( 'NONE', *, *, #374, .F. ) ;
#4587 = ORIENTED_EDGE ( 'NONE', *, *, #1751, .T. ) ;
#4589 = CARTESIAN_POINT ( 'NONE',  ( 0.3512998121464835921, 0.7599999999999997868, -1.025179901899914370 ) ) ;
#4588 = CARTESIAN_POINT ( 'NONE',  ( 1.043800676999203647, 0.7699999999999997957, 1.297374240035442217 ) ) ;
#4590 = DESIGN_CONTEXT ( 'detailed design', #3140, 'design' ) ;
#4591 = VECTOR ( 'NONE', #1129, 1000.000000000000000 ) ;
#4592 = CARTESIAN_POINT ( 'NONE',  ( -0.7248378035292398769, 0.7699999999999997957, 1.510765566370258162 ) ) ;
#4593 = CARTESIAN_POINT ( 'NONE',  ( 1.310417347678849209, 0.7599999999999992317, 0.5893601969794540762 ) ) ;
#4594 = VERTEX_POINT ( 'NONE', #4741 ) ;
#4595 = LINE ( 'NONE', #1452, #3832 ) ;
#4596 = EDGE_CURVE ( 'NONE', #2527, #4815, #4904, .T. ) ;
#4597 = CARTESIAN_POINT ( 'NONE',  ( 0.4783331304587190025, 0.7699999999999997957, 0.8066749532839275760 ) ) ;
#4598 = DIRECTION ( 'NONE',  ( 0.000000000000000000, -0.000000000000000000, -1.000000000000000000 ) ) ;
#4599 = LINE ( 'NONE', #2791, #3859 ) ;
#4600 = CARTESIAN_POINT ( 'NONE',  ( 1.607493127413496703, 0.7699999999999997957, 0.9919800281037857159 ) ) ;
#4601 = ORIENTED_EDGE ( 'NONE', *, *, #3820, .F. ) ;
#4602 = CARTESIAN_POINT ( 'NONE',  ( 0.3980968217180566038, 0.7699999999999997957, 1.397450393303448557 ) ) ;
#4603 = CARTESIAN_POINT ( 'NONE',  ( 1.310417347678849209, 0.7599999999999997868, 0.5893601969794540762 ) ) ;
#4604 = EDGE_LOOP ( 'NONE', ( #5214, #2654, #512, #1672 ) ) ;
#4605 = CARTESIAN_POINT ( 'NONE',  ( 1.136097700822253920, 0.7699999999999997957, 1.076127118445245001 ) ) ;
#4606 = VECTOR ( 'NONE', #1662, 1000.000000000000000 ) ;
#4607 = DIRECTION ( 'NONE',  ( -0.000000000000000000, -1.000000000000000000, -0.000000000000000000 ) ) ;
#4608 = CARTESIAN_POINT ( 'NONE',  ( 1.389171573208458632, 0.7699999999999997957, 0.5955939372084155803 ) ) ;
#4609 = ORIENTED_EDGE ( 'NONE', *, *, #1951, .T. ) ;
#4610 = PLANE ( 'NONE',  #937 ) ;
#4611 = CARTESIAN_POINT ( 'NONE',  ( 1.374594528055035569, 0.7599999999999995648, 0.7004189892349420576 ) ) ;
#4612 = VECTOR ( 'NONE', #3464, 1000.000000000000114 ) ;
#4613 = AXIS2_PLACEMENT_3D ( 'NONE', #53, #3758, #3726 ) ;
#4614 = CARTESIAN_POINT ( 'NONE',  ( -1.542073170731706355, 0.7699999999999997957, 1.500000000000000444 ) ) ;
#4615 = VERTEX_POINT ( 'NONE', #3965 ) ;
#4616 = CARTESIAN_POINT ( 'NONE',  ( -0.5327310784139914768, 0.7699999999999997957, 1.247308059258841251 ) ) ;
#4617 = LINE ( 'NONE', #954, #3712 ) ;
#4618 = VERTEX_POINT ( 'NONE', #5300 ) ;
#4619 = ADVANCED_FACE ( 'NONE', ( #573 ), #3030, .F. ) ;
#4620 = VERTEX_POINT ( 'NONE', #2899 ) ;
#4621 = ORIENTED_EDGE ( 'NONE', *, *, #5771, .T. ) ;
#4623 = CARTESIAN_POINT ( 'NONE',  ( -1.014160713550104953, 0.7599999999999997868, -1.168135470357039685 ) ) ;
#4622 = CARTESIAN_POINT ( 'NONE',  ( 1.314068373535224765, 0.7699999999999997957, 1.510634158454858156 ) ) ;
#4624 = VECTOR ( 'NONE', #3021, 1000.000000000000000 ) ;
#4625 = CARTESIAN_POINT ( 'NONE',  ( -0.6340973503378045661, 0.7699999999999997957, 1.500180174338724859 ) ) ;
#4626 = CARTESIAN_POINT ( 'NONE',  ( -0.1766346205094734834, 0.7599999999999997868, -0.3052017748455521096 ) ) ;
#4627 = ORIENTED_EDGE ( 'NONE', *, *, #5138, .F. ) ;
#4628 = PLANE ( 'NONE',  #5401 ) ;
#4629 = DIRECTION ( 'NONE',  ( 0.000000000000000000, 0.000000000000000000, -1.000000000000000000 ) ) ;
#4630 = LINE ( 'NONE', #2756, #3359 ) ;
#4631 = CARTESIAN_POINT ( 'NONE',  ( 0.5455142612775299993, 0.7699999999999997957, 0.7108169158841715074 ) ) ;
#4632 = DIRECTION ( 'NONE',  ( -0.000000000000000000, 1.000000000000000000, -0.000000000000000000 ) ) ;
#4633 = CARTESIAN_POINT ( 'NONE',  ( 1.470735379697869716, 0.7699999999999997957, 1.243208928491642551 ) ) ;
#4634 = ORIENTED_EDGE ( 'NONE', *, *, #3892, .F. ) ;
#4635 = CARTESIAN_POINT ( 'NONE',  ( 0.3240195022785396506, 0.7699999999999997957, 1.084989620629220441 ) ) ;
#4636 = CARTESIAN_POINT ( 'NONE',  ( 1.316387195121951681, 0.7699999999999997957, 0.6878048780487808767 ) ) ;
#4637 = VECTOR ( 'NONE', #4116, 1000.000000000000114 ) ;
#4638 = EDGE_LOOP ( 'NONE', ( #2923, #3304, #3551, #3761 ) ) ;
#4639 = CARTESIAN_POINT ( 'NONE',  ( 1.487069441176567697, 0.7699999999999997957, 1.070524470881337509 ) ) ;
#4640 = DIRECTION ( 'NONE',  ( 0.7240541451404176598, 0.000000000000000000, 0.6897431369031366000 ) ) ;
#4641 = EDGE_LOOP ( 'NONE', ( #2966, #1741, #1886, #1964 ) ) ;
#4642 = CARTESIAN_POINT ( 'NONE',  ( 1.471047371908032808, 0.7599999999999997868, 0.8626457217306296998 ) ) ;
#4643 = LINE ( 'NONE', #4250, #1669 ) ;
#4644 = AXIS2_PLACEMENT_3D ( 'NONE', #718, #273, #2079 ) ;
#4645 = DIRECTION ( 'NONE',  ( -1.211420806669687495E-14, 0.000000000000000000, -1.000000000000000000 ) ) ;
#4646 = EDGE_LOOP ( 'NONE', ( #1325, #2281, #5569, #4037 ) ) ;
#4647 = CARTESIAN_POINT ( 'NONE',  ( -0.5744429489372778752, 0.7599999999999997868, 1.480376570092419630 ) ) ;
#4648 = LINE ( 'NONE', #3706, #3741 ) ;
#4649 = VERTEX_POINT ( 'NONE', #3458 ) ;
#4650 = ORIENTED_EDGE ( 'NONE', *, *, #1330, .T. ) ;
#4652 = DIRECTION ( 'NONE',  ( -1.000000000000000000, -0.000000000000000000, 0.000000000000000000 ) ) ;
#4651 = CARTESIAN_POINT ( 'NONE',  ( 1.588590266922826899, 0.7599999999999997868, 1.244611501610420889 ) ) ;
#4653 = CARTESIAN_POINT ( 'NONE',  ( -0.8818607780649393435, 0.7599999999999997868, 1.386055698235000744 ) ) ;
#4654 = CARTESIAN_POINT ( 'NONE',  ( 1.279714504865973490, 0.7699999999999997957, -0.4839251295229604621 ) ) ;
#4655 = VECTOR ( 'NONE', #1087, 1000.000000000000000 ) ;
#4656 = EDGE_LOOP ( 'NONE', ( #5099, #3385, #5356, #4023 ) ) ;
#4657 = CARTESIAN_POINT ( 'NONE',  ( -0.6719748125986642062, 0.7599999999999997868, -0.7789723031679439691 ) ) ;
#4658 = CARTESIAN_POINT ( 'NONE',  ( 0.4445121951219515588, 0.7699999999999999067, 1.062004573170731936 ) ) ;
#4659 = LINE ( 'NONE', #5077, #1857 ) ;
#4660 = DIRECTION ( 'NONE',  ( 0.000000000000000000, 0.000000000000000000, 1.000000000000000000 ) ) ;
#4661 = LINE ( 'NONE', #496, #4089 ) ;
#4662 = EDGE_CURVE ( 'NONE', #4184, #1192, #74, .T. ) ;
#4663 = ORIENTED_EDGE ( 'NONE', *, *, #3028, .F. ) ;
#4664 = CARTESIAN_POINT ( 'NONE',  ( -1.014160713550104953, 0.7599999999999997868, -1.168135470357039685 ) ) ;
#4665 = CARTESIAN_POINT ( 'NONE',  ( 1.015947368980053112, 0.7599999999999997868, 1.118990199611845426 ) ) ;
#4666 = ORIENTED_EDGE ( 'NONE', *, *, #5682, .F. ) ;
#4667 = LINE ( 'NONE', #1572, #2 ) ;
#4668 = DIRECTION ( 'NONE',  ( 0.000000000000000000, -0.000000000000000000, 1.000000000000000000 ) ) ;
#4669 = ORIENTED_EDGE ( 'NONE', *, *, #1290, .T. ) ;
#4670 = DIRECTION ( 'NONE',  ( 1.325868797859527032E-14, 0.000000000000000000, 1.000000000000000000 ) ) ;
#4671 = ADVANCED_FACE ( 'NONE', ( #5328 ), #4538, .T. ) ;
#4672 = DIRECTION ( 'NONE',  ( 0.000000000000000000, 0.000000000000000000, 1.000000000000000000 ) ) ;
#4673 = ADVANCED_FACE ( 'NONE', ( #441 ), #5871, .T. ) ;
#4674 = LINE ( 'NONE', #5582, #1017 ) ;
#4675 = ORIENTED_EDGE ( 'NONE', *, *, #5928, .T. ) ;
#4676 = VECTOR ( 'NONE', #2676, 1000.000000000000000 ) ;
#4677 = DIRECTION ( 'NONE',  ( 0.000000000000000000, 0.000000000000000000, 1.000000000000000000 ) ) ;
#4678 = ORIENTED_EDGE ( 'NONE', *, *, #4851, .F. ) ;
#4680 = LINE ( 'NONE', #541, #2890 ) ;
#4679 = FACE_OUTER_BOUND ( 'NONE', #3508, .T. ) ;
#4681 = CARTESIAN_POINT ( 'NONE',  ( -0.9198821243910434431, 0.7599999999999997868, 1.369308371467011787 ) ) ;
#4682 = EDGE_CURVE ( 'NONE', #1695, #2210, #4091, .T. ) ;
#4683 = CARTESIAN_POINT ( 'NONE',  ( 1.137376608803542410, 0.7699999999999997957, 0.6570535513085227208 ) ) ;
#4684 = ORIENTED_EDGE ( 'NONE', *, *, #4504, .F. ) ;
#4685 = CARTESIAN_POINT ( 'NONE',  ( 1.279714504865960389, 0.7699999999999997957, -1.344444174494791033 ) ) ;
#4686 = ADVANCED_FACE ( 'NONE', ( #5965 ), #1798, .F. ) ;
#4687 = DIRECTION ( 'NONE',  ( -0.000000000000000000, 1.000000000000000000, -0.000000000000000000 ) ) ;
#4688 = CARTESIAN_POINT ( 'NONE',  ( 0.5143203288689505159, 0.7699999999999997957, 0.7405248105775110723 ) ) ;
#4689 = VECTOR ( 'NONE', #1020, 1000.000000000000000 ) ;
#4690 = CARTESIAN_POINT ( 'NONE',  ( 0.5143203288689505159, 0.7699999999999997957, 0.7405248105775110723 ) ) ;
#4691 = B_SPLINE_CURVE_WITH_KNOTS ( 'NONE', 3,
 ( #3821, #2998, #5776, #1580, #200, #702, #1526, #3905, #3849, #2515, #620, #5662, #2010, #3424, #676, #2546, #4386, #2040, #5745 ),
 .UNSPECIFIED., .F., .F.,
 ( 4, 1, 1, 1, 1, 1, 1, 1, 1, 1, 1, 1, 1, 1, 1, 1, 4 ),
 ( 0.000000000000000000, 0.06204543997304112768, 0.1210579365068111257, 0.1775350814536526267, 0.2329646459074619369, 0.2868047855484854858, 0.3413061798232353561, 0.3966377428488097601, 0.4535361505204171806, 0.5123459651778302648, 0.5722552520454519120, 0.6350484639409014198, 0.7001231044015282512, 0.7691164277558689699, 0.8418324469924197695, 0.9187081123360685275, 1.000000000000000000 ),
 .UNSPECIFIED. ) ;
#4692 = DIRECTION ( 'NONE',  ( 0.7054242694077663689, 0.000000000000000000, -0.7087852990366821926 ) ) ;
#4693 = CARTESIAN_POINT ( 'NONE',  ( 1.419719812828704741, 0.7599999999999995648, 1.362032257151438053 ) ) ;
#4694 = ORIENTED_EDGE ( 'NONE', *, *, #1723, .F. ) ;
#4695 = CARTESIAN_POINT ( 'NONE',  ( 0.5465057652324567528, 0.7599999999999995648, 1.504611529083252464 ) ) ;
#4696 = EDGE_CURVE ( 'NONE', #4706, #3191, #5393, .T. ) ;
#4697 = CARTESIAN_POINT ( 'NONE',  ( 1.015243902439024959, 0.7599999999999997868, 1.067492378048781276 ) ) ;
#4698 = CARTESIAN_POINT ( 'NONE',  ( 1.484702488105762663, 0.7699999999999997957, 0.9707836246393393154 ) ) ;
#4699 = CARTESIAN_POINT ( 'NONE',  ( 0.3282346104547580468, 0.7699999999999997957, 0.9577215403777634695 ) ) ;
#4700 = EDGE_CURVE ( 'NONE', #2876, #1868, #3638, .T. ) ;
#4701 = ORIENTED_EDGE ( 'NONE', *, *, #2336, .F. ) ;
#4702 = CARTESIAN_POINT ( 'NONE',  ( -0.7248378035292398769, 0.7699999999999997957, 1.510765566370258162 ) ) ;
#4703 = CARTESIAN_POINT ( 'NONE',  ( -1.495932705746873648, 0.7699999999999997957, -1.649203034048184691 ) ) ;
#4704 = CIRCLE ( 'NONE', #3829, 0.2000000000000000944 ) ;
#4705 = DIRECTION ( 'NONE',  ( -1.224646799147353207E-16, 1.000000000000000000, 0.000000000000000000 ) ) ;
#4706 = VERTEX_POINT ( 'NONE', #3572 ) ;
#4707 = CARTESIAN_POINT ( 'NONE',  ( -0.6972178139255774676, 0.7699999999999997957, 1.409464610833116804 ) ) ;
#4708 = VECTOR ( 'NONE', #3198, 1000.000000000000000 ) ;
#4709 = VECTOR ( 'NONE', #5116, 1000.000000000000000 ) ;
#4710 = ORIENTED_EDGE ( 'NONE', *, *, #5526, .T. ) ;
#4712 = CARTESIAN_POINT ( 'NONE',  ( -2.450000000000001066, 0.7599999999999997868, 1.499999999999999556 ) ) ;
#4711 = FACE_BOUND ( 'NONE', #5787, .T. ) ;
#4713 = EDGE_CURVE ( 'NONE', #986, #4789, #5061, .T. ) ;
#4714 = CARTESIAN_POINT ( 'NONE',  ( 1.597237227009393967, 0.7599999999999997868, 1.199658049349824784 ) ) ;
#4715 = DIRECTION ( 'NONE',  ( 1.000000000000000000, 0.000000000000000000, -1.406633197919747245E-14 ) ) ;
#4716 = VECTOR ( 'NONE', #3056, 1000.000000000000000 ) ;
#4717 = ORIENTED_EDGE ( 'NONE', *, *, #5609, .T. ) ;
#4718 = DIRECTION ( 'NONE',  ( 1.511927730809485547E-14, 0.000000000000000000, 1.000000000000000000 ) ) ;
#4719 = DATE_AND_TIME ( #3380, #4740 ) ;
#4720 = CARTESIAN_POINT ( 'NONE',  ( 1.220620734399337604, 0.7599999999999997868, 0.7241448525850863183 ) ) ;
#4721 = EDGE_CURVE ( 'NONE', #1434, #1450, #1794, .T. ) ;
#4722 = VECTOR ( 'NONE', #1462, 1000.000000000000000 ) ;
#4723 = DIRECTION ( 'NONE',  ( 1.000000000000000000, 0.000000000000000000, 0.000000000000000000 ) ) ;
#4724 = DIRECTION ( 'NONE',  ( -1.000000000000000000, 0.000000000000000000, 0.000000000000000000 ) ) ;
#4725 = CARTESIAN_POINT ( 'NONE',  ( 1.603886160179604614, 0.7699999999999997957, 0.9401460629065310215 ) ) ;
#4726 = ORIENTED_EDGE ( 'NONE', *, *, #5036, .F. ) ;
#4727 = LINE ( 'NONE', #1428, #1032 ) ;
#4728 = CARTESIAN_POINT ( 'NONE',  ( 1.458780410409343586, 0.7699999999999997957, 1.464817573644874305 ) ) ;
#4729 = DIRECTION ( 'NONE',  ( -0.000000000000000000, 0.000000000000000000, -1.000000000000000000 ) ) ;
#4730 = LINE ( 'NONE', #2459, #5927 ) ;
#4731 = FACE_OUTER_BOUND ( 'NONE', #4638, .T. ) ;
#4732 = EDGE_CURVE ( 'NONE', #3643, #438, #2844, .T. ) ;
#4733 = CARTESIAN_POINT ( 'NONE',  ( 0.4459131941693963430, 0.7599999999999997868, 0.6570535513085223878 ) ) ;
#4734 = FACE_OUTER_BOUND ( 'NONE', #1278, .T. ) ;
#4735 = VERTEX_POINT ( 'NONE', #1043 ) ;
#4736 = CARTESIAN_POINT ( 'NONE',  ( -0.6033729083962452444, 0.7599999999999997868, 1.491488736588248543 ) ) ;
#4737 = EDGE_LOOP ( 'NONE', ( #5510, #4036, #3127, #2797 ) ) ;
#4739 = DIRECTION ( 'NONE',  ( 0.000000000000000000, 0.000000000000000000, 1.000000000000000000 ) ) ;
#4738 = CARTESIAN_POINT ( 'NONE',  ( -0.8706853166100846364, 0.7599999999999997868, 1.497629708507291824 ) ) ;
#4740 = LOCAL_TIME ( 13, 33, 6.000000000000000000, #3408 ) ;
#4741 = CARTESIAN_POINT ( 'NONE',  ( -0.9274390243902435049, 0.7699999999999997957, 1.475819359756098015 ) ) ;
#4742 = ADVANCED_FACE ( 'NONE', ( #1952 ), #505, .T. ) ;
#4743 = CARTESIAN_POINT ( 'NONE',  ( -0.8828506097560970822, 0.7699999999999997957, 0.6000000000000005329 ) ) ;
#4744 = VERTEX_POINT ( 'NONE', #2380 ) ;
#4745 = EDGE_LOOP ( 'NONE', ( #2819, #4097, #4827, #2108 ) ) ;
#4746 = CARTESIAN_POINT ( 'NONE',  ( 0.6033587134956925890, 0.7599999999999997868, 0.6887482517233334267 ) ) ;
#4747 = CARTESIAN_POINT ( 'NONE',  ( 0.4616733179750388549, 0.7599999999999997868, 0.8653775929079333684 ) ) ;
#4748 = CARTESIAN_POINT ( 'NONE',  ( 2.941421356237309492, 0.3285786437626893597, -2.600000000000000089 ) ) ;
#4749 = LINE ( 'NONE', #244, #2060 ) ;
#4750 = EDGE_LOOP ( 'NONE', ( #2748, #2742, #4117, #1581 ) ) ;
#4751 = LINE ( 'NONE', #4328, #2284 ) ;
#4752 = CARTESIAN_POINT ( 'NONE',  ( 1.374594528055035569, 0.7699999999999997957, 0.7004189892349420576 ) ) ;
#4753 = CARTESIAN_POINT ( 'NONE',  ( -1.014160713550104953, 0.7699999999999997957, -0.8900080441008979548 ) ) ;
#4754 = ORIENTED_EDGE ( 'NONE', *, *, #2416, .F. ) ;
#4755 = CARTESIAN_POINT ( 'NONE',  ( 0.7774231610645325752, 0.7699999999999997957, -0.3817094831572565017 ) ) ;
#4756 = LINE ( 'NONE', #618, #260 ) ;
#4757 = EDGE_CURVE ( 'NONE', #275, #4170, #119, .T. ) ;
#4758 = FACE_BOUND ( 'NONE', #4200, .T. ) ;
#4759 = ORIENTED_EDGE ( 'NONE', *, *, #5938, .F. ) ;
#4760 = CARTESIAN_POINT ( 'NONE',  ( 1.160806029691554997, 0.7699999999999997957, 0.8346021721491954093 ) ) ;
#4761 = EDGE_CURVE ( 'NONE', #3676, #3867, #2347, .T. ) ;
#4762 = AXIS2_PLACEMENT_3D ( 'NONE', #1749, #4440, #5406 ) ;
#4763 = ORIENTED_EDGE ( 'NONE', *, *, #5682, .T. ) ;
#4765 = PLANE ( 'NONE',  #2106 ) ;
#4764 = FACE_OUTER_BOUND ( 'NONE', #3425, .T. ) ;
#4766 = CARTESIAN_POINT ( 'NONE',  ( -0.5356048335593457388, 0.7599999999999997868, 1.266768873394477080 ) ) ;
#4767 = AXIS2_PLACEMENT_3D ( 'NONE', #2799, #5575, #4640 ) ;
#4768 = CARTESIAN_POINT ( 'NONE',  ( -0.9047503845797499888, 0.7599999999999997868, 1.056392184487506603 ) ) ;
#4769 = ORIENTED_EDGE ( 'NONE', *, *, #3996, .T. ) ;
#4770 = VERTEX_POINT ( 'NONE', #4186 ) ;
#4771 = CARTESIAN_POINT ( 'NONE',  ( -0.5402131145437586435, 0.7599999999999997868, 0.9905276037882311257 ) ) ;
#4772 = PERSON_AND_ORGANIZATION ( #4016, #2818 ) ;
#4773 = LINE ( 'NONE', #187, #2342 ) ;
#4774 = CARTESIAN_POINT ( 'NONE',  ( 2.449999999999999289, 0.7477381076453416542, -2.600000000000000089 ) ) ;
#4775 = CARTESIAN_POINT ( 'NONE',  ( 1.487195121951219612, 0.7599999999999995648, 1.056173780487805081 ) ) ;
#4776 = ORIENTED_EDGE ( 'NONE', *, *, #1651, .T. ) ;
#4777 = CARTESIAN_POINT ( 'NONE',  ( -0.7233612804878044589, 0.7699999999999997957, 0.9512195121951224630 ) ) ;
#4778 = VECTOR ( 'NONE', #1415, 1000.000000000000000 ) ;
#4779 = CARTESIAN_POINT ( 'NONE',  ( 1.316387195121951681, 0.7699999999999997957, 0.6878048780487808767 ) ) ;
#4780 = CARTESIAN_POINT ( 'NONE',  ( 1.322560975609756051, 0.7699999999999997957, 0.5890243902439027401 ) ) ;
#4781 = PLANE ( 'NONE',  #5643 ) ;
#4782 = EDGE_CURVE ( 'NONE', #2702, #2152, #3314, .T. ) ;
#4783 = CARTESIAN_POINT ( 'NONE',  ( 0.000000000000000000, 0.000000000000000000, -2.600000000000000089 ) ) ;
#4784 = CARTESIAN_POINT ( 'NONE',  ( 1.279714504865960389, 0.7699999999999997957, -1.344444174494791033 ) ) ;
#4785 = FACE_BOUND ( 'NONE', #73, .T. ) ;
#4786 = LINE ( 'NONE', #5267, #4591 ) ;
#4787 = VERTEX_POINT ( 'NONE', #2435 ) ;
#4788 = FACE_OUTER_BOUND ( 'NONE', #1438, .T. ) ;
#4789 = VERTEX_POINT ( 'NONE', #4279 ) ;
#4790 = CARTESIAN_POINT ( 'NONE',  ( -2.450000000000001066, 0.7599999999999997868, -7.507433137598514605 ) ) ;
#4791 = DIRECTION ( 'NONE',  ( -0.000000000000000000, -1.000000000000000000, -0.000000000000000000 ) ) ;
#4792 = VECTOR ( 'NONE', #5207, 1000.000000000000000 ) ;
#4793 = AXIS2_PLACEMENT_3D ( 'NONE', #5852, #1716, #3554 ) ;
#4794 = EDGE_CURVE ( 'NONE', #5663, #3471, #3893, .T. ) ;
#4795 = CARTESIAN_POINT ( 'NONE',  ( 1.034202554914229744, 0.7599999999999992317, 0.8610008260708161831 ) ) ;
#4796 = VERTEX_POINT ( 'NONE', #3366 ) ;
#4797 = ORIENTED_EDGE ( 'NONE', *, *, #5963, .F. ) ;
#4799 = CARTESIAN_POINT ( 'NONE',  ( 0.6426712139870486284, 0.7599999999999997868, 0.5892949603244586054 ) ) ;
#4798 = CARTESIAN_POINT ( 'NONE',  ( 1.180580640473702481, 0.7599999999999997868, 1.483274102444261722 ) ) ;
#4800 = APPROVAL_STATUS ( 'not_yet_approved' ) ;
#4801 = DIRECTION ( 'NONE',  ( -0.000000000000000000, -0.000000000000000000, 1.000000000000000000 ) ) ;
#4802 = CARTESIAN_POINT ( 'NONE',  ( 0.7792719650637232043, 0.7599999999999997868, 1.243208928491642329 ) ) ;
#4803 = VECTOR ( 'NONE', #2012, 1000.000000000000000 ) ;
#4804 = ORIENTED_EDGE ( 'NONE', *, *, #2517, .F. ) ;
#4805 = CARTESIAN_POINT ( 'NONE',  ( -0.7876714939024386242, 0.7699999999999997957, 0.6987804878048785584 ) ) ;
#4806 = DIRECTION ( 'NONE',  ( 1.000000000000000000, -1.224646799147353207E-16, 0.000000000000000000 ) ) ;
#4807 = B_SPLINE_CURVE_WITH_KNOTS ( 'NONE', 3,
 ( #5605, #2858, #2457, #4698, #1092, #2431, #5176, #585, #1519, #1431, #3358, #1037, #5119, #4274, #4752, #4300, #2003, #3843, #4779 ),
 .UNSPECIFIED., .F., .F.,
 ( 4, 1, 1, 1, 1, 1, 1, 1, 1, 1, 1, 1, 1, 1, 1, 1, 4 ),
 ( 0.000000000000000000, 0.09928876216571796975, 0.1921876541913135339, 0.2791672117176803858, 0.3600125316959810751, 0.4349086015798041549, 0.5040881505262123641, 0.5678465373278867023, 0.6267692068661906424, 0.6810810782054483870, 0.7313862562486811436, 0.7784434097355636961, 0.8231311183514029572, 0.8666133534268157801, 0.9097944485516713531, 0.9536971340198148184, 1.000000000000000000 ),
 .UNSPECIFIED. ) ;
#4808 = VERTEX_POINT ( 'NONE', #1466 ) ;
#4809 = CARTESIAN_POINT ( 'NONE',  ( 5.000000000000000000, 0.2699999999999987965, 2.600000000000000089 ) ) ;
#4810 = CARTESIAN_POINT ( 'NONE',  ( -0.2909471885907104483, 0.7699999999999997957, -1.503873276446153762 ) ) ;
#4811 = CARTESIAN_POINT ( 'NONE',  ( 1.322560975609756273, 0.7699999999999997957, 0.5890243902439028512 ) ) ;
#4812 = DIRECTION ( 'NONE',  ( -0.000000000000000000, -1.000000000000000000, -0.000000000000000000 ) ) ;
#4813 = ORIENTED_EDGE ( 'NONE', *, *, #177, .T. ) ;
#4814 = CARTESIAN_POINT ( 'NONE',  ( 1.456428610911929544, 0.7599999999999997868, -0.4857519260323993615 ) ) ;
#4815 = VERTEX_POINT ( 'NONE', #2412 ) ;
#4816 = LINE ( 'NONE', #1161, #465 ) ;
#4817 = CARTESIAN_POINT ( 'NONE',  ( -0.5399815728255479286, 0.7699999999999997957, 1.285252365571777800 ) ) ;
#4818 = CARTESIAN_POINT ( 'NONE',  ( 1.135975609756098015, 0.7599999999999997868, 1.062004573170731492 ) ) ;
#4819 = CARTESIAN_POINT ( 'NONE',  ( 1.309108473865310485, 0.7699999999999997957, 0.6881232890242920952 ) ) ;
#4820 = ORIENTED_EDGE ( 'NONE', *, *, #1738, .F. ) ;
#4821 = EDGE_LOOP ( 'NONE', ( #4284, #2064, #2990, #5760 ) ) ;
#4823 = CARTESIAN_POINT ( 'NONE',  ( -0.4317711915530397793, 0.7599999999999997868, 1.106633043714801978 ) ) ;
#4822 = DIRECTION ( 'NONE',  ( 1.000000000000000000, 0.000000000000000000, 0.000000000000000000 ) ) ;
#4824 = PERSON_AND_ORGANIZATION ( #4016, #2818 ) ;
#4825 = FACE_OUTER_BOUND ( 'NONE', #3881, .T. ) ;
#4826 = CARTESIAN_POINT ( 'NONE',  ( 0.7898845206446777345, 0.7599999999999997868, 1.176356560645834382 ) ) ;
#4827 = ORIENTED_EDGE ( 'NONE', *, *, #664, .F. ) ;
#4828 = CARTESIAN_POINT ( 'NONE',  ( -1.495932705747291980, 0.7699999999999997957, -1.079905975674296137 ) ) ;
#4829 = LINE ( 'NONE', #2458, #619 ) ;
#4830 = VERTEX_POINT ( 'NONE', #4703 ) ;
#4831 = CARTESIAN_POINT ( 'NONE',  ( -0.8828506097560970822, 0.7699999999999997957, 0.6000000000000005329 ) ) ;
#4832 = CARTESIAN_POINT ( 'NONE',  ( -0.2800876308487951216, 0.7599999999999997868, -0.7123193697668176450 ) ) ;
#4833 = EDGE_CURVE ( 'NONE', #3853, #2773, #143, .T. ) ;
#4834 = FACE_OUTER_BOUND ( 'NONE', #3540, .T. ) ;
#4835 = FACE_BOUND ( 'NONE', #5432, .T. ) ;
#4836 = ORIENTED_EDGE ( 'NONE', *, *, #5102, .F. ) ;
#4837 = DIRECTION ( 'NONE',  ( -0.6880188545942407252, 0.000000000000000000, 0.7256928108523805765 ) ) ;
#4838 = CARTESIAN_POINT ( 'NONE',  ( -0.2563660438559350885, 0.7599999999999997868, -1.330211751212927673 ) ) ;
#4839 = EDGE_CURVE ( 'NONE', #4615, #1828, #4643, .T. ) ;
#4840 = EDGE_LOOP ( 'NONE', ( #5113, #123, #4561, #5165 ) ) ;
#4841 = FACE_OUTER_BOUND ( 'NONE', #5458, .T. ) ;
#4842 = CARTESIAN_POINT ( 'NONE',  ( -1.277922768258310970, 0.7699999999999997957, -1.079905975674299468 ) ) ;
#4843 = LINE ( 'NONE', #3062, #566 ) ;
#4844 = CARTESIAN_POINT ( 'NONE',  ( 1.192438292909244302, 0.7699999999999997957, 0.7597213549554096002 ) ) ;
#4845 = ORIENTED_EDGE ( 'NONE', *, *, #3800, .T. ) ;
#4846 = ORIENTED_EDGE ( 'NONE', *, *, #5329, .T. ) ;
#4848 = CARTESIAN_POINT ( 'NONE',  ( -0.4946058368382661996, 0.7599999999999997868, 1.021443801776365623 ) ) ;
#4847 = CARTESIAN_POINT ( 'NONE',  ( 1.089560236352202338, 0.7599999999999995648, 1.397450393303448113 ) ) ;
#4849 = VECTOR ( 'NONE', #4548, 1000.000000000000000 ) ;
#4850 = VECTOR ( 'NONE', #4269, 1000.000000000000114 ) ;
#4851 = EDGE_CURVE ( 'NONE', #5686, #190, #5212, .T. ) ;
#4852 = CARTESIAN_POINT ( 'NONE',  ( 0.3243598654554780691, 0.7599999999999997868, 1.011410105044662888 ) ) ;
#4853 = LINE ( 'NONE', #4887, #3216 ) ;
#4854 = ORIENTED_EDGE ( 'NONE', *, *, #1099, .T. ) ;
#4855 = DIRECTION ( 'NONE',  ( -0.000000000000000000, 1.000000000000000000, -0.000000000000000000 ) ) ;
#4856 = EDGE_CURVE ( 'NONE', #5125, #1324, #2916, .T. ) ;
#4857 = CARTESIAN_POINT ( 'NONE',  ( 0.3980968217180566038, 0.7599999999999997868, 1.397450393303448557 ) ) ;
#4858 = CARTESIAN_POINT ( 'NONE',  ( 1.252603942230680056, 0.7599999999999997868, 1.400397734626948498 ) ) ;
#4859 = DIRECTION ( 'NONE',  ( -0.000000000000000000, -0.000000000000000000, 1.000000000000000000 ) ) ;
#4860 = EDGE_CURVE ( 'NONE', #269, #4088, #4756, .T. ) ;
#4861 = DIRECTION ( 'NONE',  ( -1.000000000000000000, 0.000000000000000000, 0.000000000000000000 ) ) ;
#4862 = EDGE_CURVE ( 'NONE', #4789, #2011, #1406, .T. ) ;
#4863 = DIRECTION ( 'NONE',  ( -0.000000000000000000, -1.000000000000000000, -0.000000000000000000 ) ) ;
#4864 = EDGE_CURVE ( 'NONE', #2653, #4787, #3245, .T. ) ;
#4865 = CARTESIAN_POINT ( 'NONE',  ( 1.497084569858340819, 0.7699999999999997957, 0.6531183107083952111 ) ) ;
#4866 = EDGE_CURVE ( 'NONE', #5080, #2982, #551, .T. ) ;
#4867 = CARTESIAN_POINT ( 'NONE',  ( 0.7956144360561920870, 0.7599999999999997868, 1.041308041637374560 ) ) ;
#4868 = CARTESIAN_POINT ( 'NONE',  ( -1.421341463414633077, 0.7599999999999997868, 0.6987804878048793356 ) ) ;
#4869 = ORIENTED_EDGE ( 'NONE', *, *, #827, .F. ) ;
#4870 = CARTESIAN_POINT ( 'NONE',  ( 1.135975609756097793, 0.7699999999999997957, 1.062004573170731936 ) ) ;
#4871 = ORIENTED_EDGE ( 'NONE', *, *, #1207, .F. ) ;
#4872 = VECTOR ( 'NONE', #4645, 1000.000000000000000 ) ;
#4873 = DIRECTION ( 'NONE',  ( 1.000000000000000000, 0.000000000000000000, 0.000000000000000000 ) ) ;
#4874 = VERTEX_POINT ( 'NONE', #1436 ) ;
#4875 = CARTESIAN_POINT ( 'NONE',  ( 0.7631236434801548230, 0.7699999999999997957, 1.299056863816489882 ) ) ;
#4876 = CARTESIAN_POINT ( 'NONE',  ( -0.6764861250726381670, 0.7599999999999997868, 1.405539166397782314 ) ) ;
#4877 = CARTESIAN_POINT ( 'NONE',  ( 0.8271066901824266626, 0.7699999999999997957, 0.6763580223664809044 ) ) ;
#4878 = LINE ( 'NONE', #1969, #32 ) ;
#4879 = CARTESIAN_POINT ( 'NONE',  ( 0.9162588738852887049, 0.7699999999999997957, 1.064469353966156273 ) ) ;
#4880 = EDGE_LOOP ( 'NONE', ( #4520, #4391, #4128, #1101 ) ) ;
#4881 = ORIENTED_EDGE ( 'NONE', *, *, #2456, .T. ) ;
#4883 = CARTESIAN_POINT ( 'NONE',  ( 0.8895072196967481748, 0.7599999999999997868, 0.8058493928861508726 ) ) ;
#4882 = CARTESIAN_POINT ( 'NONE',  ( 1.015947368980053112, 0.7699999999999997957, 1.118990199611845426 ) ) ;
#4884 = VECTOR ( 'NONE', #5232, 999.9999999999998863 ) ;
#4885 = ADVANCED_FACE ( 'NONE', ( #984 ), #282, .T. ) ;
#4886 = CARTESIAN_POINT ( 'NONE',  ( 0.5276136980831755974, 0.7699999999999997957, 1.378273464713891672 ) ) ;
#4887 = CARTESIAN_POINT ( 'NONE',  ( -0.1766346205094734834, 0.7599999999999997868, -0.3052017748455521096 ) ) ;
#4888 = VECTOR ( 'NONE', #2233, 1000.000000000000000 ) ;
#4889 = FACE_OUTER_BOUND ( 'NONE', #5708, .T. ) ;
#4890 = AXIS2_PLACEMENT_3D ( 'NONE', #4515, #5604, #1113 ) ;
#4891 = LINE ( 'NONE', #5796, #460 ) ;
#4892 = EDGE_CURVE ( 'NONE', #5485, #2747, #2943, .T. ) ;
#4893 = CARTESIAN_POINT ( 'NONE',  ( 1.019553266744817055, 0.7599999999999997868, -1.199375013914661947 ) ) ;
#4894 = CARTESIAN_POINT ( 'NONE',  ( 0.4999671719527928326, 0.7600000000000001199, 1.344887391077261407 ) ) ;
#4895 = CARTESIAN_POINT ( 'NONE',  ( 5.000000000000000000, 0.2699999999999987965, 2.600000000000000089 ) ) ;
#4896 = DIRECTION ( 'NONE',  ( -0.7054242694071958253, 0.000000000000000000, 0.7087852990372500717 ) ) ;
#4897 = CARTESIAN_POINT ( 'NONE',  ( 1.580970634330894242, 0.7699999999999997957, 0.8058493928861512057 ) ) ;
#4898 = CARTESIAN_POINT ( 'NONE',  ( -0.7960660291242821485, 0.7699999999999997957, 1.508990299789505496 ) ) ;
#4899 = CARTESIAN_POINT ( 'NONE',  ( -0.4554878048780482969, 0.7699999999999997957, 0.6987804878048785584 ) ) ;
#4900 = ORIENTED_EDGE ( 'NONE', *, *, #4321, .F. ) ;
#4901 = VECTOR ( 'NONE', #2726, 1000.000000000000000 ) ;
#4902 = LINE ( 'NONE', #2640, #951 ) ;
#4903 = VERTEX_POINT ( 'NONE', #1125 ) ;
#4904 = LINE ( 'NONE', #2612, #2357 ) ;
#4905 = ORIENTED_EDGE ( 'NONE', *, *, #1967, .F. ) ;
#4906 = CARTESIAN_POINT ( 'NONE',  ( 0.6214939024390246924, 0.7599999999999997868, 1.412195121951219434 ) ) ;
#4907 = CARTESIAN_POINT ( 'NONE',  ( 1.607779154460723836, 0.7599999999999997868, 1.027756078840881049 ) ) ;
#4908 = CARTESIAN_POINT ( 'NONE',  ( 0.9124227455454579916, 0.7699999999999997957, 0.9401460629065306884 ) ) ;
#4909 = LINE ( 'NONE', #5813, #2831 ) ;
#4910 = ORIENTED_EDGE ( 'NONE', *, *, #5554, .T. ) ;
#4911 = VECTOR ( 'NONE', #3805, 1000.000000000000000 ) ;
#4912 = ORIENTED_EDGE ( 'NONE', *, *, #5795, .T. ) ;
#4914 = CARTESIAN_POINT ( 'NONE',  ( -0.8588538019842208993, 0.7699999999999997957, 1.394262105301291577 ) ) ;
#4913 = CARTESIAN_POINT ( 'NONE',  ( 1.015482916912685996, 0.7699999999999997957, 1.084989620629220441 ) ) ;
#4915 = EDGE_CURVE ( 'NONE', #445, #4068, #5714, .T. ) ;
#4916 = LINE ( 'NONE', #511, #89 ) ;
#4917 = CARTESIAN_POINT ( 'NONE',  ( -1.495932705746873648, 0.7699999999999997957, -1.649203034048184691 ) ) ;
#4918 = VECTOR ( 'NONE', #580, 1000.000000000000000 ) ;
#4919 = CARTESIAN_POINT ( 'NONE',  ( 0.5437941398346135546, 0.7599999999999997868, 1.390530598095980119 ) ) ;
#4920 = DIRECTION ( 'NONE',  ( -0.000000000000000000, 1.000000000000000000, -0.000000000000000000 ) ) ;
#4921 = LINE ( 'NONE', #4444, #1876 ) ;
#4922 = CARTESIAN_POINT ( 'NONE',  ( 0.6003253500545988608, 0.7699999999999997957, 1.411463576694295119 ) ) ;
#4923 = CARTESIAN_POINT ( 'NONE',  ( 0.6038424021324606539, 0.7699999999999997957, -1.503873276446034968 ) ) ;
#4924 = ORIENTED_EDGE ( 'NONE', *, *, #4426, .T. ) ;
#4925 = DIRECTION ( 'NONE',  ( -1.000000000000000000, 0.000000000000000000, 0.000000000000000000 ) ) ;
#4926 = CARTESIAN_POINT ( 'NONE',  ( 1.137376608803542410, 0.7599999999999997868, 0.6570535513085227208 ) ) ;
#4927 = CARTESIAN_POINT ( 'NONE',  ( -0.7472015846278812212, 0.7699999999999997957, 1.510898223666639062 ) ) ;
#4928 = DIRECTION ( 'NONE',  ( -0.7256928108523805765, 0.000000000000000000, -0.6880188545942407252 ) ) ;
#4929 = ORIENTED_EDGE ( 'NONE', *, *, #668, .F. ) ;
#4930 = LINE ( 'NONE', #5478, #5004 ) ;
#4931 = ORIENTED_EDGE ( 'NONE', *, *, #2469, .T. ) ;
#4932 = FACE_OUTER_BOUND ( 'NONE', #1863, .T. ) ;
#4933 = CARTESIAN_POINT ( 'NONE',  ( 1.421183527892546872, 0.7599999999999995648, 0.7396667916856042302 ) ) ;
#4934 = VECTOR ( 'NONE', #5676, 1000.000000000000000 ) ;
#4935 = EDGE_CURVE ( 'NONE', #1305, #715, #3903, .T. ) ;
#4936 = ORIENTED_EDGE ( 'NONE', *, *, #4433, .F. ) ;
#4937 = CARTESIAN_POINT ( 'NONE',  ( 0.7414245153308856029, 0.7699999999999997957, 1.343928308114217707 ) ) ;
#4938 = CARTESIAN_POINT ( 'NONE',  ( 0.7932390734716167069, 0.7699999999999997957, 0.9707836246393392043 ) ) ;
#4939 = LINE ( 'NONE', #800, #1432 ) ;
#4940 = CARTESIAN_POINT ( 'NONE',  ( 0.9162588738852887049, 0.7599999999999994538, 1.064469353966156273 ) ) ;
#4941 = EDGE_CURVE ( 'NONE', #2994, #4181, #171, .T. ) ;
#4942 = EDGE_CURVE ( 'NONE', #667, #1986, #2461, .T. ) ;
#4943 = ORIENTED_EDGE ( 'NONE', *, *, #4221, .T. ) ;
#4944 = ORIENTED_EDGE ( 'NONE', *, *, #5521, .F. ) ;
#4946 = CARTESIAN_POINT ( 'NONE',  ( -0.9198821243910434431, 0.7699999999999997957, 1.369308371467011787 ) ) ;
#4945 = CARTESIAN_POINT ( 'NONE',  ( -0.7876714939024387352, 0.7599999999999997868, 0.6987804878048793356 ) ) ;
#4947 = EDGE_CURVE ( 'NONE', #2369, #2620, #2969, .T. ) ;
#4948 = CARTESIAN_POINT ( 'NONE',  ( 2.416446609406727397, 0.4999999999999991673, 2.600000000000000089 ) ) ;
#4949 = CARTESIAN_POINT ( 'NONE',  ( 0.6651579454439657813, 0.7699999999999997957, 0.5898206575037093780 ) ) ;
#4950 = LINE ( 'NONE', #3623, #3250 ) ;
#4951 = CARTESIAN_POINT ( 'NONE',  ( -0.9104735774180996444, 0.7599999999999997868, 1.484634929151850802 ) ) ;
#4952 = VECTOR ( 'NONE', #706, 1000.000000000000000 ) ;
#4953 = CARTESIAN_POINT ( 'NONE',  ( 1.135975609756098015, 0.7699999999999997957, 1.062004573170732158 ) ) ;
#4954 = CARTESIAN_POINT ( 'NONE',  ( 0.4445121951219515588, 0.7600000000000001199, 1.062004573170731936 ) ) ;
#4955 = B_SPLINE_CURVE_WITH_KNOTS ( 'NONE', 3,
 ( #4777, #2506, #5767, #5258, #2992, #2937, #1543, #1065, #1571, #4407, #637, #3868, #2481, #1119, #610, #2454, #5681, #2962, #1598 ),
 .UNSPECIFIED., .F., .F.,
 ( 4, 1, 1, 1, 1, 1, 1, 1, 1, 1, 1, 1, 1, 1, 1, 1, 4 ),
 ( 0.000000000000000000, 0.07616744472239830865, 0.1482655110254590403, 0.2165949782654783273, 0.2823424859150617250, 0.3452843053920682248, 0.4059909421777435634, 0.4652211230521785534, 0.5239984890663605954, 0.5817566311794192258, 0.6384569613935704435, 0.6947682521830328417, 0.7516829061230481113, 0.8101961495168552574, 0.8706817703241035433, 0.9337298896598215103, 1.000000000000000000 ),
 .UNSPECIFIED. ) ;
#4956 = DIRECTION ( 'NONE',  ( 1.000000000000000000, -3.523657060577887833E-15, 0.000000000000000000 ) ) ;
#4957 = AXIS2_PLACEMENT_3D ( 'NONE', #3900, #4356, #1573 ) ;
#4958 = VERTEX_POINT ( 'NONE', #3421 ) ;
#4959 = PLANE ( 'NONE',  #1217 ) ;
#4960 = PLANE ( 'NONE',  #967 ) ;
#4961 = CARTESIAN_POINT ( 'NONE',  ( 1.487195121951219834, 0.7699999999999997957, 1.056173780487805303 ) ) ;
#4962 = AXIS2_PLACEMENT_3D ( 'NONE', #5430, #1286, #2683 ) ;
#4963 = CARTESIAN_POINT ( 'NONE',  ( -1.293224430140063719, 0.7599999999999997868, -1.559704639558324724 ) ) ;
#4964 = EDGE_CURVE ( 'NONE', #5368, #4787, #1208, .T. ) ;
#4965 = ORIENTED_EDGE ( 'NONE', *, *, #325, .T. ) ;
#4966 = B_SPLINE_SURFACE_WITH_KNOTS ( 'NONE', 3, 1, ( 
 ( #3434, #5758 ),
 ( #4768, #1616 ),
 ( #5277, #5644 ),
 ( #4262, #1962 ),
 ( #1164, #209 ),
 ( #5698, #155 ),
 ( #5248, #1534 ) ),
 .UNSPECIFIED., .F., .F., .F.,
 ( 4, 1, 1, 1, 4 ),
 ( 2, 2 ),
 ( 0.000000000000000000, 0.2299071243006307608, 0.4738518484067052450, 0.7297349132181190079, 1.000000000000000000 ),
 ( 0.000000000000000000, 1.000000000000000000 ),
 .UNSPECIFIED. ) ;
#4967 = LINE ( 'NONE', #5026, #1137 ) ;
#4968 = ORIENTED_EDGE ( 'NONE', *, *, #4221, .F. ) ;
#4969 = CARTESIAN_POINT ( 'NONE',  ( -0.6233411223813205559, 0.7699999999999997957, 0.9606536869915542898 ) ) ;
#4970 = CARTESIAN_POINT ( 'NONE',  ( -2.450000000000001066, 0.7599999999999997868, 1.499999999999999556 ) ) ;
#4971 = ADVANCED_FACE ( 'NONE', ( #5688 ), #4359, .F. ) ;
#4972 = CARTESIAN_POINT ( 'NONE',  ( 0.7957317073170735444, 0.7599999999999997868, 1.056173780487805081 ) ) ;
#4973 = ORIENTED_EDGE ( 'NONE', *, *, #4257, .T. ) ;
#4974 = AXIS2_PLACEMENT_3D ( 'NONE', #2419, #3257, #5161 ) ;
#4975 = CARTESIAN_POINT ( 'NONE',  ( -0.5356048335593457388, 0.7599999999999997868, 1.266768873394477080 ) ) ;
#4976 = CARTESIAN_POINT ( 'NONE',  ( -1.293224430140063719, 0.7699999999999997957, -1.559704639558324724 ) ) ;
#4977 = VERTEX_POINT ( 'NONE', #4383 ) ;
#4978 = ORIENTED_EDGE ( 'NONE', *, *, #3401, .T. ) ;
#4979 = ORIENTED_EDGE ( 'NONE', *, *, #1767, .T. ) ;
#4981 = DIRECTION ( 'NONE',  ( -1.136517116611334842E-14, 0.000000000000000000, -1.000000000000000000 ) ) ;
#4980 = CARTESIAN_POINT ( 'NONE',  ( 1.528355237625223406, 0.7699999999999997957, 1.391319280114061696 ) ) ;
#4982 = EDGE_CURVE ( 'NONE', #3971, #2498, #224, .T. ) ;
#4983 = DIRECTION ( 'NONE',  ( -0.000000000000000000, 1.000000000000000000, -0.000000000000000000 ) ) ;
#4984 = CYLINDRICAL_SURFACE ( 'NONE', #2155, 0.2000000000000000944 ) ;
#4985 = DIRECTION ( 'NONE',  ( -0.000000000000000000, 0.000000000000000000, 1.000000000000000000 ) ) ;
#4986 = VECTOR ( 'NONE', #1200, 1000.000000000000000 ) ;
#4987 = CARTESIAN_POINT ( 'NONE',  ( 0.4633412615310821825, 0.7599999999999997868, 1.467228091517889910 ) ) ;
#4988 = CARTESIAN_POINT ( 'NONE',  ( 1.204457150307055580, 0.7699999999999997957, 1.363010028256776529 ) ) ;
#4989 = CARTESIAN_POINT ( 'NONE',  ( 0.6143267190719461368, 0.7699999999999997957, 1.411947437607837141 ) ) ;
#4990 = VECTOR ( 'NONE', #4920, 1000.000000000000000 ) ;
#4991 = CARTESIAN_POINT ( 'NONE',  ( 0.7933182561593609128, 0.7699999999999997957, 1.138776230506280962 ) ) ;
#4992 = ORIENTED_EDGE ( 'NONE', *, *, #3433, .F. ) ;
#4993 = DIRECTION ( 'NONE',  ( -0.000000000000000000, 1.000000000000000000, -0.000000000000000000 ) ) ;
#4994 = EDGE_CURVE ( 'NONE', #1085, #986, #3958, .T. ) ;
#4995 = VECTOR ( 'NONE', #1620, 1000.000000000000114 ) ;
#4996 = DIRECTION ( 'NONE',  ( 0.000000000000000000, -0.000000000000000000, 1.000000000000000000 ) ) ;
#4997 = CARTESIAN_POINT ( 'NONE',  ( -1.293224430140345715, 0.7599999999999997868, -0.7765663011559551521 ) ) ;
#4998 = DIRECTION ( 'NONE',  ( 0.000000000000000000, 0.000000000000000000, 1.000000000000000000 ) ) ;
#4999 = ORIENTED_EDGE ( 'NONE', *, *, #4251, .F. ) ;
#5000 = PLANE ( 'NONE',  #1615 ) ;
#5001 = VERTEX_POINT ( 'NONE', #3848 ) ;
#5002 = CARTESIAN_POINT ( 'NONE',  ( -0.6884651616699384302, 0.7599999999999996758, 0.9516700191041863599 ) ) ;
#5003 = CARTESIAN_POINT ( 'NONE',  ( 1.471047371908032808, 0.7599999999999995648, 0.8626457217306296998 ) ) ;
#5004 = VECTOR ( 'NONE', #4519, 1000.000000000000000 ) ;
#5005 = CARTESIAN_POINT ( 'NONE',  ( 0.7901147325431602253, 0.7599999999999997868, 0.9318680891461760263 ) ) ;
#5006 = ORIENTED_EDGE ( 'NONE', *, *, #5930, .T. ) ;
#5007 = CIRCLE ( 'NONE', #3166, 0.4808357018628978685 ) ;
#5008 = CARTESIAN_POINT ( 'NONE',  ( -0.6764861250726381670, 0.7599999999999997868, 1.405539166397782314 ) ) ;
#5009 = CARTESIAN_POINT ( 'NONE',  ( 0.7105538824803776521, 0.7699999999999997957, 1.494936210435809931 ) ) ;
#5010 = ORIENTED_EDGE ( 'NONE', *, *, #4700, .F. ) ;
#5011 = VERTEX_POINT ( 'NONE', #4784 ) ;
#5012 = VERTEX_POINT ( 'NONE', #5237 ) ;
#5014 = CARTESIAN_POINT ( 'NONE',  ( 1.302324695121951370, 0.7599999999999997868, 1.510975609756097571 ) ) ;
#5013 = CARTESIAN_POINT ( 'NONE',  ( 1.597237227009393967, 0.7599999999999997868, 1.199658049349824784 ) ) ;
#5015 = LINE ( 'NONE', #878, #51 ) ;
#5016 = CARTESIAN_POINT ( 'NONE',  ( -0.2563660438559350885, 0.7599999999999997868, -1.330211751212927673 ) ) ;
#5017 = CARTESIAN_POINT ( 'NONE',  ( -1.014160713550104953, 0.7599999999999997868, -0.6872997684941417607 ) ) ;
#5018 = CARTESIAN_POINT ( 'NONE',  ( -0.2140243902439024626, 0.7699999999999997957, 1.499999999999999556 ) ) ;
#5019 = CARTESIAN_POINT ( 'NONE',  ( 0.7105538824803776521, 0.7599999999999997868, 1.494936210435809931 ) ) ;
#5020 = CARTESIAN_POINT ( 'NONE',  ( 0.002114784598235275315, 0.7699999999999997957, -0.3794494053059133121 ) ) ;
#5021 = ORIENTED_EDGE ( 'NONE', *, *, #1295, .F. ) ;
#5022 = CARTESIAN_POINT ( 'NONE',  ( 0.7776807936084675354, 0.7699999999999997957, -0.6355160981517656849 ) ) ;
#5023 = CARTESIAN_POINT ( 'NONE',  ( -1.542073170731706355, 0.7599999999999997868, 1.499999999999999556 ) ) ;
#5024 = CARTESIAN_POINT ( 'NONE',  ( 1.291788764688745372, 0.7699999999999997957, 1.411463576694295563 ) ) ;
#5025 = DIRECTION ( 'NONE',  ( 0.000000000000000000, 0.000000000000000000, 1.000000000000000000 ) ) ;
#5026 = CARTESIAN_POINT ( 'NONE',  ( 1.456428610911932431, 0.7599999999999997868, -1.503873276446018314 ) ) ;
#5027 = ORIENTED_EDGE ( 'NONE', *, *, #3693, .F. ) ;
#5028 = CARTESIAN_POINT ( 'NONE',  ( -0.4124193354986041005, 0.7599999999999996758, 1.189379007204849570 ) ) ;
#5029 = EDGE_CURVE ( 'NONE', #1133, #217, #4704, .T. ) ;
#5030 = CARTESIAN_POINT ( 'NONE',  ( 0.3282346104547580468, 0.7599999999999997868, 0.9577215403777634695 ) ) ;
#5031 = LINE ( 'NONE', #1318, #5474 ) ;
#5032 = ORIENTED_EDGE ( 'NONE', *, *, #4158, .T. ) ;
#5033 = DIRECTION ( 'NONE',  ( -0.000000000000000000, 1.000000000000000000, -0.000000000000000000 ) ) ;
#5034 = DIRECTION ( 'NONE',  ( 0.000000000000000000, 0.000000000000000000, -1.000000000000000000 ) ) ;
#5035 = ORIENTED_EDGE ( 'NONE', *, *, #5054, .T. ) ;
#5036 = EDGE_CURVE ( 'NONE', #5001, #4525, #5773, .T. ) ;
#5037 = ORIENTED_EDGE ( 'NONE', *, *, #3798, .F. ) ;
#5038 = ORIENTED_EDGE ( 'NONE', *, *, #5963, .T. ) ;
#5040 = DIRECTION ( 'NONE',  ( 0.7013758018418158047, 0.000000000000000000, 0.7127916838675588673 ) ) ;
#5039 = CARTESIAN_POINT ( 'NONE',  ( 1.402017297114523942, 0.7599999999999997868, 1.494936210435810153 ) ) ;
#5041 = CARTESIAN_POINT ( 'NONE',  ( -0.7888974194041936672, 0.7599999999999997868, 1.409469754599792291 ) ) ;
#5042 = DIRECTION ( 'NONE',  ( 0.000000000000000000, 0.000000000000000000, 1.000000000000000000 ) ) ;
#5043 = DIRECTION ( 'NONE',  ( 0.000000000000000000, 1.000000000000000000, 0.000000000000000000 ) ) ;
#5044 = CARTESIAN_POINT ( 'NONE',  ( 0.7673169957751974080, 0.7599999999999997868, 1.464817573644873860 ) ) ;
#5045 = CARTESIAN_POINT ( 'NONE',  ( -0.09329268292682926789, 0.7599999999999997868, 0.5999999999999998668 ) ) ;
#5046 = CARTESIAN_POINT ( 'NONE',  ( 1.372355395164240877, 0.7699999999999997957, 1.400102848606193717 ) ) ;
#5047 = VERTEX_POINT ( 'NONE', #4810 ) ;
#5048 = CARTESIAN_POINT ( 'NONE',  ( 0.3652120275795618931, 0.7599999999999995648, 1.333933062788915436 ) ) ;
#5049 = AXIS2_PLACEMENT_3D ( 'NONE', #2452, #2054, #693 ) ;
#5050 = CARTESIAN_POINT ( 'NONE',  ( -1.421341463414633077, 0.7599999999999997868, -7.507433137598514605 ) ) ;
#5051 = ORIENTED_EDGE ( 'NONE', *, *, #2754, .T. ) ;
#5052 = CARTESIAN_POINT ( 'NONE',  ( 1.484781670793507313, 0.7699999999999997957, 1.138776230506281184 ) ) ;
#5053 = CARTESIAN_POINT ( 'NONE',  ( 1.093307609869121455, 0.7699999999999997957, 0.7104623967784284844 ) ) ;
#5054 = EDGE_CURVE ( 'NONE', #2210, #1531, #673, .T. ) ;
#5055 = VECTOR ( 'NONE', #2083, 1000.000000000000000 ) ;
#5056 = ADVANCED_FACE ( 'NONE', ( #5295 ), #2996, .T. ) ;
#5057 = CARTESIAN_POINT ( 'NONE',  ( 1.356621360078112293, 0.7699999999999997957, 0.5898206575037096000 ) ) ;
#5058 = VERTEX_POINT ( 'NONE', #1176 ) ;
#5059 = CARTESIAN_POINT ( 'NONE',  ( -1.293224430140339054, 0.7699999999999997957, -0.3052017748453165757 ) ) ;
#5060 = ADVANCED_FACE ( 'NONE', ( #2573 ), #3050, .F. ) ;
#5061 = LINE ( 'NONE', #923, #5156 ) ;
#5062 = DIRECTION ( 'NONE',  ( 1.000000000000000000, 0.000000000000000000, 2.609620241562207074E-14 ) ) ;
#5063 = ORIENTED_EDGE ( 'NONE', *, *, #5317, .T. ) ;
#5064 = CARTESIAN_POINT ( 'NONE',  ( 0.7795839572738867407, 0.7699999999999997957, 0.8626457217306293668 ) ) ;
#5065 = DIRECTION ( 'NONE',  ( 0.000000000000000000, 0.000000000000000000, -1.000000000000000000 ) ) ;
#5066 = VERTEX_POINT ( 'NONE', #4304 ) ;
#5067 = ORIENTED_EDGE ( 'NONE', *, *, #2416, .T. ) ;
#5069 = DIRECTION ( 'NONE',  ( -0.000000000000000000, -1.000000000000000000, -0.000000000000000000 ) ) ;
#5068 = CARTESIAN_POINT ( 'NONE',  ( 2.555287407554770684, 0.4447125924452305923, -2.600000000000000089 ) ) ;
#5070 = CARTESIAN_POINT ( 'NONE',  ( -0.4115853658536581250, 0.7699999999999997957, 1.219778963414634765 ) ) ;
#5071 = DIRECTION ( 'NONE',  ( 1.000000000000000000, 0.000000000000000000, 0.000000000000000000 ) ) ;
#5072 = ORIENTED_EDGE ( 'NONE', *, *, #4179, .F. ) ;
#5073 = LINE ( 'NONE', #4201, #486 ) ;
#5074 = DIRECTION ( 'NONE',  ( 1.000000000000000000, 0.000000000000000000, 2.609620241562207705E-14 ) ) ;
#5075 = EDGE_CURVE ( 'NONE', #4977, #4316, #5178, .T. ) ;
#5076 = LINE ( 'NONE', #5565, #5096 ) ;
#5077 = CARTESIAN_POINT ( 'NONE',  ( -0.8067073170731702270, 0.7699999999999997957, 0.9546493902439029400 ) ) ;
#5078 = CARTESIAN_POINT ( 'NONE',  ( -1.014160713550104953, 0.7699999999999997957, -1.168135470357039685 ) ) ;
#5079 = CARTESIAN_POINT ( 'NONE',  ( 1.405436372447272486, 0.7599999999999995648, 1.377547199774413311 ) ) ;
#5080 = VERTEX_POINT ( 'NONE', #2147 ) ;
#5081 = CARTESIAN_POINT ( 'NONE',  ( 0.6108612804878051916, 0.7699999999999997957, 1.510975609756097571 ) ) ;
#5082 = ADVANCED_FACE ( 'NONE', ( #5830 ), #5415, .F. ) ;
#5083 = LINE ( 'NONE', #2404, #1329 ) ;
#5084 = ORIENTED_EDGE ( 'NONE', *, *, #3028, .T. ) ;
#5085 = CARTESIAN_POINT ( 'NONE',  ( -1.014160713550104953, 0.7599999999999997868, -1.168135470357039685 ) ) ;
#5086 = AXIS2_PLACEMENT_3D ( 'NONE', #3023, #4414, #4896 ) ;
#5087 = PLANE ( 'NONE',  #5635 ) ;
#5088 = VECTOR ( 'NONE', #4123, 1000.000000000000000 ) ;
#5089 = EDGE_LOOP ( 'NONE', ( #4254, #5419, #372, #3262 ) ) ;
#5090 = CARTESIAN_POINT ( 'NONE',  ( -0.4123255538533944775, 0.7699999999999997957, 1.251288130277212973 ) ) ;
#5091 = CARTESIAN_POINT ( 'NONE',  ( 0.6189539330447030308, 0.7599999999999997868, 0.5893601969794538542 ) ) ;
#5092 = AXIS2_PLACEMENT_3D ( 'NONE', #915, #4480, #3534 ) ;
#5093 = CARTESIAN_POINT ( 'NONE',  ( -1.014160713550104953, 0.7599999999999997868, -1.168135470357039685 ) ) ;
#5094 = ORIENTED_EDGE ( 'NONE', *, *, #3791, .T. ) ;
#5095 = CARTESIAN_POINT ( 'NONE',  ( 1.220620734399337604, 0.7599999999999997868, 0.7241448525850863183 ) ) ;
#5096 = VECTOR ( 'NONE', #881, 1000.000000000000000 ) ;
#5097 = DIRECTION ( 'NONE',  ( 0.000000000000000000, 0.000000000000000000, 1.000000000000000000 ) ) ;
#5098 = ORIENTED_EDGE ( 'NONE', *, *, #1641, .T. ) ;
#5099 = ORIENTED_EDGE ( 'NONE', *, *, #93, .T. ) ;
#5101 = LINE ( 'NONE', #4166, #3130 ) ;
#5100 = CARTESIAN_POINT ( 'NONE',  ( 1.302324695121951592, 0.7699999999999997957, 1.510975609756098015 ) ) ;
#5102 = EDGE_CURVE ( 'NONE', #1354, #5080, #757, .T. ) ;
#5103 = CARTESIAN_POINT ( 'NONE',  ( -0.8123395944363368537, 0.7699999999999997957, 1.405937880106885807 ) ) ;
#5104 = DIRECTION ( 'NONE',  ( -0.7127916838674964728, 0.000000000000000000, 0.7013758018418791984 ) ) ;
#5105 = ORIENTED_EDGE ( 'NONE', *, *, #3800, .F. ) ;
#5106 = CARTESIAN_POINT ( 'NONE',  ( 1.607779154460723836, 0.7699999999999997957, 1.027756078840881049 ) ) ;
#5107 = LINE ( 'NONE', #546, #2575 ) ;
#5108 = ADVANCED_FACE ( 'NONE', ( #3108 ), #2239, .T. ) ;
#5109 = LINE ( 'NONE', #2822, #852 ) ;
#5110 = FACE_OUTER_BOUND ( 'NONE', #2184, .T. ) ;
#5111 = CARTESIAN_POINT ( 'NONE',  ( -0.5357782323941893132, 0.7699999999999997957, 1.187756965760279337 ) ) ;
#5112 = CARTESIAN_POINT ( 'NONE',  ( -0.6677958863311638238, 0.7599999999999997868, -0.3052017748455423951 ) ) ;
#5113 = ORIENTED_EDGE ( 'NONE', *, *, #2371, .T. ) ;
#5114 = FACE_OUTER_BOUND ( 'NONE', #4750, .T. ) ;
#5115 = ADVANCED_FACE ( 'NONE', ( #3988 ), #4959, .F. ) ;
#5116 = DIRECTION ( 'NONE',  ( 0.000000000000000000, 1.000000000000000000, 0.000000000000000000 ) ) ;
#5117 = VECTOR ( 'NONE', #1875, 1000.000000000000000 ) ;
#5118 = ORIENTED_EDGE ( 'NONE', *, *, #93, .F. ) ;
#5119 = CARTESIAN_POINT ( 'NONE',  ( 1.406974101688835521, 0.7699999999999997957, 0.7237744651909925331 ) ) ;
#5120 = CARTESIAN_POINT ( 'NONE',  ( 1.220299678403480081, 0.7699999999999997957, 0.6051682785941018272 ) ) ;
#5121 = ORIENTED_EDGE ( 'NONE', *, *, #3333, .T. ) ;
#5122 = CARTESIAN_POINT ( 'NONE',  ( -0.4165641175946411812, 0.7699999999999997957, 1.281782203283561294 ) ) ;
#5123 = CARTESIAN_POINT ( 'NONE',  ( -1.495932705746868541, 0.7699999999999997957, -1.258020211424584645 ) ) ;
#5124 = CARTESIAN_POINT ( 'NONE',  ( 5.000000000000000000, 0.000000000000000000, 2.600000000000000089 ) ) ;
#5125 = VERTEX_POINT ( 'NONE', #4052 ) ;
#5126 = CARTESIAN_POINT ( 'NONE',  ( -0.7190841752811560905, 0.7699999999999997957, 1.411639322177260958 ) ) ;
#5127 = CC_DESIGN_APPROVAL ( #2734, ( #3865 ) ) ;
#5128 = B_SPLINE_CURVE_WITH_KNOTS ( 'NONE', 3,
 ( #2539, #3390, #4382, #1206, #5740, #672, #3049, #251, #5772, #2460, #169, #5687, #1095, #2942, #1336, #4991, #3202, #5471, #5413 ),
 .UNSPECIFIED., .F., .F.,
 ( 4, 1, 1, 1, 1, 1, 1, 1, 1, 1, 1, 1, 1, 1, 1, 1, 4 ),
 ( 0.000000000000000000, 0.04801005732536415410, 0.09376792031107412939, 0.1383995575639646314, 0.1832329916563014138, 0.2286731167418777355, 0.2760741692364251931, 0.3265609897890618396, 0.3807746706440630069, 0.4393867364743091475, 0.5025738687973745344, 0.5709712500516577194, 0.6451456935240450496, 0.7245249646182785330, 0.8101810242241386240, 0.9022224124648048349, 1.000000000000000000 ),
 .UNSPECIFIED. ) ;
#5129 = EDGE_CURVE ( 'NONE', #2829, #3841, #5443, .T. ) ;
#5130 = VERTEX_POINT ( 'NONE', #1725 ) ;
#5132 = CARTESIAN_POINT ( 'NONE',  ( 0.2582879572076157149, 0.7699999999999997957, -0.6368431279601127759 ) ) ;
#5131 = CARTESIAN_POINT ( 'NONE',  ( -0.6677958863311638238, 0.7599999999999997868, -0.3990918483411401430 ) ) ;
#5133 = PRODUCT_RELATED_PRODUCT_CATEGORY ( 'detail', '', ( #812 ) ) ;
#5134 = CARTESIAN_POINT ( 'NONE',  ( -0.4609955243500407085, 0.7599999999999997868, 1.387998529678242665 ) ) ;
#5135 = ADVANCED_FACE ( 'NONE', ( #1821 ), #2667, .T. ) ;
#5136 = CARTESIAN_POINT ( 'NONE',  ( -0.8039165193771489193, 0.7699999999999997957, 1.050319944766316071 ) ) ;
#5137 = ORIENTED_EDGE ( 'NONE', *, *, #5928, .F. ) ;
#5138 = EDGE_CURVE ( 'NONE', #2382, #5809, #3632, .T. ) ;
#5139 = CARTESIAN_POINT ( 'NONE',  ( -1.542073170731706355, 0.7699999999999997957, 1.500000000000000444 ) ) ;
#5140 = PLANE ( 'NONE',  #2391 ) ;
#5141 = CARTESIAN_POINT ( 'NONE',  ( 0.4504724052319078464, 0.7699999999999997957, 0.9356905508304356189 ) ) ;
#5142 = CARTESIAN_POINT ( 'NONE',  ( 0.6033587134956925890, 0.7699999999999997957, 0.6887482517233334267 ) ) ;
#5143 = CARTESIAN_POINT ( 'NONE',  ( -0.5554895051656116856, 0.7599999999999997868, 1.136658147351559789 ) ) ;
#5144 = CARTESIAN_POINT ( 'NONE',  ( 1.419719812828704741, 0.7699999999999997957, 1.362032257151438053 ) ) ;
#5145 = ORIENTED_EDGE ( 'NONE', *, *, #1295, .T. ) ;
#5146 = CARTESIAN_POINT ( 'NONE',  ( 0.3523372623650575242, 0.7599999999999995648, 1.297374240035441773 ) ) ;
#5147 = CARTESIAN_POINT ( 'NONE',  ( 1.109242883744625097, 0.7599999999999997868, 1.424275484779585321 ) ) ;
#5148 = DIRECTION ( 'NONE',  ( 0.7054242694077663689, 0.000000000000000000, -0.7087852990366821926 ) ) ;
#5149 = CARTESIAN_POINT ( 'NONE',  ( 0.5610185120179576046, 0.7699999999999997957, 0.5958635433812360382 ) ) ;
#5150 = VERTEX_POINT ( 'NONE', #3141 ) ;
#5151 = CARTESIAN_POINT ( 'NONE',  ( 1.476990698476938757, 0.7599999999999997868, 0.8958051436348142271 ) ) ;
#5152 = DIRECTION ( 'NONE',  ( -0.000000000000000000, -1.000000000000000000, -0.000000000000000000 ) ) ;
#5153 = EDGE_CURVE ( 'NONE', #3429, #3853, #5382, .T. ) ;
#5154 = CARTESIAN_POINT ( 'NONE',  ( -5.000000000000000000, 0.2699999999999987965, -2.600000000000000089 ) ) ;
#5155 = EDGE_LOOP ( 'NONE', ( #3928, #2219, #929, #1922 ) ) ;
#5156 = VECTOR ( 'NONE', #5482, 1000.000000000000000 ) ;
#5157 = DIRECTION ( 'NONE',  ( 0.000000000000000000, 0.000000000000000000, 1.000000000000000000 ) ) ;
#5158 = EDGE_CURVE ( 'NONE', #4525, #2909, #1366, .T. ) ;
#5159 = EDGE_LOOP ( 'NONE', ( #731, #3614, #11, #3290 ) ) ;
#5161 = DIRECTION ( 'NONE',  ( -1.000000000000000000, 0.000000000000000000, 0.000000000000000000 ) ) ;
#5160 = CARTESIAN_POINT ( 'NONE',  ( -2.450000000000001066, -2.570732497350611379, -11.00000000000000355 ) ) ;
#5162 = CARTESIAN_POINT ( 'NONE',  ( 1.487077850690338598, 0.7699999999999997957, 1.041308041637374560 ) ) ;
#5163 = CLOSED_SHELL ( 'NONE', ( #3533, #3579, #2979, #2286, #3017, #4486, #3428, #257, #1703, #2596, #442, #4619 ) ) ;
#5164 = CARTESIAN_POINT ( 'NONE',  ( 0.2582879572076157149, 0.7599999999999997868, -0.6368431279601127759 ) ) ;
#5165 = ORIENTED_EDGE ( 'NONE', *, *, #1735, .F. ) ;
#5166 = CARTESIAN_POINT ( 'NONE',  ( 2.593223304703364374, 0.6767766952966357552, 2.600000000000000089 ) ) ;
#5167 = APPROVAL_DATE_TIME ( #4374, #1287 ) ;
#5168 = EDGE_CURVE ( 'NONE', #5001, #5130, #3205, .T. ) ;
#5169 = CARTESIAN_POINT ( 'NONE',  ( 1.169796545092865347, 0.7599999999999997868, 0.8066749532839281311 ) ) ;
#5170 = AXIS2_PLACEMENT_3D ( 'NONE', #924, #4159, #1554 ) ;
#5171 = DIRECTION ( 'NONE',  ( 0.7013758018421668572, 0.000000000000000000, 0.7127916838672133659 ) ) ;
#5172 = CARTESIAN_POINT ( 'NONE',  ( -0.5554895051656116856, 0.7699999999999997957, 1.136658147351559789 ) ) ;
#5173 = CARTESIAN_POINT ( 'NONE',  ( 1.607779154460723836, 0.7699999999999997957, 1.027756078840881049 ) ) ;
#5174 = ORIENTED_EDGE ( 'NONE', *, *, #1311, .T. ) ;
#5175 = FACE_OUTER_BOUND ( 'NONE', #2193, .T. ) ;
#5176 = CARTESIAN_POINT ( 'NONE',  ( 1.471047371908032808, 0.7699999999999997957, 0.8626457217306296998 ) ) ;
#5177 = CARTESIAN_POINT ( 'NONE',  ( 1.456428610911932431, 0.7599999999999997868, -1.503873276446018314 ) ) ;
#5178 = B_SPLINE_CURVE_WITH_KNOTS ( 'NONE', 3,
 ( #4477, #1306, #818, #431, #5954, #2698, #2269, #2634, #4571, #400, #365, #335, #1272, #885, #3596, #306, #4081, #2180, #2729 ),
 .UNSPECIFIED., .F., .F.,
 ( 4, 1, 1, 1, 1, 1, 1, 1, 1, 1, 1, 1, 1, 1, 1, 1, 4 ),
 ( 0.000000000000000000, 0.06204543997304112768, 0.1210579365068111257, 0.1775350814536526267, 0.2329646459074619369, 0.2868047855484854858, 0.3413061798232353561, 0.3966377428488097601, 0.4535361505204171806, 0.5123459651778302648, 0.5722552520454519120, 0.6350484639409014198, 0.7001231044015282512, 0.7691164277558689699, 0.8418324469924197695, 0.9187081123360685275, 1.000000000000000000 ),
 .UNSPECIFIED. ) ;
#5179 = ORIENTED_EDGE ( 'NONE', *, *, #1921, .F. ) ;
#5180 = PLANE ( 'NONE',  #3846 ) ;
#5181 = EDGE_CURVE ( 'NONE', #4874, #3581, #856, .T. ) ;
#5182 = CARTESIAN_POINT ( 'NONE',  ( 0.6310975609756098725, 0.7599999999999997868, 0.5890243902439019630 ) ) ;
#5183 = VECTOR ( 'NONE', #5570, 1000.000000000000000 ) ;
#5184 = DIRECTION ( 'NONE',  ( 0.000000000000000000, 1.000000000000000000, 0.000000000000000000 ) ) ;
#5185 = ORIENTED_EDGE ( 'NONE', *, *, #2398, .F. ) ;
#5186 = CARTESIAN_POINT ( 'NONE',  ( -0.5356048335593457388, 0.7699999999999997957, 1.266768873394477080 ) ) ;
#5187 = VECTOR ( 'NONE', #1813, 1000.000000000000000 ) ;
#5188 = VECTOR ( 'NONE', #4996, 1000.000000000000000 ) ;
#5189 = EDGE_LOOP ( 'NONE', ( #5197, #4435, #4387, #2681 ) ) ;
#5191 = DIRECTION ( 'NONE',  ( 1.000000000000000000, 0.000000000000000000, 2.609620241562207074E-14 ) ) ;
#5190 = CARTESIAN_POINT ( 'NONE',  ( -0.8229597860795826447, 0.7599999999999997868, 1.506268348291801784 ) ) ;
#5192 = MANIFOLD_SOLID_BREP ( '切除-拉伸2', #2263 ) ;
#5193 = CARTESIAN_POINT ( 'NONE',  ( 1.528355237625223406, 0.7599999999999997868, 1.391319280114061696 ) ) ;
#5194 = CARTESIAN_POINT ( 'NONE',  ( 2.449999999999999289, 0.7477381076453416542, 2.600000000000000089 ) ) ;
#5195 = AXIS2_PLACEMENT_3D ( 'NONE', #3309, #1984, #4677 ) ;
#5196 = ORIENTED_EDGE ( 'NONE', *, *, #616, .F. ) ;
#5197 = ORIENTED_EDGE ( 'NONE', *, *, #2517, .T. ) ;
#5198 = CARTESIAN_POINT ( 'NONE',  ( -0.2909471885907104483, 0.7599999999999997868, -1.503873276446153762 ) ) ;
#5199 = APPROVAL_STATUS ( 'not_yet_approved' ) ;
#5200 = VECTOR ( 'NONE', #5713, 1000.000000000000000 ) ;
#5201 = CARTESIAN_POINT ( 'NONE',  ( 0.7281131775591043187, 0.7600000000000000089, 0.6043087540839103822 ) ) ;
#5202 = VECTOR ( 'NONE', #4182, 1000.000000000000000 ) ;
#5203 = CARTESIAN_POINT ( 'NONE',  ( 0.4445121951219515588, 0.7699999999999997957, 1.062004573170731936 ) ) ;
#5204 = LINE ( 'NONE', #1062, #2606 ) ;
#5205 = DIRECTION ( 'NONE',  ( -1.566985558428477866E-14, 0.000000000000000000, -1.000000000000000000 ) ) ;
#5206 = VERTEX_POINT ( 'NONE', #2827 ) ;
#5207 = DIRECTION ( 'NONE',  ( 0.000000000000000000, 0.000000000000000000, 1.000000000000000000 ) ) ;
#5208 = CARTESIAN_POINT ( 'NONE',  ( -1.014160713550104953, 0.7699999999999997957, -1.168135470357039685 ) ) ;
#5209 = FACE_OUTER_BOUND ( 'NONE', #417, .T. ) ;
#5210 = DIRECTION ( 'NONE',  ( 0.000000000000000000, 0.000000000000000000, -1.000000000000000000 ) ) ;
#5211 = LINE ( 'NONE', #1465, #2651 ) ;
#5212 = LINE ( 'NONE', #1072, #5243 ) ;
#5213 = FACE_BOUND ( 'NONE', #1982, .T. ) ;
#5214 = ORIENTED_EDGE ( 'NONE', *, *, #5129, .T. ) ;
#5215 = CARTESIAN_POINT ( 'NONE',  ( -0.5476263027075407575, 0.7599999999999997868, 1.466358859896788713 ) ) ;
#5216 = VECTOR ( 'NONE', #3440, 1000.000000000000000 ) ;
#5217 = ORIENTED_EDGE ( 'NONE', *, *, #2092, .F. ) ;
#5219 = CARTESIAN_POINT ( 'NONE',  ( 0.7155106870546892317, 0.7599999999999997868, 0.7237744651909922000 ) ) ;
#5218 = CARTESIAN_POINT ( 'NONE',  ( -0.8915712272086910861, 0.7599999999999997868, 1.491658890457732145 ) ) ;
#5220 = CARTESIAN_POINT ( 'NONE',  ( 1.356621360078112293, 0.7599999999999997868, 0.5898206575037096000 ) ) ;
#5221 = CARTESIAN_POINT ( 'NONE',  ( -0.2140243902439024626, 0.7599999999999997868, 0.5999999999999998668 ) ) ;
#5222 = ORIENTED_EDGE ( 'NONE', *, *, #151, .F. ) ;
#5223 = ORIENTED_EDGE ( 'NONE', *, *, #3246, .F. ) ;
#5224 = CARTESIAN_POINT ( 'NONE',  ( 0.3512998121464835921, 0.7599999999999997868, -1.025179901899914370 ) ) ;
#5225 = PERSON_AND_ORGANIZATION ( #4016, #2818 ) ;
#5226 = B_SPLINE_SURFACE_WITH_KNOTS ( 'NONE', 3, 1, ( 
 ( #5563, #1420 ),
 ( #3263, #5106 ),
 ( #2970, #3479 ),
 ( #1097, #3959 ),
 ( #3024, #5266 ),
 ( #2997, #2122 ),
 ( #199, #4897 ),
 ( #5323, #307 ),
 ( #253, #1126 ),
 ( #3393, #283 ),
 ( #1178, #5774 ),
 ( #5802, #4865 ),
 ( #5743, #1604 ),
 ( #728, #4449 ),
 ( #1552, #1578 ),
 ( #2574, #3904 ),
 ( #1663, #5238 ),
 ( #3505, #2149 ),
 ( #2944, #4811 ) ),
 .UNSPECIFIED., .F., .F., .F.,
 ( 4, 1, 1, 1, 1, 1, 1, 1, 1, 1, 1, 1, 1, 1, 1, 1, 4 ),
 ( 2, 2 ),
 ( 0.000000000000000000, 0.09099364466684944919, 0.1762429484682422887, 0.2559025072284643043, 0.3302728618825673257, 0.3998185725043760241, 0.4647514767015900050, 0.5250732806545241882, 0.5823061533381354016, 0.6360710689675845853, 0.6877019722669743818, 0.7378676930848171445, 0.7875790567005860332, 0.8376276121223638071, 0.8893191750258279127, 0.9430338968682453471, 1.000000000000000000 ),
 ( 0.000000000000000000, 1.000000000000000000 ),
 .UNSPECIFIED. ) ;
#5227 = DIRECTION ( 'NONE',  ( -0.000000000000000000, 0.000000000000000000, 1.000000000000000000 ) ) ;
#5228 = CARTESIAN_POINT ( 'NONE',  ( 0.3427391402800833986, 0.7699999999999997957, 0.8610008260708160721 ) ) ;
#5229 = CARTESIAN_POINT ( 'NONE',  ( 1.486825452789038549, 0.7699999999999997957, 1.098383957097402774 ) ) ;
#5230 = AXIS2_PLACEMENT_3D ( 'NONE', #2933, #1513, #4723 ) ;
#5231 = EDGE_LOOP ( 'NONE', ( #2084, #1250, #4297, #5 ) ) ;
#5232 = DIRECTION ( 'NONE',  ( -0.07419174491480191869, 0.000000000000000000, 0.9972439947106711555 ) ) ;
#5233 = CARTESIAN_POINT ( 'NONE',  ( -0.7653695533823274832, 0.7599999999999997868, 1.411850060142924468 ) ) ;
#5234 = LINE ( 'NONE', #586, #4086 ) ;
#5235 = ORIENTED_EDGE ( 'NONE', *, *, #489, .F. ) ;
#5236 = DIRECTION ( 'NONE',  ( 1.000000000000000000, 0.000000000000000000, -1.211420806669687810E-14 ) ) ;
#5237 = CARTESIAN_POINT ( 'NONE',  ( 0.7957317073170734334, 0.7599999999999997868, 1.056173780487805081 ) ) ;
#5238 = CARTESIAN_POINT ( 'NONE',  ( 1.356621360078112293, 0.7699999999999997957, 0.5898206575037096000 ) ) ;
#5239 = LINE ( 'NONE', #2063, #2863 ) ;
#5240 = ORIENTED_EDGE ( 'NONE', *, *, #2376, .T. ) ;
#5241 = EDGE_CURVE ( 'NONE', #1122, #680, #4272, .T. ) ;
#5242 = CARTESIAN_POINT ( 'NONE',  ( -3.000000000000000000, 0.2699999999999987965, -2.600000000000000089 ) ) ;
#5243 = VECTOR ( 'NONE', #61, 1000.000000000000000 ) ;
#5244 = VERTEX_POINT ( 'NONE', #3325 ) ;
#5245 = DIRECTION ( 'NONE',  ( 1.000000000000000000, -0.000000000000000000, 0.000000000000000000 ) ) ;
#5246 = CARTESIAN_POINT ( 'NONE',  ( -0.2909471885907104483, 0.7599999999999997868, -1.503873276446153762 ) ) ;
#5247 = AXIS2_PLACEMENT_3D ( 'NONE', #521, #5043, #4143 ) ;
#5248 = CARTESIAN_POINT ( 'NONE',  ( -0.7631478658536581250, 0.7599999999999997868, 1.050000000000000488 ) ) ;
#5249 = ORIENTED_EDGE ( 'NONE', *, *, #685, .T. ) ;
#5250 = ORIENTED_EDGE ( 'NONE', *, *, #4229, .T. ) ;
#5252 = CARTESIAN_POINT ( 'NONE',  ( 0.7822284249975499648, 0.7599999999999997868, 0.6330019528771935189 ) ) ;
#5251 = CARTESIAN_POINT ( 'NONE',  ( 1.154804676165228194, 0.7599999999999997868, 1.467228091517889910 ) ) ;
#5253 = APPLICATION_PROTOCOL_DEFINITION ( 'international standard', 'config_control_design', 1994, #3140 ) ;
#5254 = AXIS2_PLACEMENT_3D ( 'NONE', #478, #2320, #5065 ) ;
#5255 = DIRECTION ( 'NONE',  ( 1.000000000000000000, 0.000000000000000000, 0.000000000000000000 ) ) ;
#5256 = DIRECTION ( 'NONE',  ( -1.426083868046566248E-14, 0.000000000000000000, -1.000000000000000000 ) ) ;
#5257 = ORIENTED_EDGE ( 'NONE', *, *, #3431, .T. ) ;
#5258 = CARTESIAN_POINT ( 'NONE',  ( -0.6549516466759648381, 0.7699999999999997957, 0.9552615702967444111 ) ) ;
#5259 = MANIFOLD_SOLID_BREP ( '圆角5', #5163 ) ;
#5260 = VECTOR ( 'NONE', #1808, 1000.000000000000000 ) ;
#5261 = DIRECTION ( 'NONE',  ( 1.000000000000000000, 0.000000000000000000, -1.686552278066746454E-14 ) ) ;
#5262 = LINE ( 'NONE', #1599, #424 ) ;
#5263 = CARTESIAN_POINT ( 'NONE',  ( 0.2582879572076157149, 0.7599999999999997868, -0.6368431279601127759 ) ) ;
#5264 = DIRECTION ( 'NONE',  ( -1.211420806669687810E-14, 0.000000000000000000, -1.000000000000000000 ) ) ;
#5265 = DIRECTION ( 'NONE',  ( 1.000000000000000000, 3.523657060577887833E-15, 0.000000000000000000 ) ) ;
#5266 = CARTESIAN_POINT ( 'NONE',  ( 1.598670780095252431, 0.7699999999999997957, 0.8918399474877636290 ) ) ;
#5267 = CARTESIAN_POINT ( 'NONE',  ( 0.4598611446829223293, 0.7699999999999997957, -1.352008014715327722 ) ) ;
#5268 = ORIENTED_EDGE ( 'NONE', *, *, #2613, .F. ) ;
#5269 = CARTESIAN_POINT ( 'NONE',  ( 1.153136732609185033, 0.7599999999999997868, 0.8653775929079338125 ) ) ;
#5270 = VECTOR ( 'NONE', #645, 1000.000000000000000 ) ;
#5271 = ORIENTED_EDGE ( 'NONE', *, *, #4713, .T. ) ;
#5272 = CARTESIAN_POINT ( 'NONE',  ( 0.7414245153308856029, 0.7599999999999997868, 1.343928308114217707 ) ) ;
#5273 = CARTESIAN_POINT ( 'NONE',  ( -0.5546633711883781626, 0.7699999999999997957, 1.319057722362789731 ) ) ;
#5274 = VECTOR ( 'NONE', #4855, 1000.000000000000000 ) ;
#5275 = AXIS2_PLACEMENT_3D ( 'NONE', #4060, #5926, #3604 ) ;
#5276 = VECTOR ( 'NONE', #1219, 1000.000000000000000 ) ;
#5277 = CARTESIAN_POINT ( 'NONE',  ( -0.8806091538170995880, 0.7599999999999997868, 1.054014657109898723 ) ) ;
#5278 = ORIENTED_EDGE ( 'NONE', *, *, #827, .T. ) ;
#5279 = VERTEX_POINT ( 'NONE', #3270 ) ;
#5281 = DIRECTION ( 'NONE',  ( -0.000000000000000000, 1.000000000000000000, -0.000000000000000000 ) ) ;
#5280 = CARTESIAN_POINT ( 'NONE',  ( 1.056675442213708127, 0.7599999999999997868, 1.333933062788915436 ) ) ;
#5282 = EDGE_CURVE ( 'NONE', #5896, #4181, #4727, .T. ) ;
#5283 = DIRECTION ( 'NONE',  ( 1.000000000000000000, 0.000000000000000000, 0.000000000000000000 ) ) ;
#5284 = EDGE_CURVE ( 'NONE', #5556, #1874, #5603, .T. ) ;
#5285 = CARTESIAN_POINT ( 'NONE',  ( 0.3282346104547580468, 0.7599999999999997868, 0.9577215403777634695 ) ) ;
#5286 = CARTESIAN_POINT ( 'NONE',  ( 1.312957317073170982, 0.7599999999999996758, 1.412195121951219656 ) ) ;
#5287 = VECTOR ( 'NONE', #5718, 1000.000000000000000 ) ;
#5288 = ORIENTED_EDGE ( 'NONE', *, *, #4255, .F. ) ;
#5289 = CARTESIAN_POINT ( 'NONE',  ( 5.000000000000000000, 0.000000000000000000, 2.600000000000000089 ) ) ;
#5290 = ADVANCED_FACE ( 'NONE', ( #5175 ), #1459, .T. ) ;
#5291 = DIRECTION ( 'NONE',  ( 0.2749134163542836795, 0.000000000000000000, 0.9614689872837377527 ) ) ;
#5292 = CARTESIAN_POINT ( 'NONE',  ( -2.450000000000001066, 0.7699999999999997957, 2.600000000000000089 ) ) ;
#5293 = DIRECTION ( 'NONE',  ( -0.000000000000000000, -0.000000000000000000, -1.000000000000000000 ) ) ;
#5294 = EDGE_CURVE ( 'NONE', #190, #1724, #3299, .T. ) ;
#5295 = FACE_OUTER_BOUND ( 'NONE', #2558, .T. ) ;
#5296 = LINE ( 'NONE', #1155, #5689 ) ;
#5297 = CARTESIAN_POINT ( 'NONE',  ( 1.456428610911929544, 0.7599999999999997868, -0.4857519260323993615 ) ) ;
#5298 = ORIENTED_EDGE ( 'NONE', *, *, #4500, .F. ) ;
#5299 = DIRECTION ( 'NONE',  ( 1.000000000000000000, 0.000000000000000000, -1.426083868046566248E-14 ) ) ;
#5300 = CARTESIAN_POINT ( 'NONE',  ( -1.081097560975608385, 0.7699999999999997957, 0.6987804878048785584 ) ) ;
#5301 = ORIENTED_EDGE ( 'NONE', *, *, #3142, .F. ) ;
#5302 = CARTESIAN_POINT ( 'NONE',  ( 0.6981884183354228890, 0.7599999999999997868, 1.390302060497695447 ) ) ;
#5303 = EDGE_CURVE ( 'NONE', #5727, #1314, #137, .T. ) ;
#5304 = CARTESIAN_POINT ( 'NONE',  ( -0.7417111280487800329, 0.7699999999999997957, 1.412195121951219878 ) ) ;
#5305 = CARTESIAN_POINT ( 'NONE',  ( 0.6651579454439657813, 0.7600000000000000089, 0.5898206575037093780 ) ) ;
#5306 = ADVANCED_FACE ( 'NONE', ( #5114 ), #5877, .T. ) ;
#5307 = CARTESIAN_POINT ( 'NONE',  ( 1.220620734399337604, 0.7699999999999997957, 0.7241448525850863183 ) ) ;
#5308 = ORIENTED_EDGE ( 'NONE', *, *, #4061, .F. ) ;
#5309 = ORIENTED_EDGE ( 'NONE', *, *, #5907, .T. ) ;
#5311 = CARTESIAN_POINT ( 'NONE',  ( 1.019553266744817055, 0.7699999999999997957, -1.199375013914661947 ) ) ;
#5310 = CARTESIAN_POINT ( 'NONE',  ( 1.131200217835203636, 0.7599999999999995648, 1.447344517896008043 ) ) ;
#5312 = CC_DESIGN_PERSON_AND_ORGANIZATION_ASSIGNMENT ( #4824, #5703, ( #812 ) ) ;
#5313 = EDGE_CURVE ( 'NONE', #4147, #594, #3781, .T. ) ;
#5314 = CARTESIAN_POINT ( 'NONE',  ( 0.1766575670847862767, 0.7599999999999997868, -1.330211751212933668 ) ) ;
#5315 = FACE_OUTER_BOUND ( 'NONE', #35, .T. ) ;
#5316 = ORIENTED_EDGE ( 'NONE', *, *, #5614, .F. ) ;
#5317 = EDGE_CURVE ( 'NONE', #4903, #2829, #1091, .T. ) ;
#5318 = DIRECTION ( 'NONE',  ( -0.000000000000000000, 0.000000000000000000, -1.000000000000000000 ) ) ;
#5319 = CARTESIAN_POINT ( 'NONE',  ( 1.179574201693892155, 0.7699999999999997957, 1.324290092696827514 ) ) ;
#5320 = DIRECTION ( 'NONE',  ( 1.000000000000000000, 0.000000000000000000, 0.000000000000000000 ) ) ;
#5321 = PLANE ( 'NONE',  #1233 ) ;
#5322 = DIRECTION ( 'NONE',  ( 0.000000000000000000, -0.000000000000000000, 1.000000000000000000 ) ) ;
#5323 = CARTESIAN_POINT ( 'NONE',  ( 1.568606689760121409, 0.7599999999999994538, 0.7682479757975688717 ) ) ;
#5324 = FACE_OUTER_BOUND ( 'NONE', #3767, .T. ) ;
#5325 = PLANE ( 'NONE',  #160 ) ;
#5326 = ORIENTED_EDGE ( 'NONE', *, *, #5158, .T. ) ;
#5327 = DIRECTION ( 'NONE',  ( -1.000000000000000000, 0.000000000000000000, 0.000000000000000000 ) ) ;
#5328 = FACE_OUTER_BOUND ( 'NONE', #261, .T. ) ;
#5329 = EDGE_CURVE ( 'NONE', #5896, #688, #4955, .T. ) ;
#5330 = ORIENTED_EDGE ( 'NONE', *, *, #4782, .T. ) ;
#5331 = CARTESIAN_POINT ( 'NONE',  ( 0.7953620381548925922, 0.7699999999999997957, 1.098383957097402330 ) ) ;
#5332 = CARTESIAN_POINT ( 'NONE',  ( -0.6048585476591068488, 0.7699999999999997957, 1.373725745599488457 ) ) ;
#5333 = CARTESIAN_POINT ( 'NONE',  ( 1.180368839865269193, 0.7599999999999997868, 0.7817318149242047376 ) ) ;
#5334 = B_SPLINE_CURVE_WITH_KNOTS ( 'NONE', 3,
 ( #5631, #1433, #4120, #88, #5542, #1492, #1888, #4574, #1826, #5053, #5512, #1920, #3241, #3274, #5120, #981, #4275, #2965, #4780 ),
 .UNSPECIFIED., .F., .F.,
 ( 4, 1, 1, 1, 1, 1, 1, 1, 1, 1, 1, 1, 1, 1, 1, 1, 4 ),
 ( 0.000000000000000000, 0.08934862503628904218, 0.1730008766696033151, 0.2516881817461323334, 0.3253910184677554773, 0.3944770647130367291, 0.4592656506565445107, 0.5202030774438812788, 0.5779584946579520155, 0.6328982644946861136, 0.6854946129789087905, 0.7365863691978086214, 0.7869078963745953503, 0.8376625301289772896, 0.8895379010925481555, 0.9432238766909551986, 1.000000000000000000 ),
 .UNSPECIFIED. ) ;
#5335 = CARTESIAN_POINT ( 'NONE',  ( 0.2469512195121951748, 0.7699999999999997957, 1.500000000000000444 ) ) ;
#5336 = EDGE_CURVE ( 'NONE', #4808, #3826, #4751, .T. ) ;
#5337 = CARTESIAN_POINT ( 'NONE',  ( 1.135975609756098015, 0.7699999999999997957, 1.062004573170732158 ) ) ;
#5338 = ORIENTED_EDGE ( 'NONE', *, *, #3915, .F. ) ;
#5339 = VERTEX_POINT ( 'NONE', #191 ) ;
#5341 = CARTESIAN_POINT ( 'NONE',  ( -0.7233612804878044589, 0.7599999999999997868, 0.9512195121951227961 ) ) ;
#5340 = CARTESIAN_POINT ( 'NONE',  ( 1.131200217835203636, 0.7699999999999997957, 1.447344517896008043 ) ) ;
#5342 = AXIS2_PLACEMENT_3D ( 'NONE', #2124, #1694, #4085 ) ;
#5343 = CARTESIAN_POINT ( 'NONE',  ( -1.103048780487803970, 0.7699999999999997957, 1.104878048780488120 ) ) ;
#5344 = LINE ( 'NONE', #4502, #802 ) ;
#5345 = ORIENTED_EDGE ( 'NONE', *, *, #1829, .F. ) ;
#5346 = DIRECTION ( 'NONE',  ( 0.000000000000000000, 0.000000000000000000, -1.000000000000000000 ) ) ;
#5347 = CARTESIAN_POINT ( 'NONE',  ( 0.3803992256634396441, 0.7599999999999997868, 1.367369651798794550 ) ) ;
#5348 = CARTESIAN_POINT ( 'NONE',  ( 1.219077112717322109, 0.7699999999999997957, 1.378273464713891894 ) ) ;
#5349 = CARTESIAN_POINT ( 'NONE',  ( 0.4502394553777958608, 0.7600000000000001199, 1.180220503743218519 ) ) ;
#5350 = CARTESIAN_POINT ( 'NONE',  ( -0.09329268292682915686, 0.7699999999999997957, 0.6000000000000005329 ) ) ;
#5351 = CARTESIAN_POINT ( 'NONE',  ( 0.9916545292830794001, 0.7599999999999997868, -1.025179901899849089 ) ) ;
#5352 = VECTOR ( 'NONE', #4859, 1000.000000000000000 ) ;
#5353 = DIRECTION ( 'NONE',  ( 1.000000000000000000, 0.000000000000000000, 0.000000000000000000 ) ) ;
#5354 = CARTESIAN_POINT ( 'NONE',  ( 0.6453988597289684881, 0.7599999999999997868, 0.6884311073397507696 ) ) ;
#5355 = DIRECTION ( 'NONE',  ( -0.000000000000000000, 0.000000000000000000, 1.000000000000000000 ) ) ;
#5356 = ORIENTED_EDGE ( 'NONE', *, *, #5609, .F. ) ;
#5357 = DIRECTION ( 'NONE',  ( 1.000000000000000000, 0.000000000000000000, -0.000000000000000000 ) ) ;
#5358 = VERTEX_POINT ( 'NONE', #695 ) ;
#5359 = AXIS2_PLACEMENT_3D ( 'NONE', #5093, #507, #957 ) ;
#5360 = CARTESIAN_POINT ( 'NONE',  ( 1.314068373535224765, 0.7599999999999997868, 1.510634158454858156 ) ) ;
#5361 = ORIENTED_EDGE ( 'NONE', *, *, #4179, .T. ) ;
#5362 = CARTESIAN_POINT ( 'NONE',  ( 0.3244839543459067666, 0.7699999999999997957, 1.118990199611845426 ) ) ;
#5363 = CARTESIAN_POINT ( 'NONE',  ( 0.6453988597289684881, 0.7599999999999997868, 0.6884311073397507696 ) ) ;
#5364 = EDGE_CURVE ( 'NONE', #5358, #4154, #1172, .T. ) ;
#5365 = FACE_OUTER_BOUND ( 'NONE', #67, .T. ) ;
#5366 = CARTESIAN_POINT ( 'NONE',  ( -0.4554878048780484079, 0.7599999999999997868, 0.6987804878048793356 ) ) ;
#5367 = ORIENTED_EDGE ( 'NONE', *, *, #3977, .F. ) ;
#5368 = VERTEX_POINT ( 'NONE', #4298 ) ;
#5370 = DIRECTION ( 'NONE',  ( 0.6897431369032216431, 0.000000000000000000, -0.7240541451403367246 ) ) ;
#5369 = CARTESIAN_POINT ( 'NONE',  ( 1.109242883744625097, 0.7599999999999995648, 1.424275484779585321 ) ) ;
#5371 = AXIS2_PLACEMENT_3D ( 'NONE', #4115, #1690, #1789 ) ;
#5372 = FACE_OUTER_BOUND ( 'NONE', #2216, .T. ) ;
#5373 = LINE ( 'NONE', #4008, #1773 ) ;
#5374 = CARTESIAN_POINT ( 'NONE',  ( 0.4553013763679187309, 0.7599999999999997868, 1.214420153770696453 ) ) ;
#5375 = VECTOR ( 'NONE', #1341, 1000.000000000000000 ) ;
#5376 = CARTESIAN_POINT ( 'NONE',  ( 0.6790436601874728639, 0.7699999999999997957, 1.504112681236899007 ) ) ;
#5377 = CARTESIAN_POINT ( 'NONE',  ( 1.135975609756098015, 0.7599999999999997868, 1.062004573170732158 ) ) ;
#5378 = PLANE ( 'NONE',  #4585 ) ;
#5379 = DIRECTION ( 'NONE',  ( 0.000000000000000000, 0.000000000000000000, -1.000000000000000000 ) ) ;
#5380 = EDGE_CURVE ( 'NONE', #3617, #3429, #2910, .T. ) ;
#5381 = VERTEX_POINT ( 'NONE', #3897 ) ;
#5382 = LINE ( 'NONE', #5892, #82 ) ;
#5383 = PLANE ( 'NONE',  #5092 ) ;
#5384 = B_SPLINE_CURVE_WITH_KNOTS ( 'NONE', 3,
 ( #5729, #20, #4149, #1854, #2828, #4798, #5251, #3437, #5147, #2857, #5571, #5280, #2021, #3238, #978, #5701, #4665, #114, #4697 ),
 .UNSPECIFIED., .F., .F.,
 ( 4, 1, 1, 1, 1, 1, 1, 1, 1, 1, 1, 1, 1, 1, 1, 1, 4 ),
 ( 0.000000000000000000, 0.05603985952507983814, 0.1092998096634137106, 0.1611367880925371199, 0.2117520666770185411, 0.2624215750523271606, 0.3138370126196215470, 0.3670969627579550587, 0.4227747856106864321, 0.4813544446619645867, 0.5429283450879769379, 0.6078009428411533799, 0.6767246608579455813, 0.7501625208766301567, 0.8284183513048587466, 0.9117013351124154674, 1.000000000000000000 ),
 .UNSPECIFIED. ) ;
#5385 = CARTESIAN_POINT ( 'NONE',  ( 0.6318688089915143191, 0.7599999999999997868, 0.6880172914037872012 ) ) ;
#5386 = CARTESIAN_POINT ( 'NONE',  ( -1.421341463414633077, 0.7699999999999997957, 1.006097560975610206 ) ) ;
#5387 = VERTEX_POINT ( 'NONE', #3386 ) ;
#5388 = VECTOR ( 'NONE', #1042, 1000.000000000000000 ) ;
#5389 = EDGE_CURVE ( 'NONE', #3436, #4397, #165, .T. ) ;
#5390 = DIRECTION ( 'NONE',  ( 0.000000000000000000, 0.000000000000000000, 1.000000000000000000 ) ) ;
#5391 = EDGE_LOOP ( 'NONE', ( #2244, #2287, #4531, #481 ) ) ;
#5392 = CARTESIAN_POINT ( 'NONE',  ( 1.272779648922131024, 0.7699999999999997957, -0.3052017748453783041 ) ) ;
#5393 = LINE ( 'NONE', #4488, #4676 ) ;
#5394 = EDGE_CURVE ( 'NONE', #4099, #1354, #4354, .T. ) ;
#5395 = VERTEX_POINT ( 'NONE', #721 ) ;
#5396 = CARTESIAN_POINT ( 'NONE',  ( 0.3240195022785396506, 0.7699999999999997957, 1.084989620629220441 ) ) ;
#5397 = CARTESIAN_POINT ( 'NONE',  ( 0.7002156270776986879, 0.7599999999999997868, 0.7103779437168882271 ) ) ;
#5398 = CARTESIAN_POINT ( 'NONE',  ( 0.6453988597289684881, 0.7699999999999997957, 0.6884311073397507696 ) ) ;
#5399 = LINE ( 'NONE', #349, #4197 ) ;
#5400 = ORIENTED_EDGE ( 'NONE', *, *, #5241, .F. ) ;
#5401 = AXIS2_PLACEMENT_3D ( 'NONE', #75, #1025, #1908 ) ;
#5402 = ORIENTED_EDGE ( 'NONE', *, *, #2638, .F. ) ;
#5404 = CARTESIAN_POINT ( 'NONE',  ( -0.6677958863311623805, 0.7599999999999997868, -0.3052017748455451707 ) ) ;
#5403 = CARTESIAN_POINT ( 'NONE',  ( -0.7769828238272171728, 0.7599999999999997868, 1.050108574162090136 ) ) ;
#5405 = DIRECTION ( 'NONE',  ( -0.000000000000000000, 1.000000000000000000, -0.000000000000000000 ) ) ;
#5406 = DIRECTION ( 'NONE',  ( -0.2749134163543398568, 0.000000000000000000, -0.9614689872837216544 ) ) ;
#5407 = VECTOR ( 'NONE', #333, 1000.000000000000000 ) ;
#5408 = CARTESIAN_POINT ( 'NONE',  ( 0.4613168942917295068, 0.7599999999999997868, 1.245949426989632958 ) ) ;
#5409 = EDGE_CURVE ( 'NONE', #552, #1695, #218, .T. ) ;
#5410 = LINE ( 'NONE', #4505, #4990 ) ;
#5411 = CARTESIAN_POINT ( 'NONE',  ( 1.291788764688745372, 0.7599999999999997868, 1.411463576694295563 ) ) ;
#5412 = CARTESIAN_POINT ( 'NONE',  ( 0.5276136980831755974, 0.7600000000000001199, 1.378273464713891672 ) ) ;
#5413 = CARTESIAN_POINT ( 'NONE',  ( 0.7957317073170735444, 0.7699999999999997957, 1.056173780487805081 ) ) ;
#5414 = EDGE_LOOP ( 'NONE', ( #288, #5766, #4406, #1775 ) ) ;
#5415 = PLANE ( 'NONE',  #5371 ) ;
#5416 = CARTESIAN_POINT ( 'NONE',  ( -1.495932705746868541, 0.7599999999999997868, -1.258020211424584645 ) ) ;
#5417 = CARTESIAN_POINT ( 'NONE',  ( 0.7795839572738867407, 0.7599999999999997868, 0.8626457217306293668 ) ) ;
#5418 = FACE_OUTER_BOUND ( 'NONE', #4032, .T. ) ;
#5419 = ORIENTED_EDGE ( 'NONE', *, *, #4479, .T. ) ;
#5420 = LINE ( 'NONE', #4453, #5483 ) ;
#5421 = EDGE_LOOP ( 'NONE', ( #2001, #2855, #5196, #2538 ) ) ;
#5422 = CARTESIAN_POINT ( 'NONE',  ( -0.4115853658536581250, 0.7699999999999997957, 1.219778963414634765 ) ) ;
#5423 = CARTESIAN_POINT ( 'NONE',  ( 1.476990698476938757, 0.7599999999999995648, 0.8958051436348142271 ) ) ;
#5424 = CIRCLE ( 'NONE', #1268, 0.2781274262561416744 ) ;
#5425 = DIRECTION ( 'NONE',  ( 1.000000000000000000, 0.000000000000000000, -1.574469197458188429E-14 ) ) ;
#5426 = EDGE_CURVE ( 'NONE', #2895, #603, #5736, .T. ) ;
#5427 = CARTESIAN_POINT ( 'NONE',  ( -0.4306485298155332542, 0.7599999999999997868, -0.8557455865011125429 ) ) ;
#5428 = VERTEX_POINT ( 'NONE', #4828 ) ;
#5429 = CARTESIAN_POINT ( 'NONE',  ( 0.7855272838427930227, 0.7699999999999997957, 0.8958051436348142271 ) ) ;
#5430 = CARTESIAN_POINT ( 'NONE',  ( -1.014160713550104953, 0.7599999999999997868, -1.168135470357039685 ) ) ;
#5431 = ORIENTED_EDGE ( 'NONE', *, *, #1497, .T. ) ;
#5432 = EDGE_LOOP ( 'NONE', ( #2290, #1648, #4621, #982 ) ) ;
#5434 = CARTESIAN_POINT ( 'NONE',  ( -0.9049090832775932292, 0.7699999999999997957, 1.376757525261209425 ) ) ;
#5433 = CARTESIAN_POINT ( 'NONE',  ( -1.495932705746868541, 0.7599999999999997868, -1.258020211424584645 ) ) ;
#5435 = LINE ( 'NONE', #3978, #3444 ) ;
#5436 = DIRECTION ( 'NONE',  ( -0.7013758018419210538, 0.000000000000000000, -0.7127916838674552835 ) ) ;
#5437 = LINE ( 'NONE', #1299, #1418 ) ;
#5438 = CARTESIAN_POINT ( 'NONE',  ( 0.4177794691104787517, 0.7599999999999997868, 1.424275484779584877 ) ) ;
#5439 = FACE_OUTER_BOUND ( 'NONE', #2841, .T. ) ;
#5440 = CARTESIAN_POINT ( 'NONE',  ( 0.4613168942917295068, 0.7699999999999997957, 1.245949426989632958 ) ) ;
#5441 = CARTESIAN_POINT ( 'NONE',  ( -0.6657367439744299453, 0.7699999999999997957, 1.061275325714628570 ) ) ;
#5442 = EDGE_LOOP ( 'NONE', ( #804, #3737, #1590, #1772 ) ) ;
#5443 = LINE ( 'NONE', #5022, #2776 ) ;
#5444 = CARTESIAN_POINT ( 'NONE',  ( 1.023936363573030306, 0.7599999999999997868, -0.7123193697668354085 ) ) ;
#5445 = CARTESIAN_POINT ( 'NONE',  ( 0.2469512195121953413, 0.7599999999999997868, 1.401219512195121863 ) ) ;
#5446 = LINE ( 'NONE', #2183, #3503 ) ;
#5447 = ORIENTED_EDGE ( 'NONE', *, *, #4394, .F. ) ;
#5448 = B_SPLINE_SURFACE_WITH_KNOTS ( 'NONE', 3, 1, ( 
 ( #2719, #1811 ),
 ( #1446, #2784 ),
 ( #5592, #933 ),
 ( #5041, #4167 ),
 ( #905, #5103 ),
 ( #71, #542 ),
 ( #966, #2815 ),
 ( #4653, #4198 ),
 ( #3287, #2845 ),
 ( #4681, #4564 ),
 ( #2389, #4230 ) ),
 .UNSPECIFIED., .F., .F., .F.,
 ( 4, 1, 1, 1, 1, 1, 1, 1, 4 ),
 ( 2, 2 ),
 ( 0.000000000000000000, 0.1224732374672770074, 0.2445538799263710095, 0.3666312991767289864, 0.4901793328367793912, 0.6145938017934619024, 0.7405672053154632728, 0.8690641619768941784, 1.000000000000000000 ),
 ( 0.000000000000000000, 1.000000000000000000 ),
 .UNSPECIFIED. ) ;
#5449 = CARTESIAN_POINT ( 'NONE',  ( 0.9164634146341466003, 0.7599999999999997868, 1.046227134146341831 ) ) ;
#5450 = ORIENTED_EDGE ( 'NONE', *, *, #3685, .F. ) ;
#5451 = CARTESIAN_POINT ( 'NONE',  ( -0.09329268292682915686, 0.7699999999999997957, 1.401219512195122530 ) ) ;
#5452 = CARTESIAN_POINT ( 'NONE',  ( 1.316387195121951681, 0.7599999999999995648, 0.6878048780487808767 ) ) ;
#5453 = CARTESIAN_POINT ( 'NONE',  ( 1.590675501332365904, 0.7599999999999997868, 0.8471464229908021171 ) ) ;
#5454 = ORIENTED_EDGE ( 'NONE', *, *, #5577, .T. ) ;
#5455 = CARTESIAN_POINT ( 'NONE',  ( -0.2800876308487951216, 0.7699999999999997957, -0.7123193697668176450 ) ) ;
#5456 = CARTESIAN_POINT ( 'NONE',  ( -0.2140243902439023238, 0.7699999999999997957, 0.6000000000000005329 ) ) ;
#5457 = ORIENTED_EDGE ( 'NONE', *, *, #3354, .T. ) ;
#5458 = EDGE_LOOP ( 'NONE', ( #183, #1090, #797, #1958 ) ) ;
#5459 = ORIENTED_EDGE ( 'NONE', *, *, #4035, .T. ) ;
#5461 = LINE ( 'NONE', #4466, #820 ) ;
#5460 = CARTESIAN_POINT ( 'NONE',  ( 1.603518330732012442, 0.7599999999999997868, 1.151442428464635404 ) ) ;
#5462 = DIRECTION ( 'NONE',  ( 0.7013758018418791984, 0.000000000000000000, 0.7127916838674964728 ) ) ;
#5463 = CARTESIAN_POINT ( 'NONE',  ( -0.8828506097560970822, 0.7599999999999997868, 0.5999999999999998668 ) ) ;
#5464 = VECTOR ( 'NONE', #5546, 1000.000000000000000 ) ;
#5465 = CARTESIAN_POINT ( 'NONE',  ( -0.9274390243902435049, 0.7699999999999997957, 1.475819359756098015 ) ) ;
#5466 = B_SPLINE_CURVE_WITH_KNOTS ( 'NONE', 3,
 ( #454, #3681, #5136, #1387, #4199, #2297, #1359 ),
 .UNSPECIFIED., .F., .F.,
 ( 4, 1, 1, 1, 4 ),
 ( 0.000000000000000000, 0.2702650867818810476, 0.5261481515932947550, 0.7700928756993692392, 1.000000000000000000 ),
 .UNSPECIFIED. ) ;
#5467 = CARTESIAN_POINT ( 'NONE',  ( 1.272779648922131024, 0.7599999999999997868, -0.3052017748453783041 ) ) ;
#5468 = EDGE_CURVE ( 'NONE', #1314, #609, #2535, .T. ) ;
#5469 = CARTESIAN_POINT ( 'NONE',  ( 0.6790436601874728639, 0.7599999999999997868, 1.504112681236899007 ) ) ;
#5470 = VECTOR ( 'NONE', #3772, 1000.000000000000000 ) ;
#5471 = CARTESIAN_POINT ( 'NONE',  ( 0.7956060265424214073, 0.7699999999999997957, 1.070524470881337287 ) ) ;
#5472 = VERTEX_POINT ( 'NONE', #3472 ) ;
#5473 = CARTESIAN_POINT ( 'NONE',  ( -1.542073170731706355, 0.7699999999999997957, 0.6000000000000005329 ) ) ;
#5474 = VECTOR ( 'NONE', #2192, 1000.000000000000000 ) ;
#5475 = CARTESIAN_POINT ( 'NONE',  ( 1.220299678403480081, 0.7599999999999997868, 0.6051682785941018272 ) ) ;
#5476 = CARTESIAN_POINT ( 'NONE',  ( 1.353773506337060839, 0.7699999999999997957, 1.407269830831566537 ) ) ;
#5477 = LINE ( 'NONE', #1343, #4287 ) ;
#5478 = CARTESIAN_POINT ( 'NONE',  ( -0.4554878048780484079, 0.7599999999999997868, -7.507433137598514605 ) ) ;
#5479 = ORIENTED_EDGE ( 'NONE', *, *, #374, .T. ) ;
#5480 = ADVANCED_FACE ( 'NONE', ( #2566 ), #2082, .F. ) ;
#5481 = CARTESIAN_POINT ( 'NONE',  ( -0.4118679351539875633, 0.7699999999999997957, 1.209478715188214260 ) ) ;
#5482 = DIRECTION ( 'NONE',  ( -0.7071067811865463515, 0.7071067811865487940, -0.000000000000000000 ) ) ;
#5483 = VECTOR ( 'NONE', #1277, 1000.000000000000000 ) ;
#5484 = CARTESIAN_POINT ( 'NONE',  ( 1.598670780095252431, 0.7599999999999997868, 0.8918399474877636290 ) ) ;
#5485 = VERTEX_POINT ( 'NONE', #2114 ) ;
#5486 = VECTOR ( 'NONE', #5148, 1000.000000000000114 ) ;
#5487 = LINE ( 'NONE', #1253, #4417 ) ;
#5488 = CARTESIAN_POINT ( 'NONE',  ( 0.9158615049492159210, 0.7699999999999997957, 1.099909194300613180 ) ) ;
#5489 = ORIENTED_EDGE ( 'NONE', *, *, #696, .F. ) ;
#5490 = EDGE_CURVE ( 'NONE', #4649, #2928, #3952, .T. ) ;
#5491 = ORIENTED_EDGE ( 'NONE', *, *, #5907, .F. ) ;
#5492 = ORIENTED_EDGE ( 'NONE', *, *, #5943, .T. ) ;
#5494 = PLANE ( 'NONE',  #3427 ) ;
#5493 = CARTESIAN_POINT ( 'NONE',  ( 1.180580640473702481, 0.7699999999999997957, 1.483274102444261722 ) ) ;
#5495 = UNCERTAINTY_MEASURE_WITH_UNIT (LENGTH_MEASURE( 1.000000000000000082E-05 ), #43, 'distance_accuracy_value', 'NONE');
#5496 = CARTESIAN_POINT ( 'NONE',  ( -0.5744429489372778752, 0.7599999999999997868, 1.480376570092419630 ) ) ;
#5497 = CARTESIAN_POINT ( 'NONE',  ( 1.058821000777594890, 0.7699999999999997957, 0.7785722335076150635 ) ) ;
#5498 = ADVANCED_FACE ( 'NONE', ( #4009 ), #4565, .F. ) ;
#5499 = ADVANCED_FACE ( 'NONE', ( #1232 ), #3980, .F. ) ;
#5500 = CARTESIAN_POINT ( 'NONE',  ( -0.7233612804878044589, 0.7699999999999997957, 0.9512195121951224630 ) ) ;
#5501 = EDGE_CURVE ( 'NONE', #1503, #3413, #2071, .T. ) ;
#5502 = LINE ( 'NONE', #3264, #4193 ) ;
#5503 = CARTESIAN_POINT ( 'NONE',  ( 0.9057738123752475667, 0.7599999999999997868, 1.199658049349824784 ) ) ;
#5504 = EDGE_CURVE ( 'NONE', #4577, #4381, #5823, .T. ) ;
#5505 = CARTESIAN_POINT ( 'NONE',  ( -0.1766346205094734834, 0.7599999999999997868, -0.3052017748455521096 ) ) ;
#5506 = CARTESIAN_POINT ( 'NONE',  ( 1.405436372447272486, 0.7699999999999997957, 1.377547199774413311 ) ) ;
#5507 = ORIENTED_EDGE ( 'NONE', *, *, #5623, .T. ) ;
#5508 = CARTESIAN_POINT ( 'NONE',  ( -0.5876117935463109898, 0.7699999999999997957, -0.4839251295228553240 ) ) ;
#5509 = CARTESIAN_POINT ( 'NONE',  ( -0.2140243902439023238, 0.7699999999999997957, 0.6000000000000005329 ) ) ;
#5510 = ORIENTED_EDGE ( 'NONE', *, *, #4662, .T. ) ;
#5511 = CARTESIAN_POINT ( 'NONE',  ( -3.103553390593273953, -2.322477269963798012E-16, -2.600000000000000089 ) ) ;
#5512 = CARTESIAN_POINT ( 'NONE',  ( 1.113948943104750233, 0.7699999999999997957, 0.6816808932241341656 ) ) ;
#5513 = CARTESIAN_POINT ( 'NONE',  ( 1.554222721005923624, 0.7699999999999997957, 0.7340620972096606467 ) ) ;
#5514 = ORIENTED_EDGE ( 'NONE', *, *, #3150, .T. ) ;
#5515 = CARTESIAN_POINT ( 'NONE',  ( -0.4748712839718012835, 0.7699999999999997957, 1.039856568521047242 ) ) ;
#5516 = CARTESIAN_POINT ( 'NONE',  ( 1.356395879282533246, 0.7599999999999995648, 0.6931663305137711895 ) ) ;
#5517 = PLANE ( 'NONE',  #5932 ) ;
#5518 = ORIENTED_EDGE ( 'NONE', *, *, #4426, .F. ) ;
#5519 = DIRECTION ( 'NONE',  ( 1.000000000000000000, 0.000000000000000000, -1.363542059411715509E-14 ) ) ;
#5520 = PLANE ( 'NONE',  #510 ) ;
#5521 = EDGE_CURVE ( 'NONE', #438, #2869, #2171, .T. ) ;
#5522 = ORIENTED_EDGE ( 'NONE', *, *, #2738, .T. ) ;
#5523 = ORIENTED_EDGE ( 'NONE', *, *, #2388, .F. ) ;
#5525 = LINE ( 'NONE', #3224, #857 ) ;
#5524 = CARTESIAN_POINT ( 'NONE',  ( 1.025293750103097867, 0.7699999999999997957, 1.214617812700073074 ) ) ;
#5526 = EDGE_CURVE ( 'NONE', #4594, #4808, #4950, .T. ) ;
#5527 = CARTESIAN_POINT ( 'NONE',  ( -0.4996595183055417833, 0.7599999999999997868, 1.431302995125624866 ) ) ;
#5528 = PLANE ( 'NONE',  #4125 ) ;
#5529 = ORIENTED_EDGE ( 'NONE', *, *, #4964, .F. ) ;
#5530 = CARTESIAN_POINT ( 'NONE',  ( -0.4554878048780482969, 0.7699999999999997957, 0.6000000000000005329 ) ) ;
#5531 = DIRECTION ( 'NONE',  ( 1.000000000000000000, 0.000000000000000000, -0.000000000000000000 ) ) ;
#5532 = CARTESIAN_POINT ( 'NONE',  ( 0.4616733179750388549, 0.7699999999999997957, 0.8653775929079333684 ) ) ;
#5533 = CARTESIAN_POINT ( 'NONE',  ( 2.555287407554770684, 0.4447125924452305923, 2.600000000000000089 ) ) ;
#5534 = CARTESIAN_POINT ( 'NONE',  ( -0.6260983368885785216, 0.7599999999999997868, 1.075807004428627200 ) ) ;
#5535 = CARTESIAN_POINT ( 'NONE',  ( 1.607926829268292890, 0.7699999999999997957, 1.046227134146341831 ) ) ;
#5536 = VERTEX_POINT ( 'NONE', #4043 ) ;
#5537 = CARTESIAN_POINT ( 'NONE',  ( 0.5780739532428117444, 0.7599999999999995648, 1.510102841502850568 ) ) ;
#5538 = VECTOR ( 'NONE', #5610, 1000.000000000000000 ) ;
#5539 = LINE ( 'NONE', #4636, #4709 ) ;
#5540 = EDGE_LOOP ( 'NONE', ( #2760, #1118, #3703, #4769 ) ) ;
#5541 = CARTESIAN_POINT ( 'NONE',  ( 1.136334606762554378, 0.7699999999999997957, 1.103530555674705482 ) ) ;
#5542 = CARTESIAN_POINT ( 'NONE',  ( 1.025756460060380348, 0.7699999999999997957, 0.9076161350652370841 ) ) ;
#5543 = AXIS2_PLACEMENT_3D ( 'NONE', #5386, #4998, #1665 ) ;
#5544 = ORIENTED_EDGE ( 'NONE', *, *, #1185, .T. ) ;
#5545 = FACE_OUTER_BOUND ( 'NONE', #2360, .T. ) ;
#5546 = DIRECTION ( 'NONE',  ( -0.000000000000000000, -0.000000000000000000, 1.000000000000000000 ) ) ;
#5547 = EDGE_CURVE ( 'NONE', #5047, #767, #4074, .T. ) ;
#5548 = DIRECTION ( 'NONE',  ( 0.000000000000000000, 0.000000000000000000, -1.000000000000000000 ) ) ;
#5549 = ORIENTED_EDGE ( 'NONE', *, *, #3899, .F. ) ;
#5550 = CARTESIAN_POINT ( 'NONE',  ( -0.6210763703663972901, 0.7699999999999997957, 1.384044419768887479 ) ) ;
#5551 = DIRECTION ( 'NONE',  ( 0.000000000000000000, -0.000000000000000000, 1.000000000000000000 ) ) ;
#5552 = EDGE_CURVE ( 'NONE', #4316, #2505, #5437, .T. ) ;
#5553 = ORIENTED_EDGE ( 'NONE', *, *, #5158, .F. ) ;
#5554 = EDGE_CURVE ( 'NONE', #2516, #1666, #4509, .T. ) ;
#5555 = AXIS2_PLACEMENT_3D ( 'NONE', #2843, #932, #8 ) ;
#5556 = VERTEX_POINT ( 'NONE', #5463 ) ;
#5558 = CARTESIAN_POINT ( 'NONE',  ( -3.082842712474619162, 0.2699999999999987965, -2.600000000000000089 ) ) ;
#5557 = CARTESIAN_POINT ( 'NONE',  ( 1.563473698393551992, 0.7599999999999997868, 1.324600227924192408 ) ) ;
#5559 = EDGE_CURVE ( 'NONE', #3520, #1508, #846, .T. ) ;
#5560 = CARTESIAN_POINT ( 'NONE',  ( -0.4233149974703652174, 0.7599999999999997868, 1.310798369004404496 ) ) ;
#5561 = CARTESIAN_POINT ( 'NONE',  ( 1.220299678403480081, 0.7599999999999992317, 0.6051682785941018272 ) ) ;
#5562 = EDGE_LOOP ( 'NONE', ( #1084, #1943, #83, #4900 ) ) ;
#5563 = CARTESIAN_POINT ( 'NONE',  ( 1.607926829268292890, 0.7599999999999994538, 1.046227134146341831 ) ) ;
#5564 = LINE ( 'NONE', #3751, #1222 ) ;
#5565 = CARTESIAN_POINT ( 'NONE',  ( 0.6214939024390246924, 0.7699999999999997957, 1.412195121951219434 ) ) ;
#5566 = CARTESIAN_POINT ( 'NONE',  ( 0.2614037892791999385, 0.7599999999999997868, -0.3883414372125759684 ) ) ;
#5567 = CARTESIAN_POINT ( 'NONE',  ( 0.5288362637693343471, 0.7599999999999997868, 0.6051682785941017162 ) ) ;
#5568 = DIRECTION ( 'NONE',  ( -0.000000000000000000, -1.000000000000000000, -0.000000000000000000 ) ) ;
#5569 = ORIENTED_EDGE ( 'NONE', *, *, #1710, .F. ) ;
#5570 = DIRECTION ( 'NONE',  ( 0.000000000000000000, 0.000000000000000000, -1.000000000000000000 ) ) ;
#5571 = CARTESIAN_POINT ( 'NONE',  ( 1.071862640297585934, 0.7599999999999997868, 1.367369651798794994 ) ) ;
#5572 = ORIENTED_EDGE ( 'NONE', *, *, #3792, .F. ) ;
#5573 = DIRECTION ( 'NONE',  ( -1.000000000000000000, 0.000000000000000000, 0.000000000000000000 ) ) ;
#5574 = VECTOR ( 'NONE', #2488, 1000.000000000000000 ) ;
#5575 = DIRECTION ( 'NONE',  ( -0.6897431369031366000, 0.000000000000000000, 0.7240541451404176598 ) ) ;
#5576 = VECTOR ( 'NONE', #844, 1000.000000000000000 ) ;
#5577 = EDGE_CURVE ( 'NONE', #2869, #4830, #4537, .T. ) ;
#5578 = ORIENTED_EDGE ( 'NONE', *, *, #1445, .F. ) ;
#5579 = DIRECTION ( 'NONE',  ( 0.000000000000000000, 0.000000000000000000, 1.000000000000000000 ) ) ;
#5580 = DIRECTION ( 'NONE',  ( -0.000000000000000000, -1.000000000000000000, -0.000000000000000000 ) ) ;
#5581 = EDGE_CURVE ( 'NONE', #1806, #2329, #1332, .T. ) ;
#5582 = CARTESIAN_POINT ( 'NONE',  ( 1.302324695121951592, 0.7699999999999997957, 1.510975609756098015 ) ) ;
#5583 = ORIENTED_EDGE ( 'NONE', *, *, #1529, .F. ) ;
#5584 = ADVANCED_FACE ( 'NONE', ( #4889 ), #2720, .F. ) ;
#5585 = CARTESIAN_POINT ( 'NONE',  ( 1.254831878044424531, 0.7599999999999997868, 0.7005178147430816127 ) ) ;
#5586 = VECTOR ( 'NONE', #1102, 1000.000000000000000 ) ;
#5587 = CARTESIAN_POINT ( 'NONE',  ( -2.450000000000001066, 0.000000000000000000, -2.600000000000000089 ) ) ;
#5588 = ADVANCED_FACE ( 'NONE', ( #3044 ), #5528, .F. ) ;
#5589 = ORIENTED_EDGE ( 'NONE', *, *, #584, .T. ) ;
#5591 = CARTESIAN_POINT ( 'NONE',  ( 1.456428610911929544, 0.7599999999999997868, -0.4857519260323993615 ) ) ;
#5590 = CARTESIAN_POINT ( 'NONE',  ( 1.507204303924984945, 0.7699999999999997957, 1.419454016432457832 ) ) ;
#5592 = CARTESIAN_POINT ( 'NONE',  ( -0.7653695533823274832, 0.7599999999999997868, 1.411850060142924468 ) ) ;
#5593 = CARTESIAN_POINT ( 'NONE',  ( 1.023936363573030306, 0.7699999999999997957, -0.7123193697668354085 ) ) ;
#5594 = EDGE_LOOP ( 'NONE', ( #1288, #1936, #4992, #5431 ) ) ;
#5595 = DIRECTION ( 'NONE',  ( 0.000000000000000000, 0.000000000000000000, 1.000000000000000000 ) ) ;
#5596 = CARTESIAN_POINT ( 'NONE',  ( -0.7369092987804872763, 0.7599999999999997868, 1.510975609756098015 ) ) ;
#5597 = LINE ( 'NONE', #2397, #3415 ) ;
#5598 = CARTESIAN_POINT ( 'NONE',  ( 0.8557300198474545594, 0.7599999999999997868, 1.359695648085031072 ) ) ;
#5599 = CARTESIAN_POINT ( 'NONE',  ( -0.5926760687519609938, 0.7699999999999997957, 1.096282916716385225 ) ) ;
#5600 = CARTESIAN_POINT ( 'NONE',  ( 1.444211165211860992, 0.7699999999999997957, 1.322746769008861012 ) ) ;
#5601 = EDGE_LOOP ( 'NONE', ( #2224, #4881, #1852, #2354 ) ) ;
#5602 = ADVANCED_FACE ( 'NONE', ( #1935 ), #104, .F. ) ;
#5603 = LINE ( 'NONE', #946, #2960 ) ;
#5604 = DIRECTION ( 'NONE',  ( 0.000000000000000000, 0.000000000000000000, -1.000000000000000000 ) ) ;
#5605 = CARTESIAN_POINT ( 'NONE',  ( 1.487195121951219834, 0.7699999999999997957, 1.056173780487805303 ) ) ;
#5606 = CARTESIAN_POINT ( 'NONE',  ( 0.2050376051931377119, 0.7699999999999997957, -1.503873276446153762 ) ) ;
#5607 = ORIENTED_EDGE ( 'NONE', *, *, #3423, .T. ) ;
#5608 = LINE ( 'NONE', #2861, #5388 ) ;
#5609 = EDGE_CURVE ( 'NONE', #4397, #2994, #3260, .T. ) ;
#5610 = DIRECTION ( 'NONE',  ( 0.000000000000000000, 0.000000000000000000, 1.000000000000000000 ) ) ;
#5611 = CARTESIAN_POINT ( 'NONE',  ( 0.9916545292830794001, 0.7699999999999997957, -0.8930402112659507896 ) ) ;
#5612 = VERTEX_POINT ( 'NONE', #4654 ) ;
#5613 = DIRECTION ( 'NONE',  ( -0.000000000000000000, 1.000000000000000000, -0.000000000000000000 ) ) ;
#5614 = EDGE_CURVE ( 'NONE', #1517, #1607, #4140, .T. ) ;
#5615 = ORIENTED_EDGE ( 'NONE', *, *, #1006, .F. ) ;
#5617 = CARTESIAN_POINT ( 'NONE',  ( 1.279714504865960389, 0.7599999999999997868, -1.344444174494791033 ) ) ;
#5616 = CARTESIAN_POINT ( 'NONE',  ( 0.5168805657015596022, 0.7699999999999997957, 1.495735846669839164 ) ) ;
#5618 = CARTESIAN_POINT ( 'NONE',  ( -1.421341463414633077, 0.7699999999999997957, 1.006097560975610206 ) ) ;
#5619 = CARTESIAN_POINT ( 'NONE',  ( 1.252481926652104116, 0.7599999999999992317, 0.5958635433812362603 ) ) ;
#5620 = ORIENTED_EDGE ( 'NONE', *, *, #1566, .T. ) ;
#5621 = CARTESIAN_POINT ( 'NONE',  ( 0.4504724052319078464, 0.7599999999999997868, 0.9356905508304356189 ) ) ;
#5622 = CARTESIAN_POINT ( 'NONE',  ( 0.000000000000000000, 0.000000000000000000, 0.000000000000000000 ) ) ;
#5623 = EDGE_CURVE ( 'NONE', #4316, #314, #5466, .T. ) ;
#5624 = CARTESIAN_POINT ( 'NONE',  ( 0.8460040700160912364, 0.7600000000000000089, 0.7035280647751616101 ) ) ;
#5625 = DIRECTION ( 'NONE',  ( -0.6880188545944715406, 0.000000000000000000, 0.7256928108521617515 ) ) ;
#5626 = CARTESIAN_POINT ( 'NONE',  ( -0.5661145253622513751, 0.7599999999999997868, 1.122127141342211365 ) ) ;
#5627 = DIRECTION ( 'NONE',  ( 1.000000000000000000, 0.000000000000000000, 0.000000000000000000 ) ) ;
#5628 = ORIENTED_EDGE ( 'NONE', *, *, #1053, .F. ) ;
#5629 = CARTESIAN_POINT ( 'NONE',  ( 0.7774231610645325752, 0.7599999999999997868, -0.3817094831572565017 ) ) ;
#5630 = CARTESIAN_POINT ( 'NONE',  ( 1.370507074821618820, 0.7699999999999997957, 1.504112681236899007 ) ) ;
#5631 = CARTESIAN_POINT ( 'NONE',  ( 1.015243902439024737, 0.7699999999999997957, 1.067492378048780832 ) ) ;
#5632 = VERTEX_POINT ( 'NONE', #3226 ) ;
#5633 = CARTESIAN_POINT ( 'NONE',  ( -2.450000000000001066, 0.7599999999999997868, 0.5999999999999998668 ) ) ;
#5634 = CARTESIAN_POINT ( 'NONE',  ( -0.8067073170731702270, 0.7699999999999997957, 0.9546493902439029400 ) ) ;
#5635 = AXIS2_PLACEMENT_3D ( 'NONE', #1858, #2732, #3697 ) ;
#5636 = CARTESIAN_POINT ( 'NONE',  ( -0.8452613603706011780, 0.7699999999999997957, -0.6782251010014370696 ) ) ;
#5637 = EDGE_LOOP ( 'NONE', ( #1499, #2550, #456, #295 ) ) ;
#5638 = CARTESIAN_POINT ( 'NONE',  ( 1.254831878044424531, 0.7699999999999997957, 0.7005178147430816127 ) ) ;
#5639 = EDGE_LOOP ( 'NONE', ( #1141, #1487, #2197, #5867 ) ) ;
#5641 = LINE ( 'NONE', #5617, #1589 ) ;
#5640 = LINE ( 'NONE', #569, #176 ) ;
#5642 = CARTESIAN_POINT ( 'NONE',  ( 1.487077850690338598, 0.7599999999999995648, 1.041308041637374560 ) ) ;
#5643 = AXIS2_PLACEMENT_3D ( 'NONE', #5263, #1493, #2888 ) ;
#5644 = CARTESIAN_POINT ( 'NONE',  ( -0.8806091538170995880, 0.7699999999999997957, 1.054014657109898723 ) ) ;
#5645 = ORIENTED_EDGE ( 'NONE', *, *, #3170, .F. ) ;
#5646 = ORIENTED_EDGE ( 'NONE', *, *, #3879, .T. ) ;
#5647 = DIRECTION ( 'NONE',  ( 0.000000000000000000, 0.000000000000000000, -1.000000000000000000 ) ) ;
#5648 = CARTESIAN_POINT ( 'NONE',  ( 1.316387195121951681, 0.7599999999999997868, 0.6878048780487814318 ) ) ;
#5649 = VECTOR ( 'NONE', #2803, 1000.000000000000000 ) ;
#5650 = CARTESIAN_POINT ( 'NONE',  ( 0.002114784598235275315, 0.7599999999999997868, -0.3794494053059133121 ) ) ;
#5651 = CARTESIAN_POINT ( 'NONE',  ( -0.5357782323941893132, 0.7599999999999997868, 1.187756965760279337 ) ) ;
#5652 = CARTESIAN_POINT ( 'NONE',  ( 1.487069441176567697, 0.7699999999999997957, 1.070524470881337509 ) ) ;
#5653 = VERTEX_POINT ( 'NONE', #4231 ) ;
#5654 = CARTESIAN_POINT ( 'NONE',  ( 0.3338303354689522995, 0.7699999999999997957, 1.214617812700073518 ) ) ;
#5655 = CARTESIAN_POINT ( 'NONE',  ( 1.528355237625223406, 0.7699999999999997957, 1.391319280114061696 ) ) ;
#5656 = CARTESIAN_POINT ( 'NONE',  ( -3.000000000000000000, 0.2699999999999987965, 2.600000000000000089 ) ) ;
#5657 = VERTEX_POINT ( 'NONE', #39 ) ;
#5658 = PLANE ( 'NONE',  #2794 ) ;
#5659 = DIRECTION ( 'NONE',  ( -0.000000000000000000, -1.000000000000000000, -0.000000000000000000 ) ) ;
#5660 = VECTOR ( 'NONE', #2056, 1000.000000000000000 ) ;
#5661 = ADVANCED_FACE ( 'NONE', ( #72 ), #1842, .T. ) ;
#5662 = CARTESIAN_POINT ( 'NONE',  ( -0.6260983368885785216, 0.7599999999999997868, 1.075807004428627200 ) ) ;
#5663 = VERTEX_POINT ( 'NONE', #2752 ) ;
#5664 = CARTESIAN_POINT ( 'NONE',  ( -0.6384046876280813354, 0.7699999999999997957, 1.392834421788160748 ) ) ;
#5665 = VECTOR ( 'NONE', #4109, 1000.000000000000000 ) ;
#5666 = AXIS2_PLACEMENT_3D ( 'NONE', #3889, #1461, #4822 ) ;
#5667 = ORIENTED_EDGE ( 'NONE', *, *, #411, .T. ) ;
#5669 = CARTESIAN_POINT ( 'NONE',  ( 0.002114784598235275315, 0.7599999999999997868, -0.3794494053059133121 ) ) ;
#5668 = LINE ( 'NONE', #2495, #3837 ) ;
#5670 = FACE_OUTER_BOUND ( 'NONE', #2826, .T. ) ;
#5671 = VERTEX_POINT ( 'NONE', #5593 ) ;
#5672 = ORIENTED_EDGE ( 'NONE', *, *, #3463, .T. ) ;
#5673 = CARTESIAN_POINT ( 'NONE',  ( 0.6310975609756098725, 0.7599999999999997868, 0.5890243902439019630 ) ) ;
#5674 = CALENDAR_DATE ( 2023, 1, 11 ) ;
#5675 = AXIS2_PLACEMENT_3D ( 'NONE', #2632, #1270, #5918 ) ;
#5676 = DIRECTION ( 'NONE',  ( -0.000000000000000000, -1.000000000000000000, -0.000000000000000000 ) ) ;
#5677 = PLANE ( 'NONE',  #4644 ) ;
#5678 = CARTESIAN_POINT ( 'NONE',  ( -0.2563660438559333676, 0.7599999999999997868, -1.199375013914536270 ) ) ;
#5679 = ORIENTED_EDGE ( 'NONE', *, *, #638, .F. ) ;
#5680 = EDGE_CURVE ( 'NONE', #4770, #5472, #1023, .T. ) ;
#5681 = CARTESIAN_POINT ( 'NONE',  ( -0.4124193354986041005, 0.7699999999999997957, 1.189379007204849570 ) ) ;
#5682 = EDGE_CURVE ( 'NONE', #2158, #2429, #3288, .T. ) ;
#5683 = ADVANCED_FACE ( 'NONE', ( #1417 ), #871, .T. ) ;
#5684 = CARTESIAN_POINT ( 'NONE',  ( 1.507204303924984945, 0.7699999999999997957, 1.419454016432457832 ) ) ;
#5685 = DIRECTION ( 'NONE',  ( -1.000000000000000000, 0.000000000000000000, 0.000000000000000000 ) ) ;
#5686 = VERTEX_POINT ( 'NONE', #3801 ) ;
#5687 = CARTESIAN_POINT ( 'NONE',  ( 0.7716919135029741694, 0.7699999999999997957, 1.272453177102623734 ) ) ;
#5688 = FACE_OUTER_BOUND ( 'NONE', #418, .T. ) ;
#5689 = VECTOR ( 'NONE', #3931, 999.9999999999998863 ) ;
#5690 = CARTESIAN_POINT ( 'NONE',  ( 2.449999999999999289, 0.7477381076453417652, 2.600000000000000089 ) ) ;
#5691 = CARTESIAN_POINT ( 'NONE',  ( -0.4306485298155433572, 0.7599999999999997868, -1.356522286983777636 ) ) ;
#5692 = EDGE_LOOP ( 'NONE', ( #4869, #34, #3272, #48 ) ) ;
#5693 = CARTESIAN_POINT ( 'NONE',  ( 1.141935819866054524, 0.7599999999999997868, 0.9356905508304361740 ) ) ;
#5694 = AXIS2_PLACEMENT_3D ( 'NONE', #5078, #911, #4660 ) ;
#5695 = ORIENTED_EDGE ( 'NONE', *, *, #3169, .F. ) ;
#5696 = CARTESIAN_POINT ( 'NONE',  ( -0.7369092987804872763, 0.7599999999999997868, 1.510975609756097571 ) ) ;
#5697 = CARTESIAN_POINT ( 'NONE',  ( -0.5764128195753335238, 0.7699999999999997957, 1.348772636336544428 ) ) ;
#5698 = CARTESIAN_POINT ( 'NONE',  ( -0.7769828238272171728, 0.7599999999999997868, 1.050108574162090136 ) ) ;
#5699 = VERTEX_POINT ( 'NONE', #2470 ) ;
#5700 = VERTEX_POINT ( 'NONE', #3916 ) ;
#5702 = CARTESIAN_POINT ( 'NONE',  ( -0.4434271011388504213, 0.7599999999999997868, 1.082532946252666495 ) ) ;
#5701 = CARTESIAN_POINT ( 'NONE',  ( 1.019281554655184552, 0.7599999999999997868, 1.168417697036875369 ) ) ;
#5703 = PERSON_AND_ORGANIZATION_ROLE ( 'design_owner' ) ;
#5704 = FACE_OUTER_BOUND ( 'NONE', #2684, .T. ) ;
#5705 = CARTESIAN_POINT ( 'NONE',  ( -2.450000000000001066, 0.7699999999999997957, 2.600000000000000089 ) ) ;
#5706 = CARTESIAN_POINT ( 'NONE',  ( 1.372355395164240877, 0.7599999999999997868, 1.400102848606193717 ) ) ;
#5707 = AXIS2_PLACEMENT_3D ( 'NONE', #4067, #318, #1708 ) ;
#5708 = EDGE_LOOP ( 'NONE', ( #930, #5010, #3664, #2186 ) ) ;
#5709 = CARTESIAN_POINT ( 'NONE',  ( 1.019553266744817055, 0.7599999999999997868, -1.199375013914661947 ) ) ;
#5710 = CARTESIAN_POINT ( 'NONE',  ( -1.495932705746868541, 0.7599999999999997868, -1.258020211424584645 ) ) ;
#5711 = CYLINDRICAL_SURFACE ( 'NONE', #4957, 0.2500000000000002220 ) ;
#5712 = ORIENTED_EDGE ( 'NONE', *, *, #3607, .F. ) ;
#5713 = DIRECTION ( 'NONE',  ( -0.000000000000000000, -1.000000000000000000, -0.000000000000000000 ) ) ;
#5714 = LINE ( 'NONE', #700, #5270 ) ;
#5715 = FACE_OUTER_BOUND ( 'NONE', #4464, .T. ) ;
#5716 = CARTESIAN_POINT ( 'NONE',  ( 0.5171617500477554419, 0.7599999999999997868, -0.3737557984242693698 ) ) ;
#5717 = ORIENTED_EDGE ( 'NONE', *, *, #5581, .T. ) ;
#5718 = DIRECTION ( 'NONE',  ( -1.000000000000000000, 0.000000000000000000, 0.000000000000000000 ) ) ;
#5719 = EDGE_CURVE ( 'NONE', #2113, #963, #1109, .T. ) ;
#5720 = AXIS2_PLACEMENT_3D ( 'NONE', #3622, #327, #357 ) ;
#5721 = ORIENTED_EDGE ( 'NONE', *, *, #5490, .T. ) ;
#5722 = PLANE ( 'NONE',  #3055 ) ;
#5723 = CARTESIAN_POINT ( 'NONE',  ( -0.6210763703663972901, 0.7699999999999997957, 1.384044419768887479 ) ) ;
#5724 = AXIS2_PLACEMENT_3D ( 'NONE', #3111, #5355, #403 ) ;
#5725 = ADVANCED_FACE ( 'NONE', ( #2018 ), #3403, .T. ) ;
#5726 = CARTESIAN_POINT ( 'NONE',  ( -0.2140243902439024626, 0.7599999999999997868, -7.507433137598514605 ) ) ;
#5727 = VERTEX_POINT ( 'NONE', #1991 ) ;
#5728 = EDGE_LOOP ( 'NONE', ( #1992, #5628, #3492, #164 ) ) ;
#5730 = CARTESIAN_POINT ( 'NONE',  ( -0.1006876842073865796, 0.7699999999999997957, -0.4839251295228619854 ) ) ;
#5729 = CARTESIAN_POINT ( 'NONE',  ( 1.302324695121951370, 0.7599999999999997868, 1.510975609756097571 ) ) ;
#5731 = COORDINATED_UNIVERSAL_TIME_OFFSET ( 8, 0, .AHEAD. ) ;
#5732 = ADVANCED_FACE ( 'NONE', ( #2900 ), #4966, .T. ) ;
#5733 = LINE ( 'NONE', #3013, #4441 ) ;
#5734 = CARTESIAN_POINT ( 'NONE',  ( 0.6808919805300951422, 0.7599999999999997868, 1.400102848606193717 ) ) ;
#5735 = EDGE_LOOP ( 'NONE', ( #1213, #1337, #2291, #687 ) ) ;
#5736 = LINE ( 'NONE', #5289, #4013 ) ;
#5737 = AXIS2_PLACEMENT_3D ( 'NONE', #1747, #5370, #839 ) ;
#5738 = DIRECTION ( 'NONE',  ( -1.000000000000000000, 0.000000000000000000, -1.932927468457599532E-14 ) ) ;
#5739 = ORIENTED_EDGE ( 'NONE', *, *, #4696, .F. ) ;
#5740 = CARTESIAN_POINT ( 'NONE',  ( 0.6808919805300951422, 0.7699999999999997957, 1.400102848606193717 ) ) ;
#5741 = CARTESIAN_POINT ( 'NONE',  ( -1.542073170731706355, 0.7599999999999997868, -7.507433137598514605 ) ) ;
#5742 = ADVANCED_FACE ( 'NONE', ( #5670 ), #1140, .F. ) ;
#5743 = CARTESIAN_POINT ( 'NONE',  ( 1.473691839631696032, 0.7599999999999994538, 0.6330019528771939630 ) ) ;
#5744 = EDGE_CURVE ( 'NONE', #314, #667, #3886, .T. ) ;
#5745 = CARTESIAN_POINT ( 'NONE',  ( -0.7631478658536581250, 0.7599999999999997868, 1.050000000000000488 ) ) ;
#5746 = ORIENTED_EDGE ( 'NONE', *, *, #4050, .T. ) ;
#5747 = FACE_OUTER_BOUND ( 'NONE', #3699, .T. ) ;
#5748 = CARTESIAN_POINT ( 'NONE',  ( 1.235257554468759178, 0.7599999999999997868, 1.390530598095980119 ) ) ;
#5749 = VECTOR ( 'NONE', #4863, 1000.000000000000000 ) ;
#5750 = VERTEX_POINT ( 'NONE', #5221 ) ;
#5751 = CARTESIAN_POINT ( 'NONE',  ( 0.7898845206446777345, 0.7599999999999997868, 1.176356560645834382 ) ) ;
#5752 = EDGE_CURVE ( 'NONE', #1837, #5750, #4289, .T. ) ;
#5753 = CARTESIAN_POINT ( 'NONE',  ( -0.7340463036990148016, 0.7599999999999997868, 1.412006846150904105 ) ) ;
#5754 = CARTESIAN_POINT ( 'NONE',  ( 1.146855685410349990, 0.7599999999999997868, 0.8990562859968446174 ) ) ;
#5755 = AXIS2_PLACEMENT_3D ( 'NONE', #3715, #5042, #5071 ) ;
#5756 = EDGE_CURVE ( 'NONE', #1712, #2248, #4098, .T. ) ;
#5757 = AXIS2_PLACEMENT_3D ( 'NONE', #3400, #2132, #2951 ) ;
#5758 = CARTESIAN_POINT ( 'NONE',  ( -0.9164634146341458232, 0.7699999999999997957, 1.057545731707317582 ) ) ;
#5759 = ORIENTED_EDGE ( 'NONE', *, *, #5468, .T. ) ;
#5760 = ORIENTED_EDGE ( 'NONE', *, *, #4942, .F. ) ;
#5762 = CARTESIAN_POINT ( 'NONE',  ( -1.495932705747281322, 0.7699999999999997957, -0.3052017748453138002 ) ) ;
#5761 = CARTESIAN_POINT ( 'NONE',  ( 1.015482916912685996, 0.7599999999999995648, 1.084989620629220441 ) ) ;
#5763 = CARTESIAN_POINT ( 'NONE',  ( 0.4989897085298541923, 0.7599999999999997868, 0.6187485234774021681 ) ) ;
#5764 = CARTESIAN_POINT ( 'NONE',  ( 1.463155328137120348, 0.7599999999999997868, 1.272453177102624400 ) ) ;
#5765 = CIRCLE ( 'NONE', #5195, 0.2781274262561416744 ) ;
#5766 = ORIENTED_EDGE ( 'NONE', *, *, #3792, .T. ) ;
#5767 = CARTESIAN_POINT ( 'NONE',  ( -0.6884651616699384302, 0.7699999999999997957, 0.9516700191041863599 ) ) ;
#5768 = VECTOR ( 'NONE', #1792, 1000.000000000000000 ) ;
#5769 = FACE_OUTER_BOUND ( 'NONE', #5846, .T. ) ;
#5770 = CARTESIAN_POINT ( 'NONE',  ( 0.4446342861881078523, 0.7600000000000001199, 1.076127118445245001 ) ) ;
#5771 = EDGE_CURVE ( 'NONE', #497, #1305, #3231, .T. ) ;
#5772 = CARTESIAN_POINT ( 'NONE',  ( 0.7414245153308856029, 0.7699999999999997957, 1.343928308114217707 ) ) ;
#5773 = LINE ( 'NONE', #5351, #3529 ) ;
#5774 = CARTESIAN_POINT ( 'NONE',  ( 1.518570104816572730, 0.7699999999999997957, 0.6763580223664809044 ) ) ;
#5775 = CARTESIAN_POINT ( 'NONE',  ( 0.6831311134208890579, 0.7599999999999997868, 0.7004189892349417246 ) ) ;
#5776 = CARTESIAN_POINT ( 'NONE',  ( -0.5326748902760707338, 0.7599999999999997868, 1.207039163010046323 ) ) ;
#5777 = ORIENTED_EDGE ( 'NONE', *, *, #5181, .T. ) ;
#5778 = CARTESIAN_POINT ( 'NONE',  ( -0.2607345472303137512, 0.7599999999999997868, -0.8930402112659507896 ) ) ;
#5779 = EDGE_CURVE ( 'NONE', #1607, #733, #4891, .T. ) ;
#5780 = CARTESIAN_POINT ( 'NONE',  ( 1.291788764688745372, 0.7599999999999997868, 1.411463576694295563 ) ) ;
#5781 = VERTEX_POINT ( 'NONE', #3018 ) ;
#5782 = CARTESIAN_POINT ( 'NONE',  ( 0.6214939024390246924, 0.7699999999999997957, 1.412195121951219434 ) ) ;
#5783 = CARTESIAN_POINT ( 'NONE',  ( -0.2800876308487951216, 0.7699999999999997957, -0.7123193697668176450 ) ) ;
#5784 = CARTESIAN_POINT ( 'NONE',  ( 0.8895072196967481748, 0.7600000000000000089, 0.8058493928861508726 ) ) ;
#5785 = EDGE_CURVE ( 'NONE', #715, #1434, #571, .T. ) ;
#5786 = CARTESIAN_POINT ( 'NONE',  ( 1.160806029691554997, 0.7699999999999997957, 0.8346021721491954093 ) ) ;
#5787 = EDGE_LOOP ( 'NONE', ( #3962, #5037, #2298, #5518 ) ) ;
#5788 = ORIENTED_EDGE ( 'NONE', *, *, #2092, .T. ) ;
#5790 = CARTESIAN_POINT ( 'NONE',  ( 0.8460040700160912364, 0.7599999999999997868, 0.7035280647751616101 ) ) ;
#5789 = CARTESIAN_POINT ( 'NONE',  ( 1.019281554655184552, 0.7699999999999997957, 1.168417697036875369 ) ) ;
#5791 = CARTESIAN_POINT ( 'NONE',  ( 1.015243902439024737, 0.7699999999999997957, 1.067492378048780832 ) ) ;
#5792 = CARTESIAN_POINT ( 'NONE',  ( 0.7561699984308216660, 0.7699999999999997957, 0.6170893030102108101 ) ) ;
#5793 = ORIENTED_EDGE ( 'NONE', *, *, #4534, .T. ) ;
#5794 = CARTESIAN_POINT ( 'NONE',  ( -1.421341463414633077, 0.7699999999999997957, 1.500000000000000444 ) ) ;
#5795 = EDGE_CURVE ( 'NONE', #1194, #5653, #3557, .T. ) ;
#5796 = CARTESIAN_POINT ( 'NONE',  ( 0.2582879572076157149, 0.7699999999999997957, -0.6368431279601127759 ) ) ;
#5797 = LINE ( 'NONE', #1659, #4475 ) ;
#5798 = CARTESIAN_POINT ( 'NONE',  ( 0.4448711921284079773, 0.7600000000000001199, 1.103530555674704816 ) ) ;
#5799 = FACE_OUTER_BOUND ( 'NONE', #4745, .T. ) ;
#5800 = CARTESIAN_POINT ( 'NONE',  ( -2.450000000000001066, 0.7599999999999997868, -7.507433137598514605 ) ) ;
#5801 = EDGE_CURVE ( 'NONE', #3204, #831, #5410, .T. ) ;
#5802 = CARTESIAN_POINT ( 'NONE',  ( 1.497084569858340819, 0.7599999999999994538, 0.6531183107083952111 ) ) ;
#5803 = CARTESIAN_POINT ( 'NONE',  ( -0.7671727412946347524, 0.7699999999999997957, 1.510748063659492102 ) ) ;
#5804 = DIRECTION ( 'NONE',  ( 0.7071067811865463515, -0.7071067811865487940, -0.000000000000000000 ) ) ;
#5805 = ORIENTED_EDGE ( 'NONE', *, *, #3342, .F. ) ;
#5806 = CARTESIAN_POINT ( 'NONE',  ( 0.6038424021324606539, 0.7599999999999997868, -1.503873276446034968 ) ) ;
#5807 = EDGE_LOOP ( 'NONE', ( #2229, #2902, #3944, #1611 ) ) ;
#5808 = CARTESIAN_POINT ( 'NONE',  ( -3.000000000000000000, -2.449293598294706414E-16, 2.600000000000000089 ) ) ;
#5809 = VERTEX_POINT ( 'NONE', #3045 ) ;
#5810 = CARTESIAN_POINT ( 'NONE',  ( 0.7953620381548925922, 0.7599999999999997868, 1.098383957097402330 ) ) ;
#5811 = CARTESIAN_POINT ( 'NONE',  ( -1.293224430140339054, 0.7599999999999997868, -0.3052017748453165757 ) ) ;
#5812 = CARTESIAN_POINT ( 'NONE',  ( 1.294822128129838656, 0.7599999999999997868, 0.6887482517233337598 ) ) ;
#5813 = CARTESIAN_POINT ( 'NONE',  ( -0.4306485298155332542, 0.7599999999999997868, -0.8557455865011125429 ) ) ;
#5814 = VECTOR ( 'NONE', #4468, 1000.000000000000000 ) ;
#5815 = EDGE_LOOP ( 'NONE', ( #148, #4141, #3054, #5646 ) ) ;
#5816 = ORIENTED_EDGE ( 'NONE', *, *, #2987, .T. ) ;
#5818 = PLANE ( 'NONE',  #1307 ) ;
#5817 = DIRECTION ( 'NONE',  ( -0.000000000000000000, 1.000000000000000000, -0.000000000000000000 ) ) ;
#5819 = VECTOR ( 'NONE', #3814, 1000.000000000000000 ) ;
#5820 = ADVANCED_FACE ( 'NONE', ( #3103 ), #3612, .T. ) ;
#5821 = CARTESIAN_POINT ( 'NONE',  ( 0.6003253500545988608, 0.7699999999999997957, 1.411463576694295119 ) ) ;
#5822 = CARTESIAN_POINT ( 'NONE',  ( 0.8627593063717777788, 0.7699999999999997957, 0.7340620972096608687 ) ) ;
#5823 = LINE ( 'NONE', #5016, #5850 ) ;
#5824 = EDGE_CURVE ( 'NONE', #2422, #2876, #12, .T. ) ;
#5825 = CARTESIAN_POINT ( 'NONE',  ( 0.3278181400210381513, 0.7599999999999997868, 1.168417697036874703 ) ) ;
#5826 = CARTESIAN_POINT ( 'NONE',  ( 1.160275842694846071, 0.7599999999999997868, 1.274815124306817538 ) ) ;
#5827 = DIRECTION ( 'NONE',  ( -0.000000000000000000, 0.000000000000000000, 1.000000000000000000 ) ) ;
#5828 = CARTESIAN_POINT ( 'NONE',  ( -0.7116121143663569626, 0.7699999999999997957, 1.052643708258060418 ) ) ;
#5829 = ORIENTED_EDGE ( 'NONE', *, *, #5779, .T. ) ;
#5830 = FACE_OUTER_BOUND ( 'NONE', #3404, .T. ) ;
#5831 = CARTESIAN_POINT ( 'NONE',  ( 1.015823280089624081, 0.7599999999999997868, 1.011410105044662888 ) ) ;
#5832 = B_SPLINE_CURVE_WITH_KNOTS ( 'NONE', 3,
 ( #299, #3495, #3100, #33, #779, #4467, #1865, #3042, #2139, #960, #1411, #3251, #4886, #2169, #2203, #2626, #5821, #748, #2597 ),
 .UNSPECIFIED., .F., .F.,
 ( 4, 1, 1, 1, 1, 1, 1, 1, 1, 1, 1, 1, 1, 1, 1, 1, 4 ),
 ( 0.000000000000000000, 0.09697942603676404372, 0.1881792242325920905, 0.2729478490636775834, 0.3518960118323618547, 0.4254998963396902645, 0.4932977494323596002, 0.5564930178660324467, 0.6144896589205335324, 0.6688315566574661863, 0.7193994760383194409, 0.7674305292249515853, 0.8133638072036849520, 0.8583580849957380687, 0.9039393915510371968, 0.9508273802187597878, 0.9999999999999998890 ),
 .UNSPECIFIED. ) ;
#5833 = CARTESIAN_POINT ( 'NONE',  ( 0.2050376051931377119, 0.7599999999999997868, -1.503873276446153762 ) ) ;
#5834 = CARTESIAN_POINT ( 'NONE',  ( 0.6038424021324606539, 0.7599999999999997868, -1.503873276446034968 ) ) ;
#5835 = VERTEX_POINT ( 'NONE', #3292 ) ;
#5836 = DIRECTION ( 'NONE',  ( 0.000000000000000000, 1.000000000000000000, 0.000000000000000000 ) ) ;
#5837 = ORIENTED_EDGE ( 'NONE', *, *, #2968, .T. ) ;
#5838 = CARTESIAN_POINT ( 'NONE',  ( -0.4161586046540788897, 0.7599999999999996758, 1.160056088506455696 ) ) ;
#5839 = DIRECTION ( 'NONE',  ( -0.000000000000000000, 1.000000000000000000, -0.000000000000000000 ) ) ;
#5840 = ORIENTED_EDGE ( 'NONE', *, *, #5771, .F. ) ;
#5841 = CARTESIAN_POINT ( 'NONE',  ( 0.6285447678053383003, 0.7599999999999997868, 1.411941921835430547 ) ) ;
#5842 = CARTESIAN_POINT ( 'NONE',  ( 0.7722979666162598233, 0.7599999999999997868, 0.8323696326485687802 ) ) ;
#5843 = CARTESIAN_POINT ( 'NONE',  ( 0.7901147325431602253, 0.7699999999999997957, 0.9318680891461760263 ) ) ;
#5844 = DIRECTION ( 'NONE',  ( 0.000000000000000000, -1.000000000000000000, 0.000000000000000000 ) ) ;
#5845 = EDGE_CURVE ( 'NONE', #2322, #5671, #4595, .T. ) ;
#5846 = EDGE_LOOP ( 'NONE', ( #5837, #1788, #2883, #1166 ) ) ;
#5847 = ORIENTED_EDGE ( 'NONE', *, *, #4596, .T. ) ;
#5849 = CARTESIAN_POINT ( 'NONE',  ( -0.7653695533823274832, 0.7699999999999997957, 1.411850060142924468 ) ) ;
#5848 = CARTESIAN_POINT ( 'NONE',  ( 1.056675442213708127, 0.7699999999999997957, 1.333933062788915436 ) ) ;
#5850 = VECTOR ( 'NONE', #1684, 1000.000000000000000 ) ;
#5851 = VECTOR ( 'NONE', #1144, 1000.000000000000000 ) ;
#5852 = CARTESIAN_POINT ( 'NONE',  ( -1.495932705746868541, 0.7599999999999997868, -1.258020211424584645 ) ) ;
#5853 = CARTESIAN_POINT ( 'NONE',  ( 0.6977081585743125647, 0.7699999999999997957, 0.5955939372084153582 ) ) ;
#5854 = DIRECTION ( 'NONE',  ( -0.6880188545944715406, 0.000000000000000000, 0.7256928108521617515 ) ) ;
#5855 = VECTOR ( 'NONE', #1838, 1000.000000000000000 ) ;
#5856 = CARTESIAN_POINT ( 'NONE',  ( 0.5780739532428117444, 0.7599999999999997868, 1.510102841502850568 ) ) ;
#5857 = CARTESIAN_POINT ( 'NONE',  ( 1.136097700822253920, 0.7599999999999997868, 1.076127118445245001 ) ) ;
#5858 = CARTESIAN_POINT ( 'NONE',  ( 0.5611405275965332118, 0.7699999999999997957, 1.400397734626948054 ) ) ;
#5859 = VECTOR ( 'NONE', #5157, 1000.000000000000000 ) ;
#5860 = DIRECTION ( 'NONE',  ( -0.000000000000000000, 1.000000000000000000, -0.000000000000000000 ) ) ;
#5861 = ORIENTED_EDGE ( 'NONE', *, *, #2148, .F. ) ;
#5862 = CARTESIAN_POINT ( 'NONE',  ( 3.000000000000000000, 0.2699999999999987965, 2.600000000000000089 ) ) ;
#5863 = EDGE_CURVE ( 'NONE', #2876, #1931, #491, .T. ) ;
#5864 = LINE ( 'NONE', #5050, #5188 ) ;
#5865 = CARTESIAN_POINT ( 'NONE',  ( 0.9916545292830794001, 0.7699999999999997957, -1.025179901899849089 ) ) ;
#5866 = DIRECTION ( 'NONE',  ( -1.000000000000000000, 0.000000000000000000, 0.000000000000000000 ) ) ;
#5867 = ORIENTED_EDGE ( 'NONE', *, *, #3670, .T. ) ;
#5868 = DIRECTION ( 'NONE',  ( -0.000000000000000000, 1.000000000000000000, -0.000000000000000000 ) ) ;
#5869 = ORIENTED_EDGE ( 'NONE', *, *, #411, .F. ) ;
#5870 = CARTESIAN_POINT ( 'NONE',  ( -0.4226931561142197591, 0.7599999999999996758, 1.132474037345835738 ) ) ;
#5871 = PLANE ( 'NONE',  #617 ) ;
#5872 = LINE ( 'NONE', #3119, #3445 ) ;
#5873 = CARTESIAN_POINT ( 'NONE',  ( 1.389171573208458632, 0.7599999999999997868, 0.5955939372084155803 ) ) ;
#5874 = EDGE_LOOP ( 'NONE', ( #3193, #4543, #1527, #2055 ) ) ;
#5875 = LINE ( 'NONE', #1378, #3932 ) ;
#5876 = DIRECTION ( 'NONE',  ( 1.000000000000000000, 0.000000000000000000, 0.000000000000000000 ) ) ;
#5877 = B_SPLINE_SURFACE_WITH_KNOTS ( 'NONE', 3, 1, ( 
 ( #2795, #526 ),
 ( #4178, #4635 ),
 ( #977, #2430 ),
 ( #3811, #1916 ),
 ( #2338, #5654 ),
 ( #1945, #2370 ),
 ( #5146, #2306 ),
 ( #5048, #3757 ),
 ( #498, #914 ),
 ( #4209, #4602 ),
 ( #1397, #1003 ),
 ( #49, #4148 ),
 ( #2856, #3237 ),
 ( #1884, #84 ),
 ( #1853, #3692 ),
 ( #4695, #3725 ),
 ( #5537, #553 ),
 ( #2403, #4242 ),
 ( #113, #5081 ) ),
 .UNSPECIFIED., .F., .F., .F.,
 ( 4, 1, 1, 1, 1, 1, 1, 1, 1, 1, 1, 1, 1, 1, 1, 1, 4 ),
 ( 2, 2 ),
 ( 0.000000000000000000, 0.08829866488758453258, 0.1715816486951412534, 0.2498374791233697323, 0.3232753391420543077, 0.3921990571588465091, 0.4570716549120229510, 0.5186455553380353578, 0.5772252143893135123, 0.6329030372420449968, 0.6861629873803783974, 0.7375784249476727839, 0.7882479333229812646, 0.8388632119074628246, 0.8907001903365865392, 0.9439601404749200508, 0.9999999999999998890 ),
 ( 0.000000000000000000, 1.000000000000000000 ),
 .UNSPECIFIED. ) ;
#5878 = ORIENTED_EDGE ( 'NONE', *, *, #4700, .T. ) ;
#5879 = CIRCLE ( 'NONE', #1447, 0.2000000000000000944 ) ;
#5880 = ORIENTED_EDGE ( 'NONE', *, *, #5752, .T. ) ;
#5882 = FACE_OUTER_BOUND ( 'NONE', #1002, .T. ) ;
#5881 = CARTESIAN_POINT ( 'NONE',  ( -0.9047503845797499888, 0.7599999999999997868, 1.056392184487506603 ) ) ;
#5883 = PLANE ( 'NONE',  #4223 ) ;
#5884 = CARTESIAN_POINT ( 'NONE',  ( 0.1766575670847883583, 0.7599999999999997868, -1.199375013914542487 ) ) ;
#5885 = CARTESIAN_POINT ( 'NONE',  ( -1.293224430140063719, 0.7699999999999997957, -1.559704639558324502 ) ) ;
#5886 = CARTESIAN_POINT ( 'NONE',  ( 0.5168805657015596022, 0.7599999999999997868, 1.495735846669839164 ) ) ;
#5887 = LINE ( 'NONE', #1173, #3707 ) ;
#5888 = CC_DESIGN_APPROVAL ( #2986, ( #2513 ) ) ;
#5889 = DIRECTION ( 'NONE',  ( -0.000000000000000000, -1.000000000000000000, -0.000000000000000000 ) ) ;
#5890 = CARTESIAN_POINT ( 'NONE',  ( -0.6657367439744299453, 0.7599999999999997868, 1.061275325714628570 ) ) ;
#5891 = EDGE_LOOP ( 'NONE', ( #2547, #3121, #817, #5672 ) ) ;
#5892 = CARTESIAN_POINT ( 'NONE',  ( 0.6376500961620604757, 0.7599999999999997868, -1.199375013914682153 ) ) ;
#5893 = CARTESIAN_POINT ( 'NONE',  ( 1.190453123164000537, 0.7599999999999997868, 0.6187485234774025011 ) ) ;
#5894 = CARTESIAN_POINT ( 'NONE',  ( 1.160275842694846071, 0.7699999999999997957, 1.274815124306817538 ) ) ;
#5895 = LINE ( 'NONE', #309, #1184 ) ;
#5896 = VERTEX_POINT ( 'NONE', #5500 ) ;
#5897 = FACE_OUTER_BOUND ( 'NONE', #3236, .T. ) ;
#5898 = VERTEX_POINT ( 'NONE', #425 ) ;
#5899 = LINE ( 'NONE', #5392, #4512 ) ;
#5900 = CARTESIAN_POINT ( 'NONE',  ( 0.3538585603580438610, 0.7599999999999997868, 0.8180046116497661224 ) ) ;
#5901 = CARTESIAN_POINT ( 'NONE',  ( 0.7795839572738867407, 0.7599999999999997868, 0.8626457217306293668 ) ) ;
#5902 = ORIENTED_EDGE ( 'NONE', *, *, #4029, .F. ) ;
#5903 = CARTESIAN_POINT ( 'NONE',  ( 0.7957317073170735444, 0.7699999999999997957, 1.056173780487805081 ) ) ;
#5904 = LINE ( 'NONE', #3675, #1081 ) ;
#5905 = ORIENTED_EDGE ( 'NONE', *, *, #2289, .T. ) ;
#5906 = EDGE_LOOP ( 'NONE', ( #2127, #3648, #3491, #1600, #2453, #4423 ) ) ;
#5907 = EDGE_CURVE ( 'NONE', #4649, #3207, #1910, .T. ) ;
#5908 = ORIENTED_EDGE ( 'NONE', *, *, #3670, .F. ) ;
#5910 = CARTESIAN_POINT ( 'NONE',  ( -1.014160713550104953, 0.7599999999999997868, -1.446262896613181193 ) ) ;
#5909 = CARTESIAN_POINT ( 'NONE',  ( 1.588590266922826899, 0.7699999999999997957, 1.244611501610420889 ) ) ;
#5911 = DIRECTION ( 'NONE',  ( -1.574469197458188114E-14, 0.000000000000000000, -1.000000000000000000 ) ) ;
#5912 = DIRECTION ( 'NONE',  ( -0.000000000000000000, -1.000000000000000000, -0.000000000000000000 ) ) ;
#5913 = CARTESIAN_POINT ( 'NONE',  ( -0.7671727412946347524, 0.7599999999999997868, 1.510748063659492102 ) ) ;
#5914 = ADVANCED_FACE ( 'NONE', ( #1846 ), #5140, .F. ) ;
#5915 = AXIS2_PLACEMENT_3D ( 'NONE', #5634, #589, #2891 ) ;
#5916 = CARTESIAN_POINT ( 'NONE',  ( -1.014160713550104953, 0.7599999999999997868, -1.648971172219937387 ) ) ;
#5917 = CARTESIAN_POINT ( 'NONE',  ( 0.5825880408328288906, 0.7599999999999997868, 0.6930163764281567218 ) ) ;
#5918 = DIRECTION ( 'NONE',  ( 1.000000000000000000, 0.000000000000000000, 0.000000000000000000 ) ) ;
#5919 = VERTEX_POINT ( 'NONE', #2299 ) ;
#5920 = DIRECTION ( 'NONE',  ( -0.000000000000000000, 1.000000000000000000, -0.000000000000000000 ) ) ;
#5921 = DIRECTION ( 'NONE',  ( 2.024313492015265518E-14, 0.000000000000000000, 1.000000000000000000 ) ) ;
#5922 = CARTESIAN_POINT ( 'NONE',  ( 1.135975609756098015, 0.7699999999999997957, 1.062004573170732158 ) ) ;
#5923 = DIRECTION ( 'NONE',  ( -1.000000000000000000, 0.000000000000000000, 0.000000000000000000 ) ) ;
#5924 = CARTESIAN_POINT ( 'NONE',  ( -1.081097560975608385, 0.7599999999999997868, 0.6987804878048793356 ) ) ;
#5925 = ORIENTED_EDGE ( 'NONE', *, *, #5559, .F. ) ;
#5926 = DIRECTION ( 'NONE',  ( 0.7127916838674055455, 0.000000000000000000, -0.7013758018419715690 ) ) ;
#5927 = VECTOR ( 'NONE', #587, 1000.000000000000000 ) ;
#5928 = EDGE_CURVE ( 'NONE', #2895, #2492, #2753, .T. ) ;
#5929 = CARTESIAN_POINT ( 'NONE',  ( 1.463761381250406224, 0.7599999999999995648, 0.8323696326485686692 ) ) ;
#5930 = EDGE_CURVE ( 'NONE', #4099, #1585, #5564, .T. ) ;
#5931 = CARTESIAN_POINT ( 'NONE',  ( 0.7002156270776986879, 0.7699999999999997957, 0.7103779437168882271 ) ) ;
#5932 = AXIS2_PLACEMENT_3D ( 'NONE', #2865, #593, #3736 ) ;
#5933 = EDGE_LOOP ( 'NONE', ( #5607, #2999, #312, #5549 ) ) ;
#5934 = CARTESIAN_POINT ( 'NONE',  ( 0.7932390734716167069, 0.7699999999999997957, 0.9707836246393392043 ) ) ;
#5935 = CARTESIAN_POINT ( 'NONE',  ( 0.9164634146341466003, 0.7699999999999997957, 1.046227134146341387 ) ) ;
#5936 = EDGE_CURVE ( 'NONE', #211, #5058, #4235, .T. ) ;
#5937 = ORIENTED_EDGE ( 'NONE', *, *, #2148, .T. ) ;
#5938 = EDGE_CURVE ( 'NONE', #1531, #445, #4566, .T. ) ;
#5939 = VERTEX_POINT ( 'NONE', #5017 ) ;
#5940 = ORIENTED_EDGE ( 'NONE', *, *, #1903, .T. ) ;
#5942 = FACE_OUTER_BOUND ( 'NONE', #1057, .T. ) ;
#5941 = CARTESIAN_POINT ( 'NONE',  ( 1.272779648922131024, 0.7599999999999997868, -0.3052017748453783041 ) ) ;
#5943 = EDGE_CURVE ( 'NONE', #3617, #1323, #3718, .T. ) ;
#5944 = CARTESIAN_POINT ( 'NONE',  ( -0.4118354771941905579, 0.7699999999999997957, 1.230425988178434960 ) ) ;
#5945 = CARTESIAN_POINT ( 'NONE',  ( 1.286791031695675214, 0.7699999999999997957, 0.5900135335349343535 ) ) ;
#5946 = AXIS2_PLACEMENT_3D ( 'NONE', #2864, #5580, #2802 ) ;
#5947 = LINE ( 'NONE', #2395, #5187 ) ;
#5948 = CARTESIAN_POINT ( 'NONE',  ( -1.014160713550104953, 0.7599999999999997868, -0.8900080441008979548 ) ) ;
#5949 = DIRECTION ( 'NONE',  ( -0.000000000000000000, -1.000000000000000000, -0.000000000000000000 ) ) ;
#5950 = AXIS2_PLACEMENT_3D ( 'NONE', #422, #3498, #5346 ) ;
#5951 = CARTESIAN_POINT ( 'NONE',  ( -2.413866051317460570, 0.3032912362079218660, 2.600000000000000089 ) ) ;
#5952 = CARTESIAN_POINT ( 'NONE',  ( 1.463155328137120348, 0.7599999999999995648, 1.272453177102624400 ) ) ;
#5953 = EDGE_LOOP ( 'NONE', ( #3395, #463, #4436, #184 ) ) ;
#5954 = CARTESIAN_POINT ( 'NONE',  ( -0.5402815407792382896, 0.7699999999999997957, 1.169513634214981446 ) ) ;
#5955 = AXIS2_PLACEMENT_3D ( 'NONE', #4210, #1564, #3861 ) ;
#5956 = CARTESIAN_POINT ( 'NONE',  ( 1.034202554914229744, 0.7599999999999997868, 0.8610008260708161831 ) ) ;
#5957 = ORIENTED_EDGE ( 'NONE', *, *, #5744, .F. ) ;
#5958 = CARTESIAN_POINT ( 'NONE',  ( 1.476846647711975047, 0.7699999999999997957, 1.211187042981139328 ) ) ;
#5959 = LINE ( 'NONE', #502, #2745 ) ;
#5960 = EDGE_CURVE ( 'NONE', #2073, #1678, #5107, .T. ) ;
#5961 = FACE_OUTER_BOUND ( 'NONE', #4291, .T. ) ;
#5962 = ORIENTED_EDGE ( 'NONE', *, *, #5623, .F. ) ;
#5963 = EDGE_CURVE ( 'NONE', #2158, #4830, #5947, .T. ) ;
#5964 = DIRECTION ( 'NONE',  ( -0.7071067811865487940, -0.7071067811865463515, 0.000000000000000000 ) ) ;
#5965 = FACE_OUTER_BOUND ( 'NONE', #5735, .T. ) ;
#5966 = VECTOR ( 'NONE', #5519, 1000.000000000000000 ) ;
#5967 = AXIS2_PLACEMENT_3D ( 'NONE', #1124, #3902, #1661 ) ;
#5968 = EDGE_CURVE ( 'NONE', #658, #112, #107, .T. ) ;
#5969 = PLANE ( 'NONE',  #3331 ) ;
ENDSEC;
END-ISO-10303-21;
